{
  "wordRank": 1,
  "headWord": "sensible",
  "content": {
    "word": {
      "wordHead": "sensible",
      "wordId": "IELTSluan_2_1",
      "content": {
        "sentence": {
          "sentences": [
            {
              "sContent": "She seems very sensible.",
              "sCn": "她好像很明智。"
            },
            {
              "sContent": "sensible advice",
              "sCn": "合理的建议"
            },
            {
              "sContent": "It’s sensible to keep a note of your passport number.",
              "sCn": "把你的护照号码记下来是明智的。"
            },
            {
              "sContent": "Moving house seemed like the sensible thing to do .",
              "sCn": "搬家似乎是明智的做法。"
            }
          ],
          "desc": "例句"
        },
        "usphone": "'sɛnsəbl",
        "syno": {
          "synos": [
            {
              "pos": "adj",
              "tran": "明智的；明显的；意识到的；通晓事理的",
              "hwds": [
                {
                  "w": "obvious"
                },
                {
                  "w": "aware"
                },
                {
                  "w": "distinct"
                },
                {
                  "w": "wise"
                },
                {
                  "w": "visible"
                }
              ]
            }
          ],
          "desc": "同近"
        },
        "ukphone": "'sensɪb(ə)l",
        "ukspeech": "sensible&type=1",
        "star": 0,
        "phrase": {
          "phrases": [
            {
              "pContent": "sensible heat",
              "pCn": "显热；焓"
            },
            {
              "pContent": "sensible of",
              "pCn": "察觉；了解"
            }
          ],
          "desc": "短语"
        },
        "speech": "sensible",
        "remMethod": {
          "val": " sens(感觉) + ible(可…的) → 可感觉到的 → 合情理的",
          "desc": "记忆"
        },
        "relWord": {
          "rels": [
            {
              "pos": "adj",
              "words": [
                {
                  "hwd": "sensitive",
                  "tran": " 敏感的；[仪] 灵敏的；感光的；易受伤害的"
                },
                {
                  "hwd": "senseless",
                  "tran": " 愚蠢的；无知觉的；无意识的"
                },
                {
                  "hwd": "sensing",
                  "tran": " 敏感的"
                },
                {
                  "hwd": "sensate",
                  "tran": " 可感觉的；知觉的"
                }
              ]
            },
            {
              "pos": "adv",
              "words": [
                {
                  "hwd": "sensibly",
                  "tran": " 明显地；容易感知地；聪明地"
                },
                {
                  "hwd": "sensitively",
                  "tran": " 敏感地；易感知地"
                },
                {
                  "hwd": "senselessly",
                  "tran": " 毫无知觉地；无意识地；不省人事地"
                }
              ]
            },
            {
              "pos": "n",
              "words": [
                {
                  "hwd": "sense",
                  "tran": " 感觉，官能；观念；道理；理智"
                },
                {
                  "hwd": "sensation",
                  "tran": " 感觉；轰动；感动"
                },
                {
                  "hwd": "sensitivity",
                  "tran": " 敏感；敏感性；过敏"
                },
                {
                  "hwd": "sensibility",
                  "tran": " 情感；敏感性；感觉；识别力"
                },
                {
                  "hwd": "sensing",
                  "tran": " 传感；感觉；测知"
                },
                {
                  "hwd": "sensationalist",
                  "tran": " 感觉论者"
                }
              ]
            },
            {
              "pos": "v",
              "words": [
                {
                  "hwd": "sensing",
                  "tran": " 感觉，了解（sense的现在分词）"
                }
              ]
            },
            {
              "pos": "vi",
              "words": [
                {
                  "hwd": "sensitise",
                  "tran": " 变得敏感（等于sensitize）"
                }
              ]
            },
            {
              "pos": "vt",
              "words": [
                {
                  "hwd": "sense",
                  "tran": " 感觉到；检测"
                },
                {
                  "hwd": "sensibilize",
                  "tran": " 使感觉敏锐"
                },
                {
                  "hwd": "sensitise",
                  "tran": " 使敏感（等于sensitize）"
                }
              ]
            }
          ],
          "desc": "同根"
        },
        "usspeech": "sensible&type=2",
        "trans": [
          {
            "tranCn": "可感觉的；明智的",
            "descOther": "英释",
            "descCn": "中释",
            "pos": "adj",
            "tranOther": "reasonable, practical, and showing good judgment"
          }
        ]
      }
    }
  },
  "bookId": "IELTSluan_2"
}