{
  "wordRank": 10,
  "headWord": "precedent",
  "content": {
    "word": {
      "wordHead": "precedent",
      "wordId": "IELTSluan_2_10",
      "content": {
        "sentence": {
          "sentences": [
            {
              "sContent": "a legal precedent",
              "sCn": "判例"
            }
          ],
          "desc": "例句"
        },
        "usphone": "'prɛsɪdənt",
        "ukspeech": "precedent&type=1",
        "star": 0,
        "usspeech": "precedent&type=2",
        "syno": {
          "synos": [
            {
              "pos": "adj",
              "tran": "在前的；在先的",
              "hwds": [
                {
                  "w": "prior"
                },
                {
                  "w": "prius"
                }
              ]
            }
          ],
          "desc": "同近"
        },
        "ukphone": "'presɪd(ə)nt",
        "phrase": {
          "phrases": [
            {
              "pContent": "judicial precedent",
              "pCn": "司法判例"
            },
            {
              "pContent": "condition precedent",
              "pCn": "先决条件"
            },
            {
              "pContent": "conditions precedent",
              "pCn": "先决条件"
            }
          ],
          "desc": "短语"
        },
        "phone": "pri'si:dənt, 'presi-",
        "speech": "precedent",
        "remMethod": {
          "val": " pre(在…前面) + ced(走， 前进) + ent → 走在前面的 → 先例； 惯例",
          "desc": "记忆"
        },
        "relWord": {
          "rels": [
            {
              "pos": "adj",
              "words": [
                {
                  "hwd": "preceding",
                  "tran": " 在前的；前述的"
                },
                {
                  "hwd": "precedented",
                  "tran": " 有先例的"
                },
                {
                  "hwd": "precedential",
                  "tran": " 有先例的；优先的"
                }
              ]
            },
            {
              "pos": "n",
              "words": [
                {
                  "hwd": "precedence",
                  "tran": " 优先；居先"
                }
              ]
            },
            {
              "pos": "v",
              "words": [
                {
                  "hwd": "preceding",
                  "tran": " 在...之前（precede的ing形式）"
                }
              ]
            },
            {
              "pos": "vi",
              "words": [
                {
                  "hwd": "precede",
                  "tran": " 领先，在前面"
                }
              ]
            },
            {
              "pos": "vt",
              "words": [
                {
                  "hwd": "precede",
                  "tran": " 领先，在…之前；优于，高于"
                }
              ]
            }
          ],
          "desc": "同根"
        },
        "trans": [
          {
            "tranCn": "先例，前例",
            "descOther": "英释",
            "descCn": "中释",
            "pos": "n",
            "tranOther": "an action or official decision that can be used to give support to later actions or decisions"
          }
        ]
      }
    }
  },
  "bookId": "IELTSluan_2"
}