{
  "wordRank": 100,
  "headWord": "certify",
  "content": {
    "word": {
      "wordHead": "certify",
      "wordId": "IELTSluan_2_100",
      "content": {
        "sentence": {
          "sentences": [
            {
              "sContent": "The accounts were certified by an auditor.",
              "sCn": "这些账目经审计员核实过。"
            }
          ],
          "desc": "例句"
        },
        "usphone": "'sɝtə'fai",
        "syno": {
          "synos": [
            {
              "pos": "v",
              "tran": "证明；保证",
              "hwds": [
                {
                  "w": "seal of"
                },
                {
                  "w": "give evidence of"
                }
              ]
            }
          ],
          "desc": "同近"
        },
        "ukphone": "'sɜːtɪfaɪ",
        "ukspeech": "certify&type=1",
        "star": 0,
        "phone": "'sə:tifai",
        "speech": "certify",
        "remMethod": {
          "val": " cert(确认) + ify → 使得到确认 → 证明， 保证",
          "desc": "记忆"
        },
        "relWord": {
          "rels": [
            {
              "pos": "adj",
              "words": [
                {
                  "hwd": "certified",
                  "tran": " 被证明的；有保证的；具有证明文件的"
                },
                {
                  "hwd": "certificated",
                  "tran": " 具有证明文件的；立有证据的；业经证明的"
                },
                {
                  "hwd": "certifiable",
                  "tran": " 可证明的；可确认的；可保证的"
                }
              ]
            },
            {
              "pos": "n",
              "words": [
                {
                  "hwd": "certificate",
                  "tran": " 证书；执照，文凭"
                },
                {
                  "hwd": "certification",
                  "tran": " 证明，保证；检定"
                }
              ]
            },
            {
              "pos": "v",
              "words": [
                {
                  "hwd": "certified",
                  "tran": " 证明，证实；颁发合格证书（certify的过去分词形式）"
                }
              ]
            },
            {
              "pos": "vt",
              "words": [
                {
                  "hwd": "certificate",
                  "tran": " 发给证明书；以证书形式授权给…；用证书批准"
                }
              ]
            }
          ],
          "desc": "同根"
        },
        "usspeech": "certify&type=2",
        "trans": [
          {
            "tranCn": "(发给证书)证明",
            "descOther": "英释",
            "descCn": "中释",
            "pos": "v",
            "tranOther": "to state that something is correct or true, especially after some kind of test"
          }
        ]
      }
    }
  },
  "bookId": "IELTSluan_2"
}