{
  "wordRank": 1000,
  "headWord": "emphasize",
  "content": {
    "word": {
      "wordHead": "emphasize",
      "wordId": "IELTSluan_2_1000",
      "content": {
        "sentence": {
          "sentences": [
            {
              "sContent": "The report emphasizes the importance of improving safety standards.",
              "sCn": "报告强调了改进安全标准的重要性。"
            },
            {
              "sContent": "Logan made a speech emphasizing the need for more volunteers.",
              "sCn": "罗根发表演讲，强调需要更多的志愿者。"
            }
          ],
          "desc": "例句"
        },
        "usphone": "'ɛmfəsaɪz",
        "syno": {
          "synos": [
            {
              "pos": "vt",
              "tran": "强调，着重",
              "hwds": [
                {
                  "w": "stress"
                },
                {
                  "w": "highlight"
                }
              ]
            }
          ],
          "desc": "同近"
        },
        "ukphone": "'emfəsaɪz",
        "ukspeech": "emphasize&type=1",
        "star": 0,
        "phone": "'emfəsaiz",
        "speech": "emphasize",
        "relWord": {
          "rels": [
            {
              "pos": "n",
              "words": [
                {
                  "hwd": "emphasis",
                  "tran": " 重点；强调；加强语气"
                }
              ]
            },
            {
              "pos": "vt",
              "words": [
                {
                  "hwd": "emphasise",
                  "tran": " （英）强调；加强…的语气（等于emphasize ）"
                }
              ]
            }
          ],
          "desc": "同根"
        },
        "usspeech": "emphasize&type=2",
        "trans": [
          {
            "tranCn": "强调，加强的语气",
            "descOther": "英释",
            "descCn": "中释",
            "pos": "v",
            "tranOther": "to say something in a strong way"
          }
        ]
      }
    }
  },
  "bookId": "IELTSluan_2"
}