{
  "wordRank": 1001,
  "headWord": "plank",
  "content": {
    "word": {
      "wordHead": "plank",
      "wordId": "IELTSluan_2_1001",
      "content": {
        "sentence": {
          "sentences": [
            {
              "sContent": "a long plank of wood",
              "sCn": "一长条厚木板"
            },
            {
              "sContent": "a bridge made of planks",
              "sCn": "用厚木板搭成的桥"
            }
          ],
          "desc": "例句"
        },
        "usphone": "plæŋk",
        "syno": {
          "synos": [
            {
              "pos": "n",
              "tran": "[木]厚木板；支架；政纲条款",
              "hwds": [
                {
                  "w": "rest"
                },
                {
                  "w": "supporting stand"
                }
              ]
            }
          ],
          "desc": "同近"
        },
        "ukphone": "plæŋk",
        "ukspeech": "plank&type=1",
        "star": 0,
        "phrase": {
          "phrases": [
            {
              "pContent": "walk the plank",
              "pCn": "被迫离职；走跳板"
            }
          ],
          "desc": "短语"
        },
        "phone": "plæŋk",
        "speech": "plank",
        "relWord": {
          "rels": [
            {
              "pos": "n",
              "words": [
                {
                  "hwd": "planking",
                  "tran": " 铺板；板材"
                }
              ]
            },
            {
              "pos": "v",
              "words": [
                {
                  "hwd": "planking",
                  "tran": " 用力放下（plank的ing形式）"
                }
              ]
            }
          ],
          "desc": "同根"
        },
        "usspeech": "plank&type=2",
        "trans": [
          {
            "tranCn": "厚板，板材，地板",
            "descOther": "英释",
            "descCn": "中释",
            "pos": "n",
            "tranOther": "a long narrow piece of wooden board, used especially for making structures to walk on"
          }
        ]
      }
    }
  },
  "bookId": "IELTSluan_2"
}