{
  "wordRank": 1002,
  "headWord": "rig",
  "content": {
    "word": {
      "wordHead": "rig",
      "wordId": "IELTSluan_2_1002",
      "content": {
        "sentence": {
          "sentences": [
            {
              "sContent": "The ship was fully rigged and ready to sail.",
              "sCn": "船已装备就绪，等待起航。"
            }
          ],
          "desc": "例句"
        },
        "usphone": "rɪɡ",
        "ukspeech": "rig&type=1",
        "star": 0,
        "usspeech": "rig&type=2",
        "syno": {
          "synos": [
            {
              "pos": "n",
              "tran": "装备；钻探设备；服装；[船]帆装",
              "hwds": [
                {
                  "w": "equipment"
                },
                {
                  "w": "clothing"
                },
                {
                  "w": "arm"
                },
                {
                  "w": "garment"
                },
                {
                  "w": "wear"
                }
              ]
            },
            {
              "pos": "vt",
              "tran": "操纵；装配；装扮；装上索具",
              "hwds": [
                {
                  "w": "man"
                },
                {
                  "w": "guide"
                },
                {
                  "w": "manipulate"
                }
              ]
            }
          ],
          "desc": "同近"
        },
        "ukphone": "rɪg",
        "phrase": {
          "phrases": [
            {
              "pContent": "drilling rig",
              "pCn": "钻机，钻探装置"
            },
            {
              "pContent": "test rig",
              "pCn": "试验台；试验装置，试验设备"
            },
            {
              "pContent": "drill rig",
              "pCn": "钻机；凿岩机"
            },
            {
              "pContent": "oil rig",
              "pCn": "石油钻塔，油井设备"
            },
            {
              "pContent": "rotary drilling rig",
              "pCn": "旋转钻机"
            },
            {
              "pContent": "rig up",
              "pCn": "装配；草草做成"
            }
          ],
          "desc": "短语"
        },
        "phone": "riɡ",
        "speech": "rig",
        "remMethod": {
          "val": " 挖(dig)个洞把器械(rig)藏起来",
          "desc": "记忆"
        },
        "relWord": {
          "rels": [
            {
              "pos": "adj",
              "words": [
                {
                  "hwd": "rigged",
                  "tran": " 作弊的，以不正当手段操纵的"
                }
              ]
            },
            {
              "pos": "n",
              "words": [
                {
                  "hwd": "rigging",
                  "tran": " 索具，绳索；装备，传动装置"
                },
                {
                  "hwd": "rigger",
                  "tran": " 装配工；索具装配人；保护架"
                }
              ]
            },
            {
              "pos": "v",
              "words": [
                {
                  "hwd": "rigged",
                  "tran": " 操纵，控制（rig的过去分词）；给（船等）装配帆；仓促安排"
                }
              ]
            }
          ],
          "desc": "同根"
        },
        "trans": [
          {
            "tranCn": "给船装帆;为提供必要装备",
            "descOther": "英释",
            "descCn": "中释",
            "pos": "v",
            "tranOther": "to put ropes, sails etc on a ship"
          },
          {
            "tranCn": "成套设备",
            "descCn": "中释",
            "pos": "n"
          }
        ]
      }
    }
  },
  "bookId": "IELTSluan_2"
}