{
  "wordRank": 1003,
  "headWord": "pedal",
  "content": {
    "word": {
      "wordHead": "pedal",
      "wordId": "IELTSluan_2_1003",
      "content": {
        "sentence": {
          "sentences": [
            {
              "sContent": "She put her foot down on the accelerator pedal.",
              "sCn": "她踩下了油门踏板。"
            }
          ],
          "desc": "例句"
        },
        "usphone": "'pɛdl",
        "syno": {
          "synos": [
            {
              "pos": "vi",
              "tran": "踩踏板；骑车",
              "hwds": [
                {
                  "w": "ride bike"
                }
              ]
            },
            {
              "pos": "n",
              "tran": "踏板；脚蹬子",
              "hwds": [
                {
                  "w": "footplate"
                },
                {
                  "w": "treadboard"
                }
              ]
            },
            {
              "pos": "vt",
              "tran": "骑（自行车）；踩……的踏板",
              "hwds": [
                {
                  "w": "ride"
                }
              ]
            }
          ],
          "desc": "同近"
        },
        "ukphone": "'ped(ə)l",
        "ukspeech": "pedal&type=1",
        "star": 0,
        "phrase": {
          "phrases": [
            {
              "pContent": "brake pedal",
              "pCn": "刹车踏板；制动踏板"
            },
            {
              "pContent": "foot pedal",
              "pCn": "脚踏开关"
            },
            {
              "pContent": "accelerator pedal",
              "pCn": "（汽车等的）油门踏板；[机]加速踏板"
            },
            {
              "pContent": "gas pedal",
              "pCn": "（美）油门；加速器；汽车加速踏板"
            },
            {
              "pContent": "clutch pedal",
              "pCn": "离合器踏板；离合皮板"
            }
          ],
          "desc": "短语"
        },
        "phone": "'pedl",
        "speech": "pedal",
        "remMethod": {
          "val": " ped(脚) + al → 脚踏的东西 → 踏板",
          "desc": "记忆"
        },
        "usspeech": "pedal&type=2",
        "trans": [
          {
            "tranCn": "脚噔，踏板；踩踏板",
            "descOther": "英释",
            "descCn": "中释",
            "pos": "n&v",
            "tranOther": "one of the two parts of a bicycle that you push round with your feet to make the bicycle go forward"
          }
        ]
      }
    }
  },
  "bookId": "IELTSluan_2"
}