{
  "wordRank": 1004,
  "headWord": "inert",
  "content": {
    "word": {
      "wordHead": "inert",
      "wordId": "IELTSluan_2_1004",
      "content": {
        "sentence": {
          "sentences": [
            {
              "sContent": "inert gases",
              "sCn": "惰性气体"
            }
          ],
          "desc": "例句"
        },
        "usphone": "ɪ'nɝt",
        "syno": {
          "synos": [
            {
              "pos": "adj",
              "tran": "[化学]惰性的；呆滞的；迟缓的；无效的",
              "hwds": [
                {
                  "w": "noble"
                },
                {
                  "w": "useless"
                }
              ]
            }
          ],
          "desc": "同近"
        },
        "ukphone": "ɪ'nɜːt",
        "ukspeech": "inert&type=1",
        "star": 0,
        "phrase": {
          "phrases": [
            {
              "pContent": "inert gas",
              "pCn": "惰性气体"
            },
            {
              "pContent": "inert atmosphere",
              "pCn": "惰性气氛"
            }
          ],
          "desc": "短语"
        },
        "phone": "i'nə:t",
        "speech": "inert",
        "relWord": {
          "rels": [
            {
              "pos": "n",
              "words": [
                {
                  "hwd": "inertness",
                  "tran": " 惰性；无生命力；不活泼"
                }
              ]
            }
          ],
          "desc": "同根"
        },
        "usspeech": "inert&type=2",
        "trans": [
          {
            "tranCn": "无活动能力的；惰性的",
            "descOther": "英释",
            "descCn": "中释",
            "pos": "adj",
            "tranOther": "not producing a chemical reaction when combined with other substances"
          }
        ]
      }
    }
  },
  "bookId": "IELTSluan_2"
}