{
  "wordRank": 1005,
  "headWord": "tactic",
  "content": {
    "word": {
      "wordHead": "tactic",
      "wordId": "IELTSluan_2_1005",
      "content": {
        "sentence": {
          "sentences": [
            {
              "sContent": "You have probably heard of this tactic before.",
              "sContent_eng": "You have probably heard of this <b>tactic</b> before.",
              "sSpeech": "You+have+probably+heard+of+this+tactic+before.&le=eng",
              "sCn": "你以前也可能听说过这个策略。"
            },
            {
              "sContent": "I used every weapon and tactic I could think of.",
              "sContent_eng": "I used every weapon and <b>tactic</b> I could think of.",
              "sSpeech": "I+used+every+weapon+and+tactic+I+could+think+of.&le=eng",
              "sCn": "我用了我能想到的每一种武器和战术。"
            },
            {
              "sContent": "Over the next few months, however, that tactic will be difficult to sustain.",
              "sContent_eng": "Over the next few months, however, that <b>tactic</b> will be difficult to sustain.",
              "sSpeech": "Over+the+next+few+months%2C+however%2C+that+tactic+will+be+difficult+to+sustain.&le=eng",
              "sCn": "然而在接下去的几个月这个策略将很难维持下去。"
            }
          ],
          "desc": "例句"
        },
        "usphone": "'tæktɪk",
        "syno": {
          "synos": [
            {
              "pos": "n",
              "tran": "策略，战略",
              "hwds": [
                {
                  "w": "strategy"
                },
                {
                  "w": "device"
                }
              ]
            }
          ],
          "desc": "同近"
        },
        "ukphone": "'tæktɪk",
        "ukspeech": "tactic&type=1",
        "star": 0,
        "phone": "'tæktik",
        "speech": "tactic",
        "relWord": {
          "rels": [
            {
              "pos": "adj",
              "words": [
                {
                  "hwd": "tactical",
                  "tran": " 战术的；策略的；善于策略的"
                }
              ]
            },
            {
              "pos": "adv",
              "words": [
                {
                  "hwd": "tactically",
                  "tran": " 战术性地；策略高明地"
                }
              ]
            },
            {
              "pos": "n",
              "words": [
                {
                  "hwd": "tactics",
                  "tran": " 策略；战术；用兵学"
                }
              ]
            }
          ],
          "desc": "同根"
        },
        "usspeech": "tactic&type=2",
        "trans": [
          {
            "tranCn": "策略；战术",
            "descCn": "中释",
            "pos": "n"
          }
        ]
      }
    }
  },
  "bookId": "IELTSluan_2"
}