{
  "wordRank": 1006,
  "headWord": "plague",
  "content": {
    "word": {
      "wordHead": "plague",
      "wordId": "IELTSluan_2_1006",
      "content": {
        "sentence": {
          "sentences": [
            {
              "sContent": "drops in population levels due to plagues and famines",
              "sCn": "瘟疫和饥荒造成的人口水平下降"
            }
          ],
          "desc": "例句"
        },
        "usphone": "pleɡ",
        "syno": {
          "synos": [
            {
              "pos": "n",
              "tran": "[医]瘟疫；灾祸；麻烦；讨厌的人",
              "hwds": [
                {
                  "w": "disaster"
                },
                {
                  "w": "trouble"
                },
                {
                  "w": "headache"
                }
              ]
            },
            {
              "pos": "vt",
              "tran": "折磨；使苦恼；使得灾祸",
              "hwds": [
                {
                  "w": "harry"
                },
                {
                  "w": "worry"
                },
                {
                  "w": "trouble"
                },
                {
                  "w": "tear"
                },
                {
                  "w": "devil"
                }
              ]
            }
          ],
          "desc": "同近"
        },
        "ukphone": "pleɪg",
        "ukspeech": "plague&type=1",
        "star": 0,
        "phrase": {
          "phrases": [
            {
              "pContent": "bubonic plague",
              "pCn": "n. [医]黑死病"
            },
            {
              "pContent": "lung plague",
              "pCn": "牛肺疫，牛传染性胸膜肺炎"
            },
            {
              "pContent": "black plague",
              "pCn": "鼠疫；黑死病"
            },
            {
              "pContent": "great plague",
              "pCn": "n. 大瘟疫（指1665年流行于伦敦的鼠疫）"
            },
            {
              "pContent": "devouring plague",
              "pCn": "吞噬瘟疫（游戏中用语）"
            }
          ],
          "desc": "短语"
        },
        "phone": "pleiɡ",
        "speech": "plague",
        "relWord": {
          "rels": [
            {
              "pos": "adj",
              "words": [
                {
                  "hwd": "plaguy",
                  "tran": " 讨厌的；麻烦的"
                }
              ]
            },
            {
              "pos": "adv",
              "words": [
                {
                  "hwd": "plaguily",
                  "tran": " 讨厌地；烦恼地；极其"
                },
                {
                  "hwd": "plaguy",
                  "tran": " 非常地；达到可厌程度"
                }
              ]
            }
          ],
          "desc": "同根"
        },
        "usspeech": "plague&type=2",
        "trans": [
          {
            "tranCn": "瘟疫；麻烦，祸患",
            "descOther": "英释",
            "descCn": "中释",
            "pos": "n",
            "tranOther": "a disease that causes death and spreads quickly to a large number of people"
          }
        ]
      }
    }
  },
  "bookId": "IELTSluan_2"
}