{
  "wordRank": 1007,
  "headWord": "deserve",
  "content": {
    "word": {
      "wordHead": "deserve",
      "wordId": "IELTSluan_2_1007",
      "content": {
        "sentence": {
          "sentences": [
            {
              "sContent": "What have I done to deserve this?",
              "sCn": "我做了什么事，要得到这样的报应？"
            },
            {
              "sContent": "I’m sorry for the kids. They deserve better (= deserve to be treated in a better way ) .",
              "sCn": "我为这些孩子感到难过，他们应该过得更好。"
            },
            {
              "sContent": "Ledley deserves a place in the team.",
              "sCn": "莱德利应该在队里占有一席之地。"
            },
            {
              "sContent": "Paula deserves a special mention for all the help she has given us.",
              "sCn": "应该特别提一下葆拉，她给了我们许多帮助。"
            },
            {
              "sContent": "I would never hit anyone, even if they deserved it.",
              "sCn": "我决不会打人，哪怕他欠揍。"
            },
            {
              "sContent": "What has he done to deserve this punishment ?",
              "sCn": "他做了什么，竟会受到这样的惩罚？"
            },
            {
              "sContent": "People who are sent to prison for drunk-driving get what they deserve .",
              "sCn": "那些醉酒驾车被送进监狱的人是罪有应得的。"
            }
          ],
          "desc": "例句"
        },
        "usphone": "dɪ'zɝv",
        "syno": {
          "synos": [
            {
              "pos": "vi",
              "tran": "应受，应得",
              "hwds": [
                {
                  "w": "be deserving of"
                }
              ]
            },
            {
              "pos": "vt",
              "tran": "应受，应得",
              "hwds": [
                {
                  "w": "be deserving of"
                }
              ]
            }
          ],
          "desc": "同近"
        },
        "ukphone": "dɪ'zɜːv",
        "ukspeech": "deserve&type=1",
        "star": 0,
        "phone": "di'zə:v",
        "speech": "deserve",
        "remMethod": {
          "val": " de + serv(服务)  + e → 花钱享受应得的服务 → 应得； 值得",
          "desc": "记忆"
        },
        "relWord": {
          "rels": [
            {
              "pos": "adj",
              "words": [
                {
                  "hwd": "deserved",
                  "tran": " 应得的；理所当然的"
                },
                {
                  "hwd": "deserving",
                  "tran": " 值得的；应得的；有功的"
                }
              ]
            },
            {
              "pos": "adv",
              "words": [
                {
                  "hwd": "deservedly",
                  "tran": " 理所当然地；应得报酬地"
                }
              ]
            },
            {
              "pos": "v",
              "words": [
                {
                  "hwd": "deserved",
                  "tran": " 值得；应得；应受报答（deserve的过去分词）"
                },
                {
                  "hwd": "deserving",
                  "tran": " 值得；应得到（deserve的现在分词）"
                }
              ]
            }
          ],
          "desc": "同根"
        },
        "usspeech": "deserve&type=2",
        "trans": [
          {
            "tranCn": "应得，应受",
            "descOther": "英释",
            "descCn": "中释",
            "pos": "v",
            "tranOther": "to have earned something by good or bad actions or behaviour"
          }
        ]
      }
    }
  },
  "bookId": "IELTSluan_2"
}