{
  "wordRank": 1008,
  "headWord": "communication",
  "content": {
    "word": {
      "wordHead": "communication",
      "wordId": "IELTSluan_2_1008",
      "content": {
        "sentence": {
          "sentences": [
            {
              "sContent": "Good communication is vital in a large organization.",
              "sCn": "在大机构里良好的沟通是极为重要的。"
            },
            {
              "sContent": "Radio was the pilot’s only means of communication .",
              "sCn": "无线电是飞行员唯一的通信手段。"
            }
          ],
          "desc": "例句"
        },
        "usphone": "kə,mjunɪ'keʃən",
        "syno": {
          "synos": [
            {
              "pos": "n",
              "tran": "通讯，[通信]通信；交流",
              "hwds": [
                {
                  "w": "telecommunications"
                },
                {
                  "w": "exchange"
                }
              ]
            }
          ],
          "desc": "同近"
        },
        "ukphone": "kəmjuːnɪ'keɪʃ(ə)n",
        "ukspeech": "communication&type=1",
        "star": 0,
        "phrase": {
          "phrases": [
            {
              "pContent": "communication system",
              "pCn": "通信系统"
            },
            {
              "pContent": "communication with",
              "pCn": "与……交流；与……通讯"
            },
            {
              "pContent": "communication technology",
              "pCn": "通信技术"
            },
            {
              "pContent": "mobile communication",
              "pCn": "移动式通信"
            },
            {
              "pContent": "wireless communication",
              "pCn": "无线通信"
            },
            {
              "pContent": "communication network",
              "pCn": "通讯网络"
            },
            {
              "pContent": "communication skill",
              "pCn": "沟通技巧；传播技能"
            },
            {
              "pContent": "data communication",
              "pCn": "数据通信"
            },
            {
              "pContent": "network communication",
              "pCn": "网络通信，网络传播"
            },
            {
              "pContent": "serial communication",
              "pCn": "[计]串行通信"
            },
            {
              "pContent": "communication protocol",
              "pCn": "[计]通信协议"
            },
            {
              "pContent": "information communication",
              "pCn": "信息交流；信息通信"
            },
            {
              "pContent": "communication equipment",
              "pCn": "通信设备"
            },
            {
              "pContent": "international communication",
              "pCn": "国际交流；国际通信；国际传播"
            },
            {
              "pContent": "optical communication",
              "pCn": "光通信"
            },
            {
              "pContent": "cross-cultural communication",
              "pCn": "跨文化交际"
            },
            {
              "pContent": "intercultural communication",
              "pCn": "跨文化交流；跨文化沟通；国际文化交流"
            },
            {
              "pContent": "interpersonal communication",
              "pCn": "人际沟通；人际传播；人际交流"
            },
            {
              "pContent": "digital communication",
              "pCn": "数位通讯；数位传输"
            },
            {
              "pContent": "means of communication",
              "pCn": "通信手段"
            }
          ],
          "desc": "短语"
        },
        "speech": "communication",
        "relWord": {
          "rels": [
            {
              "pos": "adj",
              "words": [
                {
                  "hwd": "communicating",
                  "tran": " 交流的；通信的"
                },
                {
                  "hwd": "communicative",
                  "tran": " 交际的；爱说话的，健谈的；无隐讳交谈的"
                },
                {
                  "hwd": "communicant",
                  "tran": " 传达消息的"
                },
                {
                  "hwd": "communicational",
                  "tran": " 通信的；通讯的；交往的"
                },
                {
                  "hwd": "communicatory",
                  "tran": " 有关通信的"
                }
              ]
            },
            {
              "pos": "n",
              "words": [
                {
                  "hwd": "communicator",
                  "tran": " 传播者；发报机；通信员"
                },
                {
                  "hwd": "communicant",
                  "tran": " 通知者；报导者；领受圣餐者"
                },
                {
                  "hwd": "communicativeness",
                  "tran": " 交流；健谈；通信联络"
                }
              ]
            },
            {
              "pos": "v",
              "words": [
                {
                  "hwd": "communicating",
                  "tran": " 交流；传播（communicate的现在分词）；传递"
                }
              ]
            },
            {
              "pos": "vi",
              "words": [
                {
                  "hwd": "communicate",
                  "tran": " 通讯，传达；相通；感染"
                }
              ]
            },
            {
              "pos": "vt",
              "words": [
                {
                  "hwd": "communicate",
                  "tran": " 传达；感染；显露"
                }
              ]
            }
          ],
          "desc": "同根"
        },
        "usspeech": "communication&type=2",
        "trans": [
          {
            "tranCn": "通讯，交往，交流，传达的消息；交通",
            "descOther": "英释",
            "descCn": "中释",
            "pos": "n",
            "tranOther": "the process by which people exchange information or express their thoughts and feelings"
          }
        ]
      }
    }
  },
  "bookId": "IELTSluan_2"
}