{
  "wordRank": 1009,
  "headWord": "clinic",
  "content": {
    "word": {
      "wordHead": "clinic",
      "wordId": "IELTSluan_2_1009",
      "content": {
        "sentence": {
          "sentences": [
            {
              "sContent": "an appointment at an outpatient clinic",
              "sCn": "门诊预约"
            }
          ],
          "desc": "例句"
        },
        "usphone": "'klɪnɪk",
        "syno": {
          "synos": [
            {
              "pos": "n",
              "tran": "[临床]临床；诊所",
              "hwds": [
                {
                  "w": "ambulatorium"
                }
              ]
            }
          ],
          "desc": "同近"
        },
        "ukphone": "'klɪnɪk",
        "ukspeech": "clinic&type=1",
        "star": 0,
        "phrase": {
          "phrases": [
            {
              "pContent": "dental clinic",
              "pCn": "牙科诊所，牙科诊室；牙科门诊部"
            },
            {
              "pContent": "mayo clinic",
              "pCn": "梅约诊所（美国一家医院）"
            },
            {
              "pContent": "health clinic",
              "pCn": "卫生所；健康中心；保健室"
            },
            {
              "pContent": "outpatient clinic",
              "pCn": "门诊诊所"
            },
            {
              "pContent": "fever clinic",
              "pCn": "发烧筛检站；发烧门诊"
            }
          ],
          "desc": "短语"
        },
        "phone": "'klinik",
        "speech": "clinic",
        "relWord": {
          "rels": [
            {
              "pos": "adj",
              "words": [
                {
                  "hwd": "clinical",
                  "tran": " 临床的；诊所的"
                }
              ]
            },
            {
              "pos": "adv",
              "words": [
                {
                  "hwd": "clinically",
                  "tran": " 临床地；门诊部地；不偏不倚；通过临床诊断"
                }
              ]
            },
            {
              "pos": "n",
              "words": [
                {
                  "hwd": "clinician",
                  "tran": " 临床医生"
                }
              ]
            }
          ],
          "desc": "同根"
        },
        "usspeech": "clinic&type=2",
        "trans": [
          {
            "tranCn": "诊所，门诊所",
            "descOther": "英释",
            "descCn": "中释",
            "pos": "n",
            "tranOther": "a place, often in a hospital, where medical treatment is given to people who do not need to stay in the hospital"
          }
        ]
      }
    }
  },
  "bookId": "IELTSluan_2"
}