{
  "wordRank": 101,
  "headWord": "revenue",
  "content": {
    "word": {
      "wordHead": "revenue",
      "wordId": "IELTSluan_2_101",
      "content": {
        "sentence": {
          "sentences": [
            {
              "sContent": "advertising revenue",
              "sCn": "广告收入"
            },
            {
              "sContent": "Strikes have cost £20 million in lost revenues .",
              "sCn": "罢工造成的收入损失达到2,000万英镑。"
            }
          ],
          "desc": "例句"
        },
        "usphone": "'rɛvənu",
        "ukspeech": "revenue&type=1",
        "star": 0,
        "usspeech": "revenue&type=2",
        "syno": {
          "synos": [
            {
              "pos": "n",
              "tran": "税收，国家的收入；[会计]收益",
              "hwds": [
                {
                  "w": "taxes"
                },
                {
                  "w": "income"
                },
                {
                  "w": "proceeds"
                },
                {
                  "w": "yield"
                }
              ]
            }
          ],
          "desc": "同近"
        },
        "ukphone": "'revənjuː",
        "phrase": {
          "phrases": [
            {
              "pContent": "tax revenue",
              "pCn": "税收；赋税收入"
            },
            {
              "pContent": "sales revenue",
              "pCn": "产品销售收入"
            },
            {
              "pContent": "revenue and expenditure",
              "pCn": "收支"
            },
            {
              "pContent": "inland revenue",
              "pCn": "税务局；税收；国内税收"
            },
            {
              "pContent": "fiscal revenue",
              "pCn": "财政收入"
            },
            {
              "pContent": "source of revenue",
              "pCn": "收入来源"
            },
            {
              "pContent": "total revenue",
              "pCn": "总收入"
            },
            {
              "pContent": "internal revenue",
              "pCn": "国内税收"
            },
            {
              "pContent": "revenue sharing",
              "pCn": "收入分享"
            },
            {
              "pContent": "marginal revenue",
              "pCn": "边际收入，边际收益"
            },
            {
              "pContent": "revenue stream",
              "pCn": "收入来源；收益流"
            },
            {
              "pContent": "revenue income",
              "pCn": "收益"
            },
            {
              "pContent": "internal revenue service",
              "pCn": "（美国））国内收入署"
            },
            {
              "pContent": "annual revenue",
              "pCn": "岁入；年度收入"
            },
            {
              "pContent": "state revenue",
              "pCn": "财政收入"
            },
            {
              "pContent": "revenue bond",
              "pCn": "n. 收益公债券"
            },
            {
              "pContent": "net revenue",
              "pCn": "净收入；纯收入"
            },
            {
              "pContent": "revenue recognition",
              "pCn": "收入确认"
            },
            {
              "pContent": "revenue account",
              "pCn": "营业收入帐户；岁入帐；收益帐；进款帐"
            },
            {
              "pContent": "average revenue",
              "pCn": "平均收益"
            }
          ],
          "desc": "短语"
        },
        "phone": "'revənju:, -nu:",
        "speech": "revenue",
        "remMethod": {
          "val": " re(回) + ven(来) + ue → 回来的东西 → 收入",
          "desc": "记忆"
        },
        "relWord": {
          "rels": [
            {
              "pos": "n",
              "words": [
                {
                  "hwd": "revenuer",
                  "tran": " 税务官员；缉私船"
                }
              ]
            }
          ],
          "desc": "同根"
        },
        "trans": [
          {
            "tranCn": "(国家的)年收入；税收",
            "descOther": "英释",
            "descCn": "中释",
            "pos": "n",
            "tranOther": "money that a business or organization receives over a period of time, especially from selling goods or services"
          }
        ]
      }
    }
  },
  "bookId": "IELTSluan_2"
}