{
  "wordRank": 1010,
  "headWord": "nickel",
  "content": {
    "word": {
      "wordHead": "nickel",
      "wordId": "IELTSluan_2_1010",
      "content": {
        "sentence": {
          "sentences": [
            {
              "sContent": "...a large glass jar filled with pennies, nickels, dimes, and quarters.",
              "sCn": "…一个装满1分、5分、10分和25分硬币的大玻璃罐。"
            }
          ],
          "desc": "例句"
        },
        "usphone": "'nɪkl",
        "syno": {
          "synos": [
            {
              "pos": "n",
              "tran": "[化学]镍；镍币；五分镍币",
              "hwds": [
                {
                  "w": "Ni"
                },
                {
                  "w": "medio"
                }
              ]
            }
          ],
          "desc": "同近"
        },
        "ukphone": "'nɪk(ə)l",
        "ukspeech": "nickel&type=1",
        "star": 0,
        "phrase": {
          "phrases": [
            {
              "pContent": "nickel plating",
              "pCn": "[化]镀镍"
            },
            {
              "pContent": "nickel alloy",
              "pCn": "镍合金"
            },
            {
              "pContent": "nickel sulfate",
              "pCn": "[医]硫酸镍"
            },
            {
              "pContent": "nickel salt",
              "pCn": "镍盐；硫酸镍"
            },
            {
              "pContent": "nickel steel",
              "pCn": "n. [冶]镍钢"
            },
            {
              "pContent": "nickel sulphate",
              "pCn": "硫酸镍"
            },
            {
              "pContent": "nickel oxide",
              "pCn": "[化]氧化镍"
            },
            {
              "pContent": "pure nickel",
              "pCn": "纯镍"
            },
            {
              "pContent": "nickel plated",
              "pCn": "镀镍"
            },
            {
              "pContent": "nickel hydroxide",
              "pCn": "氢氧化镍"
            },
            {
              "pContent": "nickel ore",
              "pCn": "[矿]镍矿；[矿]镍矿石"
            },
            {
              "pContent": "nickel sulfide",
              "pCn": "硫化镍"
            },
            {
              "pContent": "copper nickel",
              "pCn": "铜镍矿；红砷镍矿"
            },
            {
              "pContent": "nickel silver",
              "pCn": "镍黄铜，德银"
            },
            {
              "pContent": "nickel free",
              "pCn": "不含镍"
            },
            {
              "pContent": "nickel chloride",
              "pCn": "[化]氯化镍"
            },
            {
              "pContent": "nickel carbonyl",
              "pCn": "羰基镍"
            },
            {
              "pContent": "nickel nitrate",
              "pCn": "硝酸镍"
            },
            {
              "pContent": "black nickel",
              "pCn": "黑色镍，黑镍色"
            }
          ],
          "desc": "短语"
        },
        "phone": "'nikəl",
        "speech": "nickel",
        "remMethod": {
          "val": " “你抠” → 连五分钱都舍不得给 → 五分镍币",
          "desc": "记忆"
        },
        "usspeech": "nickel&type=2",
        "trans": [
          {
            "tranCn": "[化]镍；美国五分镍币",
            "descOther": "英释",
            "descCn": "中释",
            "pos": "n",
            "tranOther": "a hard silver-white metal that is often combined with other metals, for example to make steel. It is a chemical element: symbol Ni"
          }
        ]
      }
    }
  },
  "bookId": "IELTSluan_2"
}