{
  "wordRank": 1011,
  "headWord": "orderly",
  "content": {
    "word": {
      "wordHead": "orderly",
      "wordId": "IELTSluan_2_1011",
      "content": {
        "sentence": {
          "sentences": [
            {
              "sContent": "She needs to organize her ideas in a more orderly way.",
              "sCn": "她需要把自己的想法组织得更有条理些。"
            }
          ],
          "desc": "例句"
        },
        "usphone": "'ɔrdɚli",
        "syno": {
          "synos": [
            {
              "pos": "adj",
              "tran": "有秩序的；整齐的；值班的",
              "hwds": [
                {
                  "w": "regular"
                },
                {
                  "w": "straight"
                }
              ]
            },
            {
              "pos": "n",
              "tran": "勤务兵；传令兵；护理员",
              "hwds": [
                {
                  "w": "batman"
                },
                {
                  "w": "lashkar"
                }
              ]
            },
            {
              "pos": "adv",
              "tran": "顺序地；依次地",
              "hwds": [
                {
                  "w": "seriatim"
                }
              ]
            }
          ],
          "desc": "同近"
        },
        "antos": {
          "anto": [
            {
              "hwd": "chaotic"
            }
          ],
          "desc": "反义"
        },
        "ukphone": "'ɔːd(ə)lɪ",
        "ukspeech": "orderly&type=1",
        "star": 0,
        "phone": "'ɔ:dəli",
        "speech": "orderly",
        "relWord": {
          "rels": [
            {
              "pos": "adj",
              "words": [
                {
                  "hwd": "ordered",
                  "tran": " [数] 有序的；整齐的；安排好的"
                }
              ]
            },
            {
              "pos": "n",
              "words": [
                {
                  "hwd": "order",
                  "tran": " 命令；顺序；规则；[贸易] 定单"
                },
                {
                  "hwd": "ordering",
                  "tran": " 订购；[计] 排序；[计] 定序"
                },
                {
                  "hwd": "orderliness",
                  "tran": " 整洁，整齐；秩序井然"
                }
              ]
            },
            {
              "pos": "v",
              "words": [
                {
                  "hwd": "ordered",
                  "tran": " 命令；点餐（order的过去式和过去分词）"
                },
                {
                  "hwd": "ordering",
                  "tran": " 订购（order的ing形式）；命令；指挥"
                }
              ]
            },
            {
              "pos": "vi",
              "words": [
                {
                  "hwd": "order",
                  "tran": " 命令；定货"
                }
              ]
            },
            {
              "pos": "vt",
              "words": [
                {
                  "hwd": "order",
                  "tran": " 命令；整理；定购"
                }
              ]
            }
          ],
          "desc": "同根"
        },
        "usspeech": "orderly&type=2",
        "trans": [
          {
            "tranCn": "整齐的；有秩序的；有条不紊的",
            "descOther": "英释",
            "descCn": "中释",
            "pos": "adj",
            "tranOther": "arranged or organized in a sensible or neat way"
          }
        ]
      }
    }
  },
  "bookId": "IELTSluan_2"
}