{
  "wordRank": 1012,
  "headWord": "faith",
  "content": {
    "word": {
      "wordHead": "faith",
      "wordId": "IELTSluan_2_1012",
      "content": {
        "sentence": {
          "sentences": [
            {
              "sContent": "People have lost faith in the government.",
              "sCn": "人们已失去了对政府的信心。"
            }
          ],
          "desc": "例句"
        },
        "usphone": "feθ",
        "ukspeech": "faith&type=1",
        "star": 0,
        "usspeech": "faith&type=2",
        "syno": {
          "synos": [
            {
              "pos": "n",
              "tran": "信仰；信念；信任；忠实",
              "hwds": [
                {
                  "w": "belief"
                },
                {
                  "w": "confidence"
                },
                {
                  "w": "trust"
                },
                {
                  "w": "credit"
                },
                {
                  "w": "loyalty"
                }
              ]
            }
          ],
          "desc": "同近"
        },
        "ukphone": "feɪθ",
        "phrase": {
          "phrases": [
            {
              "pContent": "good faith",
              "pCn": "诚实；善意；真挚"
            },
            {
              "pContent": "in good faith",
              "pCn": "真诚地；善意地；诚心诚意地"
            },
            {
              "pContent": "faith in",
              "pCn": "对…的信任；对…有信仰；对…有信心"
            },
            {
              "pContent": "have faith",
              "pCn": "要有信心"
            },
            {
              "pContent": "have faith in",
              "pCn": "相信，对……信任"
            },
            {
              "pContent": "in faith",
              "pCn": "确实"
            },
            {
              "pContent": "lose faith",
              "pCn": "对…失去信仰；不再相信…"
            },
            {
              "pContent": "keep faith",
              "pCn": "守信；忠于信仰"
            },
            {
              "pContent": "blind faith",
              "pCn": "盲目信仰，迷信"
            },
            {
              "pContent": "bad faith",
              "pCn": "不守信用；不诚实；蒙骗"
            },
            {
              "pContent": "lose faith in",
              "pCn": "不再信任；对…失去信心"
            },
            {
              "pContent": "on faith",
              "pCn": "不加怀疑地；单凭信仰"
            },
            {
              "pContent": "lack of faith",
              "pCn": "不信教，不信神"
            },
            {
              "pContent": "leap of faith",
              "pCn": "一百八十度转变"
            },
            {
              "pContent": "in bad faith",
              "pCn": "欺诈地；背信弃义地"
            },
            {
              "pContent": "defender of the faith",
              "pCn": "卫护信仰者；信仰护卫者"
            },
            {
              "pContent": "breach of faith",
              "pCn": "背信，违约"
            },
            {
              "pContent": "utmost good faith",
              "pCn": "最大诚信；绝对信任"
            },
            {
              "pContent": "article of faith",
              "pCn": "信念；信条"
            },
            {
              "pContent": "keep faith with",
              "pCn": "对…守信用；忠于信仰"
            }
          ],
          "desc": "短语"
        },
        "phone": "feiθ",
        "speech": "faith",
        "remMethod": {
          "val": " 屡败(fail)屡战， 信心(faith)不倦",
          "desc": "记忆"
        },
        "relWord": {
          "rels": [
            {
              "pos": "adj",
              "words": [
                {
                  "hwd": "faithful",
                  "tran": " 忠实的，忠诚的；如实的；准确可靠的"
                },
                {
                  "hwd": "faithless",
                  "tran": " 不忠实的；无信的；无宗教信仰的"
                }
              ]
            },
            {
              "pos": "adv",
              "words": [
                {
                  "hwd": "faithfully",
                  "tran": " 忠实地；如实地；诚心诚意地；深信着地"
                },
                {
                  "hwd": "faithlessly",
                  "tran": " 靠不住地；不忠实地"
                }
              ]
            },
            {
              "pos": "n",
              "words": [
                {
                  "hwd": "faithfulness",
                  "tran": " 忠诚；诚实；正确"
                },
                {
                  "hwd": "faithlessness",
                  "tran": " 不贞；无信仰；不可信赖"
                }
              ]
            }
          ],
          "desc": "同根"
        },
        "trans": [
          {
            "tranCn": "信任，信仰",
            "descOther": "英释",
            "descCn": "中释",
            "pos": "n",
            "tranOther": "a strong feeling of trust or confidence in someone or something"
          }
        ]
      }
    }
  },
  "bookId": "IELTSluan_2"
}