{
  "wordRank": 1013,
  "headWord": "upset",
  "content": {
    "word": {
      "wordHead": "upset",
      "wordId": "IELTSluan_2_1013",
      "content": {
        "sentence": {
          "sentences": [
            {
              "sContent": "The chemicals upset the balance of the environment.",
              "sCn": "这些化学品破坏了环境的平衡。"
            }
          ],
          "desc": "例句"
        },
        "usphone": "ʌp'sɛt",
        "syno": {
          "synos": [
            {
              "pos": "vt",
              "tran": "使心烦；颠覆；扰乱",
              "hwds": [
                {
                  "w": "disorder"
                },
                {
                  "w": "subvert"
                }
              ]
            },
            {
              "pos": "vi",
              "tran": "翻倒",
              "hwds": [
                {
                  "w": "tip"
                },
                {
                  "w": "keel over"
                }
              ]
            },
            {
              "pos": "adj",
              "tran": "心烦的；混乱的；弄翻的",
              "hwds": [
                {
                  "w": "chaotic"
                },
                {
                  "w": "troubled"
                },
                {
                  "w": "confused"
                }
              ]
            },
            {
              "pos": "n",
              "tran": "混乱；翻倒",
              "hwds": [
                {
                  "w": "disorder"
                },
                {
                  "w": "chaos"
                },
                {
                  "w": "confusion"
                },
                {
                  "w": "turmoil"
                },
                {
                  "w": "involvement"
                }
              ]
            }
          ],
          "desc": "同近"
        },
        "ukphone": "ʌp'set",
        "ukspeech": "upset&type=1",
        "star": 0,
        "phrase": {
          "phrases": [
            {
              "pContent": "upset stomach",
              "pCn": "肚子痛"
            },
            {
              "pContent": "get upset",
              "pCn": "伤心；感到不安"
            },
            {
              "pContent": "stomach upset",
              "pCn": "n. 肠胃不适，消化不良"
            },
            {
              "pContent": "upset forging",
              "pCn": "顶锻；平锻模"
            },
            {
              "pContent": "upset the apple cart",
              "pCn": "美梦破灭"
            }
          ],
          "desc": "短语"
        },
        "speech": "upset",
        "remMethod": {
          "val": " up(向上) + set(放置) → 底朝天放着 → 颠倒",
          "desc": "记忆"
        },
        "relWord": {
          "rels": [
            {
              "pos": "adj",
              "words": [
                {
                  "hwd": "upsetting",
                  "tran": " 令人心烦意乱的，令人苦恼的"
                }
              ]
            },
            {
              "pos": "n",
              "words": [
                {
                  "hwd": "upsetting",
                  "tran": " 缩锻，镦锻；倾复，倒转"
                }
              ]
            }
          ],
          "desc": "同根"
        },
        "usspeech": "upset&type=2",
        "trans": [
          {
            "tranCn": "倾覆，打乱",
            "descOther": "英释",
            "descCn": "中释",
            "pos": "v&n",
            "tranOther": "to change a plan or situation in a way that causes problems"
          }
        ]
      }
    }
  },
  "bookId": "IELTSluan_2"
}