{
  "wordRank": 1014,
  "headWord": "sabotage",
  "content": {
    "word": {
      "wordHead": "sabotage",
      "wordId": "IELTSluan_2_1014",
      "content": {
        "sentence": {
          "sentences": [
            {
              "sContent": "The terrorists were planning acts of sabotage to destabilize the country.",
              "sCn": "恐怖分子在策划破坏国家安定的行动。"
            },
            {
              "sContent": "industrial sabotage",
              "sCn": "工业破坏活动"
            }
          ],
          "desc": "例句"
        },
        "usphone": ",sæbə'tɑʒ",
        "syno": {
          "synos": [
            {
              "pos": "vt",
              "tran": "妨害；对…采取破坏行动",
              "hwds": [
                {
                  "w": "encumber"
                },
                {
                  "w": "incumber"
                }
              ]
            },
            {
              "pos": "n",
              "tran": "破坏；破坏活动；怠工",
              "hwds": [
                {
                  "w": "destruction"
                },
                {
                  "w": "breaking"
                },
                {
                  "w": "blasting"
                },
                {
                  "w": "disruption"
                },
                {
                  "w": "demolition"
                }
              ]
            }
          ],
          "desc": "同近"
        },
        "ukphone": "'sæbətɑːʒ",
        "ukspeech": "sabotage&type=1",
        "star": 0,
        "phone": "'sæbətɑ:ʒ, ,sæbə'tɑ:ʒ",
        "speech": "sabotage",
        "usspeech": "sabotage&type=2",
        "trans": [
          {
            "tranCn": "故意毁坏，故意破坏，阴谋",
            "descOther": "英释",
            "descCn": "中释",
            "pos": "n",
            "tranOther": "deliberate damage that is done to equipment, vehicles etc in order to prevent an enemy or opponent from using them"
          }
        ]
      }
    }
  },
  "bookId": "IELTSluan_2"
}