{
  "wordRank": 1015,
  "headWord": "slice",
  "content": {
    "word": {
      "wordHead": "slice",
      "wordId": "IELTSluan_2_1015",
      "content": {
        "sentence": {
          "sentences": [
            {
              "sContent": "pizza slices",
              "sCn": "比萨块"
            },
            {
              "sContent": "Cut the tomatoes into slices .",
              "sCn": "把番茄切成片。"
            }
          ],
          "desc": "例句"
        },
        "usphone": "slaɪs",
        "ukspeech": "slice&type=1",
        "star": 0,
        "usspeech": "slice&type=2",
        "syno": {
          "synos": [
            {
              "pos": "n",
              "tran": "薄片；部分；菜刀，火铲",
              "hwds": [
                {
                  "w": "proportion"
                },
                {
                  "w": "part"
                },
                {
                  "w": "portion"
                },
                {
                  "w": "percent"
                },
                {
                  "w": "integral"
                }
              ]
            },
            {
              "pos": "vt",
              "tran": "切下；把…分成部分；将…切成薄片",
              "hwds": [
                {
                  "w": "chip off"
                },
                {
                  "w": "chip out"
                }
              ]
            },
            {
              "pos": "vi",
              "tran": "切开；割破",
              "hwds": [
                {
                  "w": "cut open"
                },
                {
                  "w": "to cut"
                }
              ]
            }
          ],
          "desc": "同近"
        },
        "ukphone": "slaɪs",
        "phrase": {
          "phrases": [
            {
              "pContent": "a slice of",
              "pCn": "一片，一份"
            },
            {
              "pContent": "thin slice",
              "pCn": "薄片"
            },
            {
              "pContent": "slice of bread",
              "pCn": "面包片"
            },
            {
              "pContent": "time slice",
              "pCn": "时间片；时间片段；时间区分"
            },
            {
              "pContent": "slice off",
              "pCn": "v. 切开；割掉"
            },
            {
              "pContent": "tissue slice",
              "pCn": "组织切片"
            }
          ],
          "desc": "短语"
        },
        "phone": "slais",
        "speech": "slice",
        "remMethod": {
          "val": " sl + ice(冰) → 把冰块切碎 → 切片",
          "desc": "记忆"
        },
        "relWord": {
          "rels": [
            {
              "pos": "adj",
              "words": [
                {
                  "hwd": "sliced",
                  "tran": " （食物）已切成薄片的"
                }
              ]
            },
            {
              "pos": "n",
              "words": [
                {
                  "hwd": "slicing",
                  "tran": " 切断，切片；限制，[电子] 限幅"
                },
                {
                  "hwd": "slicer",
                  "tran": " 切片机；截剪器；限制器"
                }
              ]
            },
            {
              "pos": "v",
              "words": [
                {
                  "hwd": "sliced",
                  "tran": " 切成薄片；分配（slice的过去式和过去分词）"
                }
              ]
            }
          ],
          "desc": "同根"
        },
        "trans": [
          {
            "tranCn": "片，部分",
            "descOther": "英释",
            "descCn": "中释",
            "pos": "n",
            "tranOther": "a thin flat piece of food cut from a larger piece"
          },
          {
            "tranCn": "切片",
            "descOther": "英释",
            "descCn": "中释",
            "pos": "v",
            "tranOther": "to cut meat, bread, vegetables etc into thin flat pieces"
          }
        ]
      }
    }
  },
  "bookId": "IELTSluan_2"
}