{
  "wordRank": 1016,
  "headWord": "fantasy",
  "content": {
    "word": {
      "wordHead": "fantasy",
      "wordId": "IELTSluan_2_1016",
      "content": {
        "sentence": {
          "sentences": [
            {
              "sContent": "I used to have fantasies about living in Paris with an artist.",
              "sCn": "我过去常幻想着在巴黎与一位艺术家同住。"
            },
            {
              "sContent": "sexual fantasies",
              "sCn": "性幻想"
            },
            {
              "sContent": "Young children sometimes can’t distinguish between fantasy and reality.",
              "sCn": "小孩子有时不能区分幻想与现实。"
            },
            {
              "sContent": "He lived in a fantasy world of his own, even as a small boy.",
              "sCn": "甚至还是个小孩子的时候，他就生活在一个幻想世界里。"
            }
          ],
          "desc": "例句"
        },
        "usphone": "'fæntəsi",
        "syno": {
          "synos": [
            {
              "pos": "n",
              "tran": "[心理]幻想；白日梦；幻觉",
              "hwds": [
                {
                  "w": "fancy"
                },
                {
                  "w": "illusion"
                }
              ]
            },
            {
              "pos": "adj",
              "tran": "虚幻的",
              "hwds": [
                {
                  "w": "visional"
                }
              ]
            },
            {
              "pos": "vt",
              "tran": "空想；想像",
              "hwds": [
                {
                  "w": "imagine"
                },
                {
                  "w": "picture"
                },
                {
                  "w": "think of"
                }
              ]
            },
            {
              "pos": "vi",
              "tran": "耽于幻想；奏幻想曲（等于phantasy）",
              "hwds": [
                {
                  "w": "stargaze"
                }
              ]
            }
          ],
          "desc": "同近"
        },
        "ukphone": "'fæntəsɪ; -zɪ",
        "ukspeech": "fantasy&type=1",
        "star": 0,
        "phrase": {
          "phrases": [
            {
              "pContent": "sex fantasy",
              "pCn": "性幻想"
            }
          ],
          "desc": "短语"
        },
        "phone": "'fæntəsi",
        "speech": "fantasy",
        "relWord": {
          "rels": [
            {
              "pos": "adj",
              "words": [
                {
                  "hwd": "fantastic",
                  "tran": " 奇异的；空想的；极好的；不可思议的"
                },
                {
                  "hwd": "fantastical",
                  "tran": " 空想的；捕风捉影的"
                }
              ]
            },
            {
              "pos": "adv",
              "words": [
                {
                  "hwd": "fantastically",
                  "tran": " 想像中地；奇特地；难以置信地"
                }
              ]
            },
            {
              "pos": "n",
              "words": [
                {
                  "hwd": "fantastic",
                  "tran": " 古怪的人"
                },
                {
                  "hwd": "fantasia",
                  "tran": " 幻想曲；集成曲；幻想作品"
                },
                {
                  "hwd": "fantasist",
                  "tran": " 幻想曲作曲家"
                },
                {
                  "hwd": "fantasm",
                  "tran": " 幻觉"
                },
                {
                  "hwd": "fantast",
                  "tran": " 幻想家；梦想家；脾气古怪的人"
                }
              ]
            },
            {
              "pos": "vi",
              "words": [
                {
                  "hwd": "fantasize",
                  "tran": " 幻想"
                },
                {
                  "hwd": "fantasise",
                  "tran": " 耽于幻想"
                }
              ]
            },
            {
              "pos": "vt",
              "words": [
                {
                  "hwd": "fantasize",
                  "tran": " 幻想；想像"
                },
                {
                  "hwd": "fantasise",
                  "tran": " 幻想（等于fantasize）"
                }
              ]
            }
          ],
          "desc": "同根"
        },
        "usspeech": "fantasy&type=2",
        "trans": [
          {
            "tranCn": "幻想，怪念头",
            "descOther": "英释",
            "descCn": "中释",
            "pos": "n",
            "tranOther": "an exciting and unusual experience or situation you imagine happening to you, but which will probably never happen"
          }
        ]
      }
    }
  },
  "bookId": "IELTSluan_2"
}