{
  "wordRank": 1017,
  "headWord": "expire",
  "content": {
    "word": {
      "wordHead": "expire",
      "wordId": "IELTSluan_2_1017",
      "content": {
        "sentence": {
          "sentences": [
            {
              "sContent": "My passport expires next week.",
              "sCn": "我的护照下周就到期了。"
            },
            {
              "sContent": "players whose contracts expire this summer",
              "sCn": "合约于今年夏天到期的运动员"
            }
          ],
          "desc": "例句"
        },
        "usphone": "ɪk'spaɪɚ",
        "syno": {
          "synos": [
            {
              "pos": "vi",
              "tran": "期满；终止；死亡；呼气",
              "hwds": [
                {
                  "w": "die"
                },
                {
                  "w": "drop"
                },
                {
                  "w": "determine"
                },
                {
                  "w": "finish"
                },
                {
                  "w": "pass"
                }
              ]
            },
            {
              "pos": "vt",
              "tran": "呼出（空气）",
              "hwds": [
                {
                  "w": "breathe out"
                },
                {
                  "w": "exsufflate"
                }
              ]
            }
          ],
          "desc": "同近"
        },
        "ukphone": "ɪk'spaɪə; ek-",
        "ukspeech": "expire&type=1",
        "star": 0,
        "phone": "ik'spaiə, ek-",
        "speech": "expire",
        "remMethod": {
          "val": "ex(出) ＋ pir(呼吸) ＋ e → 呼出气 → 期满",
          "desc": "记忆"
        },
        "relWord": {
          "rels": [
            {
              "pos": "adj",
              "words": [
                {
                  "hwd": "expired",
                  "tran": " 过期的；失效的"
                },
                {
                  "hwd": "expiratory",
                  "tran": " [生理] 呼气的；吐气的"
                }
              ]
            },
            {
              "pos": "n",
              "words": [
                {
                  "hwd": "expiry",
                  "tran": " 满期，逾期；呼气；终结"
                },
                {
                  "hwd": "expiration",
                  "tran": " 呼气；终结；届期"
                }
              ]
            },
            {
              "pos": "v",
              "words": [
                {
                  "hwd": "expired",
                  "tran": " 期满（expire的过去分词）"
                }
              ]
            }
          ],
          "desc": "同根"
        },
        "usspeech": "expire&type=2",
        "trans": [
          {
            "tranCn": "满期，到期",
            "descOther": "英释",
            "descCn": "中释",
            "pos": "v",
            "tranOther": "if an official document expires, it can no longer be legally used"
          }
        ]
      }
    }
  },
  "bookId": "IELTSluan_2"
}