{
  "wordRank": 1018,
  "headWord": "manacle",
  "content": {
    "word": {
      "wordHead": "manacle",
      "wordId": "IELTSluan_2_1018",
      "content": {
        "sentence": {
          "sentences": [
            {
              "sContent": "His hands were manacled behind his back.",
              "sCn": "他的双手被铐在了身后。"
            },
            {
              "sContent": "He was manacled by the police.",
              "sCn": "他被警察上了镣铐。"
            }
          ],
          "desc": "例句"
        },
        "usphone": "'mænəkl",
        "syno": {
          "synos": [
            {
              "pos": "n",
              "tran": "束缚；手铐",
              "hwds": [
                {
                  "w": "chain"
                },
                {
                  "w": "restriction"
                },
                {
                  "w": "cord"
                }
              ]
            },
            {
              "pos": "vt",
              "tran": "束缚；给…上手铐",
              "hwds": [
                {
                  "w": "chain"
                },
                {
                  "w": "bound"
                }
              ]
            }
          ],
          "desc": "同近"
        },
        "ukphone": "'mænək(ə)l",
        "ukspeech": "manacle&type=1",
        "star": 0,
        "phone": "'mænəkl",
        "speech": "manacle",
        "usspeech": "manacle&type=2",
        "trans": [
          {
            "tranCn": "手铐",
            "descOther": "英释",
            "descCn": "中释",
            "pos": "n",
            "tranOther": "an iron ring on a chain that is put around the wrist or  ankle  of a prisoner"
          },
          {
            "tranCn": "上手铐，束缚",
            "descOther": "英释",
            "descCn": "中释",
            "pos": "v",
            "tranOther": "If a prisoner is manacled, their wrists or legs are put in manacles in order to prevent them from moving or escaping"
          }
        ]
      }
    }
  },
  "bookId": "IELTSluan_2"
}