{
  "wordRank": 1019,
  "headWord": "discipline",
  "content": {
    "word": {
      "wordHead": "discipline",
      "wordId": "IELTSluan_2_1019",
      "content": {
        "sentence": {
          "sentences": [
            {
              "sContent": "The book gives parents advice on discipline.",
              "sCn": "这本书指导父母如何管教孩子。"
            },
            {
              "sContent": "serious discipline problems in the police force",
              "sCn": "警察队伍内严重的纪律问题"
            }
          ],
          "desc": "例句"
        },
        "usphone": "'dɪsəplɪn",
        "ukspeech": "discipline&type=1",
        "star": 0,
        "usspeech": "discipline&type=2",
        "syno": {
          "synos": [
            {
              "pos": "n",
              "tran": "学科；[管理]纪律；训练；惩罚",
              "hwds": [
                {
                  "w": "science"
                },
                {
                  "w": "punishment"
                },
                {
                  "w": "rod"
                },
                {
                  "w": "knowledge"
                },
                {
                  "w": "payment"
                }
              ]
            },
            {
              "pos": "vt",
              "tran": "训练，训导；惩戒",
              "hwds": [
                {
                  "w": "coach"
                },
                {
                  "w": "drill"
                }
              ]
            }
          ],
          "desc": "同近"
        },
        "ukphone": "'dɪsɪplɪn",
        "phrase": {
          "phrases": [
            {
              "pContent": "academic discipline",
              "pCn": "n. 学术科目"
            },
            {
              "pContent": "engineering discipline",
              "pCn": "工程学科；工程规范"
            },
            {
              "pContent": "fiscal discipline",
              "pCn": "财政纪律"
            },
            {
              "pContent": "intellectual discipline",
              "pCn": "知识学科"
            },
            {
              "pContent": "discipline inspection commission",
              "pCn": "纪委"
            },
            {
              "pContent": "labour discipline",
              "pCn": "劳动纪律"
            },
            {
              "pContent": "strengthen discipline",
              "pCn": "加强纪律"
            },
            {
              "pContent": "severe discipline",
              "pCn": "严格的纪律"
            },
            {
              "pContent": "maintain discipline",
              "pCn": "维持纪律"
            }
          ],
          "desc": "短语"
        },
        "phone": "'disiplin",
        "speech": "discipline",
        "remMethod": {
          "val": " dis(不) + cip + line(线) → 不站成一条线就要受惩罚 → 必须遵守纪律 → 纪律",
          "desc": "记忆"
        },
        "relWord": {
          "rels": [
            {
              "pos": "adj",
              "words": [
                {
                  "hwd": "disciplinary",
                  "tran": " 规律的；训练的；训诫的"
                },
                {
                  "hwd": "disciplined",
                  "tran": " 遵守纪律的；受过训练的"
                },
                {
                  "hwd": "disciplinarian",
                  "tran": " 纪律的；训练的"
                },
                {
                  "hwd": "disciplinal",
                  "tran": " 惩罚的；训练的；风纪的"
                }
              ]
            },
            {
              "pos": "n",
              "words": [
                {
                  "hwd": "disciplinarian",
                  "tran": " 厉行纪律的人；严格的人"
                }
              ]
            },
            {
              "pos": "v",
              "words": [
                {
                  "hwd": "disciplined",
                  "tran": " 使有纪律（discipline的过去分词）；训导"
                }
              ]
            }
          ],
          "desc": "同根"
        },
        "trans": [
          {
            "tranCn": "训练，纪律，戒律，惩罚",
            "descOther": "英释",
            "descCn": "中释",
            "pos": "n&vt",
            "tranOther": "a way of training someone so that they learn to control their behaviour and obey rules"
          }
        ]
      }
    }
  },
  "bookId": "IELTSluan_2"
}