{
  "wordRank": 102,
  "headWord": "insurance",
  "content": {
    "word": {
      "wordHead": "insurance",
      "wordId": "IELTSluan_2_102",
      "content": {
        "sentence": {
          "sentences": [
            {
              "sContent": "Your father took out insurance to cover the mortgage.",
              "sCn": "你父亲购买了抵押借款保险。"
            }
          ],
          "desc": "例句"
        },
        "usphone": "ɪn'ʃʊrəns",
        "ukspeech": "insurance&type=1",
        "star": 0,
        "usspeech": "insurance&type=2",
        "syno": {
          "synos": [
            {
              "pos": "n",
              "tran": "[保险]保险；保险费；保险契约；赔偿金",
              "hwds": [
                {
                  "w": "assurance"
                },
                {
                  "w": "safety"
                },
                {
                  "w": "premium"
                },
                {
                  "w": "compensation"
                }
              ]
            }
          ],
          "desc": "同近"
        },
        "ukphone": "ɪn'ʃʊər(ə)ns",
        "phrase": {
          "phrases": [
            {
              "pContent": "insurance company",
              "pCn": "保险公司"
            },
            {
              "pContent": "medical insurance",
              "pCn": "医疗保险"
            },
            {
              "pContent": "health insurance",
              "pCn": "健康保险"
            },
            {
              "pContent": "life insurance",
              "pCn": "人寿保险；保险公司偿付的人寿金"
            },
            {
              "pContent": "social insurance",
              "pCn": "社会保险"
            },
            {
              "pContent": "insurance industry",
              "pCn": "保险业"
            },
            {
              "pContent": "insurance policy",
              "pCn": "保险单，保单"
            },
            {
              "pContent": "endowment insurance",
              "pCn": "养老保险"
            },
            {
              "pContent": "liability insurance",
              "pCn": "责任保险（指保险公司负责被保险人依法对他人承担赔偿责任的保险）"
            },
            {
              "pContent": "unemployment insurance",
              "pCn": "失业保险"
            },
            {
              "pContent": "insurance business",
              "pCn": "保险业务"
            },
            {
              "pContent": "property insurance",
              "pCn": "财产保险"
            },
            {
              "pContent": "insurance contract",
              "pCn": "保险契约，保险合同"
            },
            {
              "pContent": "insurance premium",
              "pCn": "保险费"
            },
            {
              "pContent": "deposit insurance",
              "pCn": "存款保险"
            },
            {
              "pContent": "insurance fund",
              "pCn": "保险基金"
            },
            {
              "pContent": "insurance law",
              "pCn": "保险法"
            },
            {
              "pContent": "labor insurance",
              "pCn": "n. 劳保"
            },
            {
              "pContent": "insurance coverage",
              "pCn": "[经]保险责任范围"
            },
            {
              "pContent": "pension insurance",
              "pCn": "养老保险"
            }
          ],
          "desc": "短语"
        },
        "phone": "in'ʃuərəns",
        "speech": "insurance",
        "remMethod": {
          "val": " insur(e)(给…保险) + ance → 保险； 保险费； 保险业",
          "desc": "记忆"
        },
        "relWord": {
          "rels": [
            {
              "pos": "adj",
              "words": [
                {
                  "hwd": "insured",
                  "tran": " 已投保的"
                },
                {
                  "hwd": "insurable",
                  "tran": " 可保险的，适合保险的"
                }
              ]
            },
            {
              "pos": "n",
              "words": [
                {
                  "hwd": "insured",
                  "tran": " 被保险人"
                },
                {
                  "hwd": "insurer",
                  "tran": " 保险公司；承保人"
                },
                {
                  "hwd": "insurability",
                  "tran": " [保险] 可保险性"
                }
              ]
            },
            {
              "pos": "v",
              "words": [
                {
                  "hwd": "insured",
                  "tran": " 确保；给…保险（insure的过去式和过去分词）"
                }
              ]
            },
            {
              "pos": "vi",
              "words": [
                {
                  "hwd": "insure",
                  "tran": " 确保；投保"
                }
              ]
            },
            {
              "pos": "vt",
              "words": [
                {
                  "hwd": "insure",
                  "tran": " 确保，保证；给…保险"
                }
              ]
            }
          ],
          "desc": "同根"
        },
        "trans": [
          {
            "tranCn": "保险",
            "descOther": "英释",
            "descCn": "中释",
            "pos": "n",
            "tranOther": "an arrangement with a company in which you pay them money, especially regularly, and they pay the costs if something bad happens, for example if you become ill or your car is damaged"
          }
        ]
      }
    }
  },
  "bookId": "IELTSluan_2"
}