{
  "wordRank": 1020,
  "headWord": "foul",
  "content": {
    "word": {
      "wordHead": "foul",
      "wordId": "IELTSluan_2_1020",
      "content": {
        "sentence": {
          "sentences": [
            {
              "sContent": "He woke up with a foul taste in his mouth.",
              "sCn": "他醒过来，嘴里一股臭味。"
            },
            {
              "sContent": "a pile of foul-smelling garbage",
              "sCn": "一堆臭烘烘的垃圾"
            },
            {
              "sContent": "He put down his mug of foul-tasting coffee.",
              "sCn": "他放下手中一大杯难喝的咖啡。"
            }
          ],
          "desc": "例句"
        },
        "usphone": "faʊl",
        "ukspeech": "foul&type=1",
        "star": 0,
        "usspeech": "foul&type=2",
        "syno": {
          "synos": [
            {
              "pos": "adj",
              "tran": "犯规的；邪恶的；污秽的；淤塞的",
              "hwds": [
                {
                  "w": "evil"
                },
                {
                  "w": "ill"
                },
                {
                  "w": "black"
                },
                {
                  "w": "ugly"
                },
                {
                  "w": "dirty"
                }
              ]
            },
            {
              "pos": "vt",
              "tran": "犯规；弄脏；淤塞；缠住，妨害",
              "hwds": [
                {
                  "w": "soil"
                },
                {
                  "w": "mud"
                },
                {
                  "w": "spot"
                },
                {
                  "w": "dirty"
                }
              ]
            },
            {
              "pos": "vi",
              "tran": "犯规；腐烂；缠结",
              "hwds": [
                {
                  "w": "break rules"
                },
                {
                  "w": "rot away"
                }
              ]
            },
            {
              "pos": "n",
              "tran": "犯规；缠绕",
              "hwds": [
                {
                  "w": "illegality"
                }
              ]
            },
            {
              "pos": "adv",
              "tran": "违反规则地，不正当地",
              "hwds": [
                {
                  "w": "wrong"
                },
                {
                  "w": "unlawfully"
                }
              ]
            }
          ],
          "desc": "同近"
        },
        "ukphone": "faʊl",
        "phrase": {
          "phrases": [
            {
              "pContent": "foul water",
              "pCn": "污水；危险水域"
            },
            {
              "pContent": "foul play",
              "pCn": "严重犯规；不公平的比赛；不正当行为"
            },
            {
              "pContent": "technical foul",
              "pCn": "n. 技术犯规"
            },
            {
              "pContent": "foul language",
              "pCn": "粗话，粗活"
            },
            {
              "pContent": "foul line",
              "pCn": "（球场的）边线；界线"
            },
            {
              "pContent": "foul ball",
              "pCn": "界外球"
            },
            {
              "pContent": "foul air",
              "pCn": "[机]污浊空气"
            },
            {
              "pContent": "foul territory",
              "pCn": "界外地区；界外"
            },
            {
              "pContent": "foul weather",
              "pCn": "恶劣的气候，坏天气"
            },
            {
              "pContent": "foul shot",
              "pCn": "罚球；罚球所得的一分"
            },
            {
              "pContent": "personal foul",
              "pCn": "个人犯规；侵人犯规；犯则；侵人"
            }
          ],
          "desc": "短语"
        },
        "phone": "faul",
        "speech": "foul",
        "remMethod": {
          "val": " 邪恶的(foul)心灵(soul)",
          "desc": "记忆"
        },
        "relWord": {
          "rels": [
            {
              "pos": "adv",
              "words": [
                {
                  "hwd": "foully",
                  "tran": " 卑鄙地；下流地；粗暴地"
                }
              ]
            },
            {
              "pos": "n",
              "words": [
                {
                  "hwd": "foulness",
                  "tran": " 卑鄙；纠缠"
                }
              ]
            }
          ],
          "desc": "同根"
        },
        "trans": [
          {
            "tranCn": "恶臭的；邪恶的；暴风雨的n犯规v弄脏",
            "descOther": "英释",
            "descCn": "中释",
            "pos": "adj",
            "tranOther": "a foul smell or taste is very unpleasant"
          }
        ]
      }
    }
  },
  "bookId": "IELTSluan_2"
}