{
  "wordRank": 1021,
  "headWord": "sacred",
  "content": {
    "word": {
      "wordHead": "sacred",
      "wordId": "IELTSluan_2_1021",
      "content": {
        "sentence": {
          "sentences": [
            {
              "sContent": "a sacred vow",
              "sCn": "神圣的誓言"
            },
            {
              "sContent": "the miraculous powers of sacred relics",
              "sCn": "圣物的神奇力量"
            },
            {
              "sContent": "Certain animals were considered sacred.",
              "sCn": "有些动物被认为是神圣的。"
            }
          ],
          "desc": "例句"
        },
        "usphone": "'sekrɪd",
        "syno": {
          "synos": [
            {
              "pos": "adj",
              "tran": "神的；神圣的；宗教的；庄严的",
              "hwds": [
                {
                  "w": "religious"
                },
                {
                  "w": "blessed"
                }
              ]
            }
          ],
          "desc": "同近"
        },
        "ukphone": "'seɪkrɪd",
        "ukspeech": "sacred&type=1",
        "star": 0,
        "phrase": {
          "phrases": [
            {
              "pContent": "sacred flame",
              "pCn": "圣火"
            },
            {
              "pContent": "sacred heart",
              "pCn": "圣心（即耶稣之心，爱的源泉）"
            },
            {
              "pContent": "sacred music",
              "pCn": "圣乐；宗教音乐"
            },
            {
              "pContent": "sacred and inviolable",
              "pCn": "神圣不可侵犯"
            },
            {
              "pContent": "sacred cow",
              "pCn": "圣牛（印度教等的）；不可修改的文稿；不可批评的人（思想或事物）"
            }
          ],
          "desc": "短语"
        },
        "phone": "'seikrid",
        "speech": "sacred",
        "relWord": {
          "rels": [
            {
              "pos": "adj",
              "words": [
                {
                  "hwd": "sacramental",
                  "tran": " 圣礼的；圣餐的；神圣的"
                }
              ]
            },
            {
              "pos": "n",
              "words": [
                {
                  "hwd": "sacramental",
                  "tran": " 类似圣典之礼仪或事物"
                },
                {
                  "hwd": "sacredness",
                  "tran": " 神圣；尊崇为神物；受人尊敬"
                }
              ]
            }
          ],
          "desc": "同根"
        },
        "usspeech": "sacred&type=2",
        "trans": [
          {
            "tranCn": "神圣的",
            "descOther": "英释",
            "descCn": "中释",
            "pos": "adj",
            "tranOther": "relating to a god or religion"
          }
        ]
      }
    }
  },
  "bookId": "IELTSluan_2"
}