{
  "wordRank": 1022,
  "headWord": "suspect",
  "content": {
    "word": {
      "wordHead": "suspect",
      "wordId": "IELTSluan_2_1022",
      "content": {
        "sentence": {
          "sentences": [
            {
              "sContent": "She strongly suspected he was lying to her.",
              "sCn": "她非常怀疑他在对她撒谎。"
            },
            {
              "sContent": "She’s not going to be very happy about this, I suspect .",
              "sCn": "我想对于此事她不会太高兴。"
            }
          ],
          "desc": "例句"
        },
        "usphone": "sʌspɛkt; (for v.) səˈspɛkt",
        "ukspeech": "suspect&type=1",
        "star": 0,
        "usspeech": "suspect&type=2",
        "syno": {
          "synos": [
            {
              "pos": "n",
              "tran": "[法]嫌疑犯",
              "hwds": [
                {
                  "w": "sus"
                }
              ]
            },
            {
              "pos": "adj",
              "tran": "可疑的；不可信的",
              "hwds": [
                {
                  "w": "doubtful"
                },
                {
                  "w": "questionable"
                }
              ]
            },
            {
              "pos": "vt",
              "tran": "怀疑；猜想",
              "hwds": [
                {
                  "w": "dispute"
                },
                {
                  "w": "imagine"
                },
                {
                  "w": "wonder"
                },
                {
                  "w": "question"
                }
              ]
            },
            {
              "pos": "vi",
              "tran": "怀疑；猜想",
              "hwds": [
                {
                  "w": "wonder"
                },
                {
                  "w": "imagine"
                },
                {
                  "w": "question"
                },
                {
                  "w": "suppose"
                }
              ]
            }
          ],
          "desc": "同近"
        },
        "ukphone": "ˈsʌspekt; (for v.) səˈspekt",
        "phrase": {
          "phrases": [
            {
              "pContent": "prime suspect",
              "pCn": "嫌疑重犯；主要嫌疑犯"
            },
            {
              "pContent": "suspect of",
              "pCn": "怀疑"
            }
          ],
          "desc": "短语"
        },
        "phone": "sə'spekt, 'sʌspekt",
        "speech": "suspect",
        "remMethod": {
          "val": " su(s)(在…下面) + spect(看) → 在下面看一看 → 怀疑",
          "desc": "记忆"
        },
        "relWord": {
          "rels": [
            {
              "pos": "adj",
              "words": [
                {
                  "hwd": "suspected",
                  "tran": " 有嫌疑的"
                },
                {
                  "hwd": "suspensive",
                  "tran": " 暂停的；悬而不决的；可疑的；暧昧的"
                }
              ]
            },
            {
              "pos": "v",
              "words": [
                {
                  "hwd": "suspected",
                  "tran": " 怀疑（suspect的过去分词和过去式）"
                }
              ]
            }
          ],
          "desc": "同根"
        },
        "trans": [
          {
            "tranCn": "疑有,猜想;觉得可疑",
            "descOther": "英释",
            "descCn": "中释",
            "pos": "v",
            "tranOther": "to think that something is probably true, especially something bad"
          },
          {
            "tranCn": "嫌疑犯",
            "descOther": "英释",
            "descCn": "中释",
            "pos": "n",
            "tranOther": "someone who is thought to be guilty of a crime"
          },
          {
            "tranCn": "可疑的\"",
            "descOther": "英释",
            "descCn": "中释",
            "pos": "adj",
            "tranOther": "not likely to be completely true"
          }
        ]
      }
    }
  },
  "bookId": "IELTSluan_2"
}