{
  "wordRank": 1023,
  "headWord": "face",
  "content": {
    "word": {
      "wordHead": "face",
      "wordId": "IELTSluan_2_1023",
      "content": {
        "sentence": {
          "sentences": [
            {
              "sContent": "She had a beautiful face.",
              "sCn": "她面容秀美。"
            },
            {
              "sContent": "Her face was white with fear.",
              "sCn": "她吓得脸煞白。"
            },
            {
              "sContent": "A big smile spread across his face.",
              "sCn": "他的脸上绽开了灿烂笑容。"
            },
            {
              "sContent": "I felt like punching him in the face.",
              "sCn": "我真想给他脸上来一拳。"
            }
          ],
          "desc": "例句"
        },
        "usphone": "fes",
        "syno": {
          "synos": [
            {
              "pos": "n",
              "tran": "脸；表面；面子；面容；外观；威信",
              "hwds": [
                {
                  "w": "surface"
                },
                {
                  "w": "outside"
                },
                {
                  "w": "garment"
                },
                {
                  "w": "look"
                }
              ]
            },
            {
              "pos": "vi",
              "tran": "向；朝",
              "hwds": [
                {
                  "w": "open to"
                }
              ]
            },
            {
              "pos": "vt",
              "tran": "面对；面向；承认；抹盖",
              "hwds": [
                {
                  "w": "accept"
                },
                {
                  "w": "agree"
                },
                {
                  "w": "recognize"
                },
                {
                  "w": "look"
                },
                {
                  "w": "grant"
                }
              ]
            }
          ],
          "desc": "同近"
        },
        "ukphone": "feɪs",
        "ukspeech": "face&type=1",
        "star": 0,
        "phrase": {
          "phrases": [
            {
              "pContent": "the face of",
              "pCn": "即使；在…面前"
            },
            {
              "pContent": "in the face",
              "pCn": "面对；当面"
            },
            {
              "pContent": "face to face",
              "pCn": "面对面"
            },
            {
              "pContent": "in the face of",
              "pCn": "面对"
            },
            {
              "pContent": "your face",
              "pCn": "你的脸；你的样子"
            },
            {
              "pContent": "face with",
              "pCn": "面对；面临"
            },
            {
              "pContent": "working face",
              "pCn": "工作面；施工面；回采工祖"
            },
            {
              "pContent": "in face",
              "pCn": "事实上；实际上"
            },
            {
              "pContent": "face up",
              "pCn": "面朝上，正面朝上"
            },
            {
              "pContent": "face the music",
              "pCn": "勇敢地面对困难；接受应得的惩罚"
            },
            {
              "pContent": "coal face",
              "pCn": "n. 煤的采掘现场；因开采而露出的煤面"
            },
            {
              "pContent": "in face of",
              "pCn": "面对…，不顾…；纵然"
            },
            {
              "pContent": "lose face",
              "pCn": "丢脸"
            },
            {
              "pContent": "let's face it",
              "pCn": "面对现实吧"
            },
            {
              "pContent": "on the face of",
              "pCn": "从…字面上看；从…外表上判断"
            },
            {
              "pContent": "in your face",
              "pCn": "过度耀眼的；咄咄逼人的"
            },
            {
              "pContent": "smiling face",
              "pCn": "笑脸，笑颜；微笑的脸"
            },
            {
              "pContent": "face value",
              "pCn": "面值，票面价值；表面价值"
            },
            {
              "pContent": "pretty face",
              "pCn": "漂亮脸蛋"
            },
            {
              "pContent": "full face",
              "pCn": "全断面的；正面照片"
            }
          ],
          "desc": "短语"
        },
        "phone": "feis",
        "speech": "face",
        "relWord": {
          "rels": [
            {
              "pos": "adj",
              "words": [
                {
                  "hwd": "facial",
                  "tran": " 面部的，表面的；脸的，面部用的"
                },
                {
                  "hwd": "faced",
                  "tran": " 有某种面孔或表情的；有…表面的"
                },
                {
                  "hwd": "faceless",
                  "tran": " 匿名的，不知名的；无个性的；无脸面的"
                }
              ]
            },
            {
              "pos": "n",
              "words": [
                {
                  "hwd": "facial",
                  "tran": " 美容，美颜；脸部按摩"
                },
                {
                  "hwd": "facing",
                  "tran": " 饰面；衣服等的贴边"
                },
                {
                  "hwd": "facer",
                  "tran": " 意外打击；（拳击中）面部所受的突然一击；铣刀盘"
                }
              ]
            },
            {
              "pos": "v",
              "words": [
                {
                  "hwd": "faced",
                  "tran": " 面对（face的过去分词）"
                }
              ]
            }
          ],
          "desc": "同根"
        },
        "usspeech": "face&type=2",
        "trans": [
          {
            "tranCn": "脸，表情",
            "descOther": "英释",
            "descCn": "中释",
            "pos": "n",
            "tranOther": "the front part of your head, where your eyes, nose, and mouth are"
          },
          {
            "tranCn": "面向，正视，承认，呈现前",
            "descOther": "英释",
            "descCn": "中释",
            "pos": "v",
            "tranOther": "to accept that a difficult situation or problem exists, even though you would prefer to ignore it"
          }
        ]
      }
    }
  },
  "bookId": "IELTSluan_2"
}