{
  "wordRank": 1024,
  "headWord": "narrative",
  "content": {
    "word": {
      "wordHead": "narrative",
      "wordId": "IELTSluan_2_1024",
      "content": {
        "sentence": {
          "sentences": [
            {
              "sContent": "At several points in the narrative the two stories cross.",
              "sCn": "叙述中两条故事线多次交织在一起。"
            }
          ],
          "desc": "例句"
        },
        "usphone": "'nærətɪv",
        "syno": {
          "synos": [
            {
              "pos": "n",
              "tran": "叙述；故事；讲述",
              "hwds": [
                {
                  "w": "relation"
                },
                {
                  "w": "statement"
                },
                {
                  "w": "story"
                },
                {
                  "w": "telling"
                },
                {
                  "w": "tale"
                }
              ]
            },
            {
              "pos": "adj",
              "tran": "叙事的，叙述的；叙事体的",
              "hwds": [
                {
                  "w": "related"
                },
                {
                  "w": "descriptive"
                }
              ]
            }
          ],
          "desc": "同近"
        },
        "ukphone": "'nærətɪv",
        "ukspeech": "narrative&type=1",
        "star": 0,
        "phrase": {
          "phrases": [
            {
              "pContent": "narrative poem",
              "pCn": "叙事诗；叙述诗"
            },
            {
              "pContent": "narrative therapy",
              "pCn": "叙事疗法"
            }
          ],
          "desc": "短语"
        },
        "phone": "'nærətiv",
        "speech": "narrative",
        "relWord": {
          "rels": [
            {
              "pos": "n",
              "words": [
                {
                  "hwd": "narrator",
                  "tran": " 叙述者；解说员"
                },
                {
                  "hwd": "narration",
                  "tran": " 叙述，讲述；故事"
                }
              ]
            },
            {
              "pos": "vi",
              "words": [
                {
                  "hwd": "narrate",
                  "tran": " 叙述；讲述"
                }
              ]
            },
            {
              "pos": "vt",
              "words": [
                {
                  "hwd": "narrate",
                  "tran": " 叙述；给…作旁白"
                }
              ]
            }
          ],
          "desc": "同根"
        },
        "usspeech": "narrative&type=2",
        "trans": [
          {
            "tranCn": "故事；叙述",
            "descOther": "英释",
            "descCn": "中释",
            "pos": "n",
            "tranOther": "a description of events in a story, especially in a novel"
          }
        ]
      }
    }
  },
  "bookId": "IELTSluan_2"
}