{
  "wordRank": 1025,
  "headWord": "oblong",
  "content": {
    "word": {
      "wordHead": "oblong",
      "wordId": "IELTSluan_2_1025",
      "content": {
        "sentence": {
          "sentences": [
            {
              "sContent": "...an oblong table.",
              "sCn": "...一张长方形桌子。"
            }
          ],
          "desc": "例句"
        },
        "usphone": "'ɑblɔŋ",
        "syno": {
          "synos": [
            {
              "pos": "adj",
              "tran": "椭圆形的；[数]长方形的",
              "hwds": [
                {
                  "w": "elliptic"
                },
                {
                  "w": "oval-shaped"
                }
              ]
            },
            {
              "pos": "n",
              "tran": "椭圆形；[数]长方形",
              "hwds": [
                {
                  "w": "ellipse"
                },
                {
                  "w": "elliptical shape"
                }
              ]
            }
          ],
          "desc": "同近"
        },
        "ukphone": "'ɒblɒŋ",
        "ukspeech": "oblong&type=1",
        "star": 0,
        "phone": "'ɔblɔŋ, -lɔ:ŋ",
        "speech": "oblong",
        "usspeech": "oblong&type=2",
        "trans": [
          {
            "tranCn": "长方形(的)",
            "descOther": "英释",
            "descCn": "中释",
            "pos": "n&a",
            "tranOther": "An oblong is a shape which has two long sides and two short sides and in which all the angles are right angles"
          }
        ]
      }
    }
  },
  "bookId": "IELTSluan_2"
}