{
  "wordRank": 1026,
  "headWord": "sacrifice",
  "content": {
    "word": {
      "wordHead": "sacrifice",
      "wordId": "IELTSluan_2_1026",
      "content": {
        "sentence": {
          "sentences": [
            {
              "sContent": "The minister stressed the need for economic sacrifice.",
              "sCn": "部长强调了在经济上作出牺牲的必要性。"
            },
            {
              "sContent": "The workforce were willing to make sacrifices in order to preserve jobs.",
              "sCn": "雇员为了保住饭碗情愿作出牺牲。"
            },
            {
              "sContent": "She brought three children up single-handedly, often at great personal sacrifice .",
              "sCn": "她独自一人把三个孩子带大，常常需要作出巨大的个人牺牲。"
            }
          ],
          "desc": "例句"
        },
        "usphone": "'sækrɪfaɪs",
        "ukspeech": "sacrifice&type=1",
        "star": 0,
        "usspeech": "sacrifice&type=2",
        "syno": {
          "synos": [
            {
              "pos": "n",
              "tran": "牺牲；祭品；供奉",
              "hwds": [
                {
                  "w": "offering"
                },
                {
                  "w": "victimization"
                }
              ]
            },
            {
              "pos": "vt",
              "tran": "牺牲；献祭；亏本出售",
              "hwds": [
                {
                  "w": "immolate"
                },
                {
                  "w": "martyr"
                }
              ]
            },
            {
              "pos": "vi",
              "tran": "献祭；奉献",
              "hwds": [
                {
                  "w": "offer"
                },
                {
                  "w": "devote  to"
                }
              ]
            }
          ],
          "desc": "同近"
        },
        "ukphone": "'sækrɪfaɪs",
        "phrase": {
          "phrases": [
            {
              "pContent": "human sacrifice",
              "pCn": "人祭；活人献祭"
            },
            {
              "pContent": "at the sacrifice of",
              "pCn": "以牺牲…为代价"
            }
          ],
          "desc": "短语"
        },
        "phone": "'sækrifais",
        "speech": "sacrifice",
        "remMethod": {
          "val": " sacr(神圣的) + i + fic (做) + e → 为了神圣的事情而去做 → 牺牲， 献祭",
          "desc": "记忆"
        },
        "relWord": {
          "rels": [
            {
              "pos": "adj",
              "words": [
                {
                  "hwd": "sacrificial",
                  "tran": " 牺牲的；献祭的"
                }
              ]
            }
          ],
          "desc": "同根"
        },
        "trans": [
          {
            "tranCn": "献祭；牺牲",
            "descOther": "英释",
            "descCn": "中释",
            "pos": "n&v",
            "tranOther": "when you decide not to have something valuable, in order to get something that is more important"
          }
        ]
      }
    }
  },
  "bookId": "IELTSluan_2"
}