{
  "wordRank": 1027,
  "headWord": "pacify",
  "content": {
    "word": {
      "wordHead": "pacify",
      "wordId": "IELTSluan_2_1027",
      "content": {
        "sentence": {
          "sentences": [
            {
              "sContent": "‘You’re right,’ Rita said, in order to pacify him.",
              "sCn": "“你是对的。”丽塔安抚他道。"
            }
          ],
          "desc": "例句"
        },
        "usphone": "'pæsə'fai",
        "syno": {
          "synos": [
            {
              "pos": "vt",
              "tran": "使平静；安慰；平定",
              "hwds": [
                {
                  "w": "calm"
                },
                {
                  "w": "comfort"
                },
                {
                  "w": "quiet"
                },
                {
                  "w": "compose"
                }
              ]
            }
          ],
          "desc": "同近"
        },
        "ukphone": "'pæsɪfaɪ",
        "ukspeech": "pacify&type=1",
        "star": 0,
        "phone": "'pæsifai",
        "speech": "pacify",
        "relWord": {
          "rels": [
            {
              "pos": "adj",
              "words": [
                {
                  "hwd": "pacific",
                  "tran": " 和平的；温和的；平静的"
                },
                {
                  "hwd": "pacifist",
                  "tran": " 非战主义的"
                }
              ]
            },
            {
              "pos": "n",
              "words": [
                {
                  "hwd": "pacifist",
                  "tran": " 和平主义者"
                },
                {
                  "hwd": "pacification",
                  "tran": " 和解；平定；讲和；绥靖"
                },
                {
                  "hwd": "pacificism",
                  "tran": " 和平主义（等于pacifism）"
                },
                {
                  "hwd": "pacificist",
                  "tran": " 和平主义者；反战主义者"
                }
              ]
            }
          ],
          "desc": "同根"
        },
        "usspeech": "pacify&type=2",
        "trans": [
          {
            "tranCn": "抚慰；平静；平安；绥靖",
            "descOther": "英释",
            "descCn": "中释",
            "pos": "v",
            "tranOther": "to make someone calm, quiet, and satisfied after they have been angry or upset"
          }
        ]
      }
    }
  },
  "bookId": "IELTSluan_2"
}