{
  "wordRank": 1028,
  "headWord": "cocaine",
  "content": {
    "word": {
      "wordHead": "cocaine",
      "wordId": "IELTSluan_2_1028",
      "content": {
        "sentence": {
          "sentences": [
            {
              "sContent": "The police report said she was doing cocaine.",
              "sContent_eng": "The police report said she was doing <b>cocaine</b>.",
              "sSpeech": "The+police+report+said+she+was+doing+cocaine.&le=eng",
              "sCn": "警方报告说她正在吸可卡因。"
            },
            {
              "sContent": "What do gambling, sex, heroin and cocaine — and the other things that can addict us — have in common?",
              "sContent_eng": "What do gambling, sex, heroin and <b>cocaine</b> — and the other things that can addict us — have in common?",
              "sSpeech": "What+do+gambling%2C+sex%2C+heroin+and+cocaine+%E2%80%94+and+the+other+things+that+can+addict+us+%E2%80%94+have+in+common%3F&le=eng",
              "sCn": "赌博、性爱、海洛因和可卡因以及其他能导致我们上瘾的事物，到底有什么共同点？"
            },
            {
              "sContent": "To investigate, his team injected cocaine, capsaicin or both at once into the abdomens of several groups of about 30 mice.",
              "sContent_eng": "To investigate, his team injected <b>cocaine</b>, capsaicin or both at once into the abdomens of several groups of about 30 mice.",
              "sSpeech": "To+investigate%2C+his+team+injected+cocaine%2C+capsaicin+or+both+at+once+into+the+abdomens+of+several+groups+of+about+30+mice.&le=eng",
              "sCn": "他的团队将辣椒素或可卡因中的一种，或同时将两种注射进几组老鼠的腹部，每组约30只。"
            }
          ],
          "desc": "例句"
        },
        "usphone": "ko'ken",
        "syno": {
          "synos": [
            {
              "pos": "n",
              "tran": "[药]可卡因",
              "hwds": [
                {
                  "w": "coke"
                },
                {
                  "w": "Bernie"
                }
              ]
            }
          ],
          "desc": "同近"
        },
        "ukphone": "kə(ʊ)'keɪn",
        "ukspeech": "cocaine&type=1",
        "star": 0,
        "phrase": {
          "phrases": [
            {
              "pContent": "crack cocaine",
              "pCn": "可卡因；快克古柯碱；霹雳可卡因"
            }
          ],
          "desc": "短语"
        },
        "phone": "kə'kein",
        "speech": "cocaine",
        "usspeech": "cocaine&type=2",
        "trans": [
          {
            "tranCn": "可卡因，古柯碱",
            "descOther": "英释",
            "descCn": "中释",
            "pos": "n",
            "tranOther": "a drug, usually in the form of a white powder, that is taken illegally for pleasure or used in some medical situations to prevent pain"
          }
        ]
      }
    }
  },
  "bookId": "IELTSluan_2"
}