{
  "wordRank": 1029,
  "headWord": "interpret",
  "content": {
    "word": {
      "wordHead": "interpret",
      "wordId": "IELTSluan_2_1029",
      "content": {
        "sentence": {
          "sentences": [
            {
              "sContent": "They spoke good Spanish, and promised to interpret for me.",
              "sCn": "他们西班牙语说得很好，答应替我翻译。"
            }
          ],
          "desc": "例句"
        },
        "usphone": "ɪn'tɝprɪt",
        "ukspeech": "interpret&type=1",
        "star": 0,
        "usspeech": "interpret&type=2",
        "syno": {
          "synos": [
            {
              "pos": "vt",
              "tran": "说明；口译",
              "hwds": [
                {
                  "w": "say"
                },
                {
                  "w": "bring sb to do sth"
                }
              ]
            },
            {
              "pos": "vi",
              "tran": "解释；翻译",
              "hwds": [
                {
                  "w": "account"
                },
                {
                  "w": "translate"
                }
              ]
            }
          ],
          "desc": "同近"
        },
        "ukphone": "ɪn'tɜːprɪt",
        "phrase": {
          "phrases": [
            {
              "pContent": "right to interpret",
              "pCn": "解释权"
            }
          ],
          "desc": "短语"
        },
        "phone": "in'tə:prit",
        "speech": "interpret",
        "remMethod": {
          "val": " inter(在…之间) + pret → 在两种语言之间沟通 → 口译， 翻译",
          "desc": "记忆"
        },
        "relWord": {
          "rels": [
            {
              "pos": "adj",
              "words": [
                {
                  "hwd": "interpretive",
                  "tran": " 解释的；作为说明的"
                },
                {
                  "hwd": "interpretative",
                  "tran": " 解释的；作为说明的"
                },
                {
                  "hwd": "interpretable",
                  "tran": " 可说明的；可判断的；可翻译的"
                }
              ]
            },
            {
              "pos": "n",
              "words": [
                {
                  "hwd": "interpretation",
                  "tran": " 解释；翻译；演出"
                },
                {
                  "hwd": "interpreter",
                  "tran": " 解释者；口译者；注释器"
                }
              ]
            }
          ],
          "desc": "同根"
        },
        "trans": [
          {
            "tranCn": "解释，说明，认为的意思；口译",
            "descOther": "英释",
            "descCn": "中释",
            "pos": "v",
            "tranOther": "to translate spoken words from one language into another"
          }
        ]
      }
    }
  },
  "bookId": "IELTSluan_2"
}