{
  "wordRank": 103,
  "headWord": "authority",
  "content": {
    "word": {
      "wordHead": "authority",
      "wordId": "IELTSluan_2_103",
      "content": {
        "sentence": {
          "sentences": [
            {
              "sContent": "an agreement between the US and Colombian authorities",
              "sCn": "美国和哥伦比亚当局的一份协议"
            }
          ],
          "desc": "例句"
        },
        "usphone": "ə'θɔrəti",
        "syno": {
          "synos": [
            {
              "pos": "n",
              "tran": "权威；[法]权力；当局",
              "hwds": [
                {
                  "w": "rod"
                },
                {
                  "w": "jurisdiction"
                }
              ]
            }
          ],
          "desc": "同近"
        },
        "ukphone": "ɔː'θɒrɪtɪ",
        "ukspeech": "authority&type=1",
        "star": 0,
        "phrase": {
          "phrases": [
            {
              "pContent": "competent authority",
              "pCn": "[法]主管当局，主管部门"
            },
            {
              "pContent": "authority on",
              "pCn": "有关…的权威；…的专家"
            },
            {
              "pContent": "local authority",
              "pCn": "地方当局；地方政权"
            },
            {
              "pContent": "administrative authority",
              "pCn": "行政当局"
            },
            {
              "pContent": "tax authority",
              "pCn": "税务机关"
            },
            {
              "pContent": "public authority",
              "pCn": "公共机关；政府当局"
            },
            {
              "pContent": "in authority",
              "pCn": "有权；持有权力的地位"
            },
            {
              "pContent": "judicial authority",
              "pCn": "司法机关"
            },
            {
              "pContent": "legal authority",
              "pCn": "法定权威"
            },
            {
              "pContent": "central authority",
              "pCn": "中央集权"
            },
            {
              "pContent": "monetary authority",
              "pCn": "货币当局；金融管理专员"
            },
            {
              "pContent": "port authority",
              "pCn": "港务局"
            },
            {
              "pContent": "approval authority",
              "pCn": "批准机关；核准权"
            },
            {
              "pContent": "regulatory authority",
              "pCn": "管理机构；制定规章的机构；执行机构"
            },
            {
              "pContent": "aviation authority",
              "pCn": "民航当局"
            },
            {
              "pContent": "have authority",
              "pCn": "管理；有管辖权"
            },
            {
              "pContent": "limits of authority",
              "pCn": "税收管理权和权限，权限"
            },
            {
              "pContent": "by the authority of",
              "pCn": "以…的权力；得到…许可"
            },
            {
              "pContent": "certificate authority",
              "pCn": "凭证管理中心；认证授权"
            },
            {
              "pContent": "authority control",
              "pCn": "权限控制；权威控制"
            }
          ],
          "desc": "短语"
        },
        "phone": "ɔ:'θɔrəti",
        "speech": "authority",
        "relWord": {
          "rels": [
            {
              "pos": "adj",
              "words": [
                {
                  "hwd": "authoritative",
                  "tran": " 有权威的；命令式的；当局的"
                },
                {
                  "hwd": "authoritarian",
                  "tran": " 独裁主义的；权力主义的"
                }
              ]
            },
            {
              "pos": "adv",
              "words": [
                {
                  "hwd": "authoritatively",
                  "tran": " 权威地；命令式地；可信地"
                }
              ]
            },
            {
              "pos": "n",
              "words": [
                {
                  "hwd": "authoritarian",
                  "tran": " 权力主义者；独裁主义者"
                },
                {
                  "hwd": "authoritarianism",
                  "tran": " 独裁主义；权力主义"
                }
              ]
            }
          ],
          "desc": "同根"
        },
        "usspeech": "authority&type=2",
        "trans": [
          {
            "tranCn": "威信；当局；权威；权力",
            "descOther": "英释",
            "descCn": "中释",
            "pos": "n",
            "tranOther": "the power you have because of your official position"
          }
        ]
      }
    }
  },
  "bookId": "IELTSluan_2"
}