{
  "wordRank": 1030,
  "headWord": "conducive",
  "content": {
    "word": {
      "wordHead": "conducive",
      "wordId": "IELTSluan_2_1030",
      "content": {
        "sentence": {
          "sentences": [
            {
              "sContent": "an environment conducive to learning",
              "sCn": "有助于学习的环境"
            }
          ],
          "desc": "例句"
        },
        "usphone": "kən'dusɪv",
        "syno": {
          "synos": [
            {
              "pos": "adj",
              "tran": "有益的；有助于…的",
              "hwds": [
                {
                  "w": "beneficial"
                },
                {
                  "w": "helpful"
                },
                {
                  "w": "useful"
                },
                {
                  "w": "advantageous"
                },
                {
                  "w": "profitable"
                }
              ]
            }
          ],
          "desc": "同近"
        },
        "ukphone": "kən'djuːsɪv",
        "ukspeech": "conducive&type=1",
        "star": 0,
        "phone": "kən'dju:siv",
        "speech": "conducive",
        "relWord": {
          "rels": [
            {
              "pos": "n",
              "words": [
                {
                  "hwd": "conduciveness",
                  "tran": " 促成；诱因"
                }
              ]
            },
            {
              "pos": "vi",
              "words": [
                {
                  "hwd": "conduce",
                  "tran": " 导致；有益，有贡献于"
                }
              ]
            }
          ],
          "desc": "同根"
        },
        "usspeech": "conducive&type=2",
        "trans": [
          {
            "tranCn": "有助于的；有益于的",
            "descOther": "英释",
            "descCn": "中释",
            "pos": "adj",
            "tranOther": "if a situation is conducive to something such as work, rest etc, it provides conditions that make it easy for you to work etc"
          }
        ]
      }
    }
  },
  "bookId": "IELTSluan_2"
}