{
  "wordRank": 1031,
  "headWord": "tremble",
  "content": {
    "word": {
      "wordHead": "tremble",
      "wordId": "IELTSluan_2_1031",
      "content": {
        "sentence": {
          "sentences": [
            {
              "sContent": "His lip started to tremble and then he started to cry.",
              "sCn": "他的嘴唇开始颤抖，接着就哭了起来。"
            }
          ],
          "desc": "例句"
        },
        "usphone": "'trɛmbl",
        "syno": {
          "synos": [
            {
              "pos": "vi",
              "tran": "发抖；战栗；焦虑；摇晃",
              "hwds": [
                {
                  "w": "roll"
                },
                {
                  "w": "rock"
                }
              ]
            },
            {
              "pos": "n",
              "tran": "颤抖；战栗；摇晃",
              "hwds": [
                {
                  "w": "roll"
                },
                {
                  "w": "frisson"
                }
              ]
            }
          ],
          "desc": "同近"
        },
        "ukphone": "'tremb(ə)l",
        "ukspeech": "tremble&type=1",
        "star": 0,
        "phone": "'trembl",
        "speech": "tremble",
        "relWord": {
          "rels": [
            {
              "pos": "adj",
              "words": [
                {
                  "hwd": "trembling",
                  "tran": " 发抖的；战栗的；哆嗦的"
                },
                {
                  "hwd": "tremulous",
                  "tran": " 胆小的；战栗的；震颤的"
                }
              ]
            },
            {
              "pos": "adv",
              "words": [
                {
                  "hwd": "tremulously",
                  "tran": " 发抖地；震颤地；歪斜地；过分敏感地"
                }
              ]
            },
            {
              "pos": "n",
              "words": [
                {
                  "hwd": "trembling",
                  "tran": " 发抖；战栗；担心"
                },
                {
                  "hwd": "trembler",
                  "tran": " 震颤的东西；发抖的人；摇尾鸟"
                }
              ]
            },
            {
              "pos": "v",
              "words": [
                {
                  "hwd": "trembling",
                  "tran": " 颤抖（tremble的ing形式）；战悚"
                }
              ]
            }
          ],
          "desc": "同根"
        },
        "usspeech": "tremble&type=2",
        "trans": [
          {
            "tranCn": "发抖，震颤",
            "descOther": "英释",
            "descCn": "中释",
            "pos": "vi&n",
            "tranOther": "to shake slightly in a way that you cannot control, especially because you are upset or frightened"
          }
        ]
      }
    }
  },
  "bookId": "IELTSluan_2"
}