{
  "wordRank": 1032,
  "headWord": "rack",
  "content": {
    "word": {
      "wordHead": "rack",
      "wordId": "IELTSluan_2_1032",
      "content": {
        "usphone": "ræk",
        "syno": {
          "synos": [
            {
              "pos": "n",
              "tran": "[机]齿条；[交]行李架；拷问台",
              "hwds": [
                {
                  "w": "toothed bar"
                },
                {
                  "w": "baggage holder"
                }
              ]
            },
            {
              "pos": "vi",
              "tran": "变形；随风飘；小步跑",
              "hwds": [
                {
                  "w": "become deformed"
                },
                {
                  "w": "to morph"
                }
              ]
            },
            {
              "pos": "vt",
              "tran": "折磨；榨取",
              "hwds": [
                {
                  "w": "harry"
                },
                {
                  "w": "extract"
                },
                {
                  "w": "milk"
                },
                {
                  "w": "worry"
                },
                {
                  "w": "trouble"
                }
              ]
            }
          ],
          "desc": "同近"
        },
        "ukphone": "ræk",
        "ukspeech": "rack&type=1",
        "star": 0,
        "phrase": {
          "phrases": [
            {
              "pContent": "on the rack",
              "pCn": "十分痛苦"
            },
            {
              "pContent": "rack with",
              "pCn": "遭受（痛苦等）；受…的折磨"
            },
            {
              "pContent": "clothes rack",
              "pCn": "衣架"
            },
            {
              "pContent": "towel rack",
              "pCn": "n. 毛巾架"
            },
            {
              "pContent": "luggage rack",
              "pCn": "行李架"
            },
            {
              "pContent": "storage rack",
              "pCn": "存放架；带卷垛存台架"
            },
            {
              "pContent": "gear rack",
              "pCn": "齿条；齿轮齿条"
            },
            {
              "pContent": "rack up",
              "pCn": "击倒，获胜"
            },
            {
              "pContent": "off the rack",
              "pCn": "现成的"
            },
            {
              "pContent": "pipe rack",
              "pCn": "烟斗架"
            },
            {
              "pContent": "drying rack",
              "pCn": "晒衣架；干燥器"
            },
            {
              "pContent": "wine rack",
              "pCn": "放葡萄酒的架子；酒架；壁挂酒架"
            },
            {
              "pContent": "rack and pinion",
              "pCn": "齿条与齿轮"
            },
            {
              "pContent": "trash rack",
              "pCn": "拦污栅"
            },
            {
              "pContent": "rack and ruin",
              "pCn": "损坏；毁灭；荒芜；分崩离析"
            },
            {
              "pContent": "roof rack",
              "pCn": "车顶行李架；行李架"
            },
            {
              "pContent": "rack system",
              "pCn": "托架系统"
            },
            {
              "pContent": "rack of lamb",
              "pCn": "n. 小羊肋骨肉"
            },
            {
              "pContent": "magazine rack",
              "pCn": "杂志架；期刊架；书报杂志架"
            },
            {
              "pContent": "steering rack",
              "pCn": "转向齿条，转向器"
            }
          ],
          "desc": "短语"
        },
        "speech": "rack",
        "relWord": {
          "rels": [
            {
              "pos": "adj",
              "words": [
                {
                  "hwd": "racking",
                  "tran": " 拷问的；折磨人的"
                }
              ]
            },
            {
              "pos": "n",
              "words": [
                {
                  "hwd": "racking",
                  "tran": " 推压动作"
                },
                {
                  "hwd": "racker",
                  "tran": " 行拷刑者；使人痛苦的人"
                }
              ]
            },
            {
              "pos": "v",
              "words": [
                {
                  "hwd": "racking",
                  "tran": " 折磨；使...痛苦；加以拷问（rack的ing形式）"
                }
              ]
            }
          ],
          "desc": "同根"
        },
        "usspeech": "rack&type=2",
        "trans": [
          {
            "tranCn": "行李架",
            "descCn": "中释",
            "pos": "n"
          }
        ]
      }
    }
  },
  "bookId": "IELTSluan_2"
}