{
  "wordRank": 1033,
  "headWord": "carton",
  "content": {
    "word": {
      "wordHead": "carton",
      "wordId": "IELTSluan_2_1033",
      "content": {
        "sentence": {
          "sentences": [
            {
              "sContent": "a milk carton",
              "sCn": "牛奶盒"
            }
          ],
          "desc": "例句"
        },
        "usphone": "'kɑrtn",
        "syno": {
          "synos": [
            {
              "pos": "n",
              "tran": "纸板箱；靶心白点",
              "hwds": [
                {
                  "w": "cardboard"
                },
                {
                  "w": "carboard"
                }
              ]
            }
          ],
          "desc": "同近"
        },
        "ukphone": "'kɑːt(ə)n",
        "ukspeech": "carton&type=1",
        "star": 0,
        "phrase": {
          "phrases": [
            {
              "pContent": "carton box",
              "pCn": "纸箱；硬纸盒；纸箱抗压机"
            },
            {
              "pContent": "folding carton",
              "pCn": "折叠纸盒；折叠箱"
            },
            {
              "pContent": "paper carton",
              "pCn": "纸箱，包装纸板盒"
            },
            {
              "pContent": "corrugated carton",
              "pCn": "瓦楞纸箱；瓦楞纸板箱"
            },
            {
              "pContent": "carton size",
              "pCn": "纸箱尺寸；包装尺寸"
            },
            {
              "pContent": "master carton",
              "pCn": "马斯特箱；标准纸箱；大箱；外箱"
            },
            {
              "pContent": "export carton",
              "pCn": "出口箱"
            }
          ],
          "desc": "短语"
        },
        "phone": "'kɑ:tən",
        "speech": "carton",
        "relWord": {
          "rels": [
            {
              "pos": "n",
              "words": [
                {
                  "hwd": "cartography",
                  "tran": " 地图制作，制图；制图学，绘图法"
                },
                {
                  "hwd": "cartographer",
                  "tran": " 制图师；地图制作者"
                }
              ]
            }
          ],
          "desc": "同根"
        },
        "usspeech": "carton&type=2",
        "trans": [
          {
            "tranCn": "纸板箱，塑料箱",
            "descOther": "英释",
            "descCn": "中释",
            "pos": "n",
            "tranOther": "a small box made of  cardboard  or plastic that contains food or a drink"
          }
        ]
      }
    }
  },
  "bookId": "IELTSluan_2"
}