{
  "wordRank": 1034,
  "headWord": "perish",
  "content": {
    "word": {
      "wordHead": "perish",
      "wordId": "IELTSluan_2_1034",
      "content": {
        "sentence": {
          "sentences": [
            {
              "sContent": "Hundreds perished when the ship went down.",
              "sCn": "轮船沉没，数百人罹难。"
            }
          ],
          "desc": "例句"
        },
        "usphone": "'pɛrɪʃ",
        "syno": {
          "synos": [
            {
              "pos": "vt",
              "tran": "使麻木；毁坏",
              "hwds": [
                {
                  "w": "destroy"
                },
                {
                  "w": "damage"
                }
              ]
            },
            {
              "pos": "vi",
              "tran": "死亡；毁灭；腐烂；枯萎",
              "hwds": [
                {
                  "w": "die"
                },
                {
                  "w": "flag"
                }
              ]
            }
          ],
          "desc": "同近"
        },
        "ukphone": "'perɪʃ",
        "ukspeech": "perish&type=1",
        "star": 0,
        "phrase": {
          "phrases": [
            {
              "pContent": "perish the thought",
              "pCn": "打消念头"
            }
          ],
          "desc": "短语"
        },
        "phone": "'periʃ",
        "speech": "perish",
        "relWord": {
          "rels": [
            {
              "pos": "adj",
              "words": [
                {
                  "hwd": "perishable",
                  "tran": " 易腐坏的；易毁灭的；会枯萎的"
                }
              ]
            },
            {
              "pos": "n",
              "words": [
                {
                  "hwd": "perishable",
                  "tran": " 容易腐坏的东西"
                },
                {
                  "hwd": "perishability",
                  "tran": " 非持久性；易腐性"
                },
                {
                  "hwd": "perishableness",
                  "tran": " 腐败性；易朽性"
                },
                {
                  "hwd": "perisher",
                  "tran": " 讨厌的人；死亡的东西；做事卤莽的人"
                }
              ]
            }
          ],
          "desc": "同根"
        },
        "usspeech": "perish&type=2",
        "trans": [
          {
            "tranCn": "灭亡，使痛苦；腐朽",
            "descOther": "英释",
            "descCn": "中释",
            "pos": "vt&vi",
            "tranOther": "to die, especially in a terrible or sudden way"
          }
        ]
      }
    }
  },
  "bookId": "IELTSluan_2"
}