{
  "wordRank": 1035,
  "headWord": "scatter",
  "content": {
    "word": {
      "wordHead": "scatter",
      "wordId": "IELTSluan_2_1035",
      "content": {
        "sentence": {
          "sentences": [
            {
              "sContent": "The sound of gunfire made the crowd scatter in all directions.",
              "sCn": "枪声使人群四散奔逃。"
            }
          ],
          "desc": "例句"
        },
        "usphone": "'skætɚ",
        "syno": {
          "synos": [
            {
              "pos": "vi",
              "tran": "分散，散开；[军]散射",
              "hwds": [
                {
                  "w": "spread around"
                },
                {
                  "w": "spread about"
                }
              ]
            },
            {
              "pos": "vt",
              "tran": "[军]使散射；使散开，使分散；使散播，使撒播",
              "hwds": [
                {
                  "w": "disject"
                },
                {
                  "w": "disperse"
                }
              ]
            },
            {
              "pos": "n",
              "tran": "分散；散播，撒播",
              "hwds": [
                {
                  "w": "dissemination"
                },
                {
                  "w": "decentralization"
                }
              ]
            }
          ],
          "desc": "同近"
        },
        "ukphone": "'skætə",
        "ukspeech": "scatter&type=1",
        "star": 0,
        "phone": "'skætə",
        "speech": "scatter",
        "remMethod": {
          "val": " s + cat(猫) + ter → 老鼠一见到猫就四处逃散 → 散开",
          "desc": "记忆"
        },
        "relWord": {
          "rels": [
            {
              "pos": "adj",
              "words": [
                {
                  "hwd": "scattered",
                  "tran": " 分散的；散乱的"
                },
                {
                  "hwd": "scattering",
                  "tran": " 分散的"
                },
                {
                  "hwd": "scattershot",
                  "tran": " 漫无目标的；任意的"
                }
              ]
            },
            {
              "pos": "int",
              "words": [
                {
                  "hwd": "scat",
                  "tran": " 嘘（赶猫等的呼声）"
                }
              ]
            },
            {
              "pos": "n",
              "words": [
                {
                  "hwd": "scattering",
                  "tran": " 散射；分散"
                },
                {
                  "hwd": "scat",
                  "tran": " 拟声唱法"
                },
                {
                  "hwd": "scattershot",
                  "tran": " 散射"
                }
              ]
            },
            {
              "pos": "v",
              "words": [
                {
                  "hwd": "scattering",
                  "tran": " 散射；散布；驱散（scatter的ing形式）"
                }
              ]
            },
            {
              "pos": "vi",
              "words": [
                {
                  "hwd": "scat",
                  "tran": " 用拟声唱法唱；走开"
                }
              ]
            }
          ],
          "desc": "同根"
        },
        "usspeech": "scatter&type=2",
        "trans": [
          {
            "tranCn": "打散；撒；散布",
            "descOther": "英释",
            "descCn": "中释",
            "pos": "v",
            "tranOther": "if someone scatters a lot of things, or if they scatter, they are thrown or dropped over a wide area in an irregular way"
          }
        ]
      }
    }
  },
  "bookId": "IELTSluan_2"
}