{
  "wordRank": 1036,
  "headWord": "tension",
  "content": {
    "word": {
      "wordHead": "tension",
      "wordId": "IELTSluan_2_1036",
      "content": {
        "sentence": {
          "sentences": [
            {
              "sContent": "The tension was becoming unbearable, and I wanted to scream.",
              "sCn": "这种紧张变得难以忍受，我真想大声尖叫。"
            }
          ],
          "desc": "例句"
        },
        "usphone": "'tɛnʃən",
        "syno": {
          "synos": [
            {
              "pos": "n",
              "tran": "张力，拉力；紧张，不安；电压",
              "hwds": [
                {
                  "w": "strain"
                },
                {
                  "w": "intensity"
                },
                {
                  "w": "stress"
                }
              ]
            },
            {
              "pos": "vt",
              "tran": "使紧张；使拉紧",
              "hwds": [
                {
                  "w": "stress"
                },
                {
                  "w": "wind up"
                }
              ]
            }
          ],
          "desc": "同近"
        },
        "ukphone": "'tenʃ(ə)n",
        "ukspeech": "tension&type=1",
        "star": 0,
        "phrase": {
          "phrases": [
            {
              "pContent": "surface tension",
              "pCn": "表面张力"
            },
            {
              "pContent": "tension control",
              "pCn": "n. 张力控制"
            },
            {
              "pContent": "interfacial tension",
              "pCn": "[物]界面张力"
            },
            {
              "pContent": "high tension",
              "pCn": "[电]高电压"
            },
            {
              "pContent": "tension stress",
              "pCn": "[物理]拉应力；张应力"
            },
            {
              "pContent": "tension test",
              "pCn": "拉伸试验；张力试验"
            },
            {
              "pContent": "uniaxial tension",
              "pCn": "单轴拉伸；单向拉伸；单轴向张力"
            },
            {
              "pContent": "winding tension",
              "pCn": "缠绕张力"
            },
            {
              "pContent": "tension force",
              "pCn": "张力"
            },
            {
              "pContent": "tension strength",
              "pCn": "拉力强度"
            },
            {
              "pContent": "tension device",
              "pCn": "张紧装置；拉紧装置；张力装置"
            },
            {
              "pContent": "low tension",
              "pCn": "低压的；低电压；带低压的"
            },
            {
              "pContent": "ease the tension",
              "pCn": "缓和紧张状况；缓和紧张局势"
            },
            {
              "pContent": "axial tension",
              "pCn": "轴向拉力，轴心受拉"
            },
            {
              "pContent": "belt tension",
              "pCn": "皮带张力"
            },
            {
              "pContent": "nervous tension",
              "pCn": "神经紧张"
            },
            {
              "pContent": "chain tension",
              "pCn": "链条张力"
            },
            {
              "pContent": "initial tension",
              "pCn": "初张力"
            },
            {
              "pContent": "critical surface tension",
              "pCn": "临界表面张力"
            },
            {
              "pContent": "tension meter",
              "pCn": "拉力计，张力计；牵引测力计"
            }
          ],
          "desc": "短语"
        },
        "phone": "'tenʃən",
        "speech": "tension",
        "relWord": {
          "rels": [
            {
              "pos": "adj",
              "words": [
                {
                  "hwd": "tense",
                  "tran": " 紧张的；拉紧的"
                },
                {
                  "hwd": "tensile",
                  "tran": " [力] 拉力的；可伸长的；可拉长的"
                },
                {
                  "hwd": "tensed",
                  "tran": " 紧的；紧张的"
                },
                {
                  "hwd": "tensional",
                  "tran": " 张力的；紧张的"
                }
              ]
            },
            {
              "pos": "adv",
              "words": [
                {
                  "hwd": "tensely",
                  "tran": " 紧张地；拉紧地"
                }
              ]
            },
            {
              "pos": "n",
              "words": [
                {
                  "hwd": "tense",
                  "tran": " 时态"
                },
                {
                  "hwd": "tensor",
                  "tran": " [数] 张量；[解剖] 张肌"
                },
                {
                  "hwd": "tenseness",
                  "tran": " 紧张；绷紧"
                },
                {
                  "hwd": "tensiometer",
                  "tran": " 张力计；表面张力计；土壤湿度计"
                },
                {
                  "hwd": "tensity",
                  "tran": " 紧张度，紧张"
                }
              ]
            },
            {
              "pos": "v",
              "words": [
                {
                  "hwd": "tensed",
                  "tran": " 拉紧；变为紧张（tense的过去分词）"
                }
              ]
            },
            {
              "pos": "vi",
              "words": [
                {
                  "hwd": "tense",
                  "tran": " 拉紧，变得紧张"
                }
              ]
            },
            {
              "pos": "vt",
              "words": [
                {
                  "hwd": "tense",
                  "tran": " 变得紧张；使拉紧"
                }
              ]
            }
          ],
          "desc": "同根"
        },
        "usspeech": "tension&type=2",
        "trans": [
          {
            "tranCn": "紧张局势；情绪紧张；不安状态",
            "descOther": "英释",
            "descCn": "中释",
            "pos": "n",
            "tranOther": "the feeling that exists when people or countries do not trust each other and may suddenly attack each other or start arguing"
          }
        ]
      }
    }
  },
  "bookId": "IELTSluan_2"
}