{
  "wordRank": 1037,
  "headWord": "exclude",
  "content": {
    "word": {
      "wordHead": "exclude",
      "wordId": "IELTSluan_2_1037",
      "content": {
        "sentence": {
          "sentences": [
            {
              "sContent": "a special diet that excludes dairy products",
              "sCn": "不包含奶制品的特别食谱"
            },
            {
              "sContent": "The judges decided to exclude evidence which had been unfairly attained.",
              "sCn": "法官裁决不接纳以不正当手段获取的证据。"
            }
          ],
          "desc": "例句"
        },
        "usphone": "ɪk'sklʊd",
        "antos": {
          "anto": [
            {
              "hwd": "include"
            }
          ],
          "desc": "反义"
        },
        "ukspeech": "exclude&type=1",
        "star": 0,
        "usspeech": "exclude&type=2",
        "syno": {
          "synos": [
            {
              "pos": "vt",
              "tran": "排除；排斥；拒绝接纳；逐出",
              "hwds": [
                {
                  "w": "preclude"
                },
                {
                  "w": "rule out"
                }
              ]
            }
          ],
          "desc": "同近"
        },
        "ukphone": "ɪk'skluːd; ek-",
        "phone": "iks'klu:d",
        "speech": "exclude",
        "remMethod": {
          "val": " ex(出) + clud(关闭) + e → 关出去 → 把…排斥在外",
          "desc": "记忆"
        },
        "relWord": {
          "rels": [
            {
              "pos": "adj",
              "words": [
                {
                  "hwd": "exclusive",
                  "tran": " 独有的；排外的；专一的"
                }
              ]
            },
            {
              "pos": "adv",
              "words": [
                {
                  "hwd": "exclusively",
                  "tran": " 唯一地；专有地；排外地"
                }
              ]
            },
            {
              "pos": "n",
              "words": [
                {
                  "hwd": "exclusive",
                  "tran": " 独家新闻；独家经营的项目；排外者"
                },
                {
                  "hwd": "exclusion",
                  "tran": " 排除；排斥；驱逐；被排除在外的事物"
                },
                {
                  "hwd": "exclusiveness",
                  "tran": " 排他性；排外性；独占"
                }
              ]
            }
          ],
          "desc": "同根"
        },
        "trans": [
          {
            "tranCn": "把某人排除在外，排除(可能性等)",
            "descOther": "英释",
            "descCn": "中释",
            "pos": "v",
            "tranOther": "to deliberately not include something"
          }
        ]
      }
    }
  },
  "bookId": "IELTSluan_2"
}