{
  "wordRank": 1038,
  "headWord": "flake",
  "content": {
    "word": {
      "wordHead": "flake",
      "wordId": "IELTSluan_2_1038",
      "content": {
        "sentence": {
          "sentences": [
            {
              "sContent": "chocolate flakes",
              "sCn": "巧克力薄片"
            }
          ],
          "desc": "例句"
        },
        "usphone": "flek",
        "syno": {
          "synos": [
            {
              "pos": "vi",
              "tran": "剥落；成片状剥落",
              "hwds": [
                {
                  "w": "chip"
                },
                {
                  "w": "shell"
                }
              ]
            },
            {
              "pos": "n",
              "tran": "小薄片；火花",
              "hwds": [
                {
                  "w": "spark"
                },
                {
                  "w": "A FRAME"
                }
              ]
            }
          ],
          "desc": "同近"
        },
        "ukphone": "fleɪk",
        "ukspeech": "flake&type=1",
        "star": 0,
        "phrase": {
          "phrases": [
            {
              "pContent": "flake graphite",
              "pCn": "片状石墨"
            },
            {
              "pContent": "flake off",
              "pCn": "剥落"
            },
            {
              "pContent": "flake ice",
              "pCn": "片冰，冰屑；薄片冰"
            },
            {
              "pContent": "snow flake",
              "pCn": "雪花；雪片"
            }
          ],
          "desc": "短语"
        },
        "phone": "fleik",
        "speech": "flake",
        "relWord": {
          "rels": [
            {
              "pos": "adj",
              "words": [
                {
                  "hwd": "flaky",
                  "tran": " 薄片的；薄而易剥落的；古里古怪的"
                }
              ]
            },
            {
              "pos": "n",
              "words": [
                {
                  "hwd": "flakiness",
                  "tran": " 片状；成薄片"
                }
              ]
            }
          ],
          "desc": "同根"
        },
        "usspeech": "flake&type=2",
        "trans": [
          {
            "tranCn": "薄片；撒落",
            "descOther": "英释",
            "descCn": "中释",
            "pos": "n&vi",
            "tranOther": "a small thin piece that breaks away easily from something else"
          }
        ]
      }
    }
  },
  "bookId": "IELTSluan_2"
}