{
  "wordRank": 1039,
  "headWord": "linger",
  "content": {
    "word": {
      "wordHead": "linger",
      "wordId": "IELTSluan_2_1039",
      "content": {
        "sentence": {
          "sentences": [
            {
              "sContent": "I spent a week at Kandersteg and could happily have lingered on.",
              "sCn": "我在坎德施泰格逗留了一个星期，本来还可以开开心心地多待几天。"
            }
          ],
          "desc": "例句"
        },
        "usphone": "'lɪŋɡɚ",
        "syno": {
          "synos": [
            {
              "pos": "vi",
              "tran": "徘徊；苟延残喘；磨蹭",
              "hwds": [
                {
                  "w": "hang about"
                },
                {
                  "w": "wander about"
                }
              ]
            },
            {
              "pos": "vt",
              "tran": "消磨；缓慢度过",
              "hwds": [
                {
                  "w": "spend"
                },
                {
                  "w": "while away"
                }
              ]
            }
          ],
          "desc": "同近"
        },
        "ukphone": "'lɪŋgə",
        "ukspeech": "linger&type=1",
        "star": 0,
        "phrase": {
          "phrases": [
            {
              "pContent": "linger over",
              "pCn": "在…上拖延；细细思考；仔细欣赏；慢吞吞地做某事"
            }
          ],
          "desc": "短语"
        },
        "phone": "'liŋɡə",
        "speech": "linger",
        "relWord": {
          "rels": [
            {
              "pos": "adj",
              "words": [
                {
                  "hwd": "lingering",
                  "tran": " 拖延的"
                }
              ]
            },
            {
              "pos": "adv",
              "words": [
                {
                  "hwd": "lingeringly",
                  "tran": " 延迟地；逗留不去地"
                }
              ]
            },
            {
              "pos": "v",
              "words": [
                {
                  "hwd": "lingering",
                  "tran": " 徘徊；缓慢消失；沉思（linger的ing形式）"
                }
              ]
            }
          ],
          "desc": "同根"
        },
        "usspeech": "linger&type=2",
        "trans": [
          {
            "tranCn": "逗留，徘徊",
            "descOther": "英释",
            "descCn": "中释",
            "pos": "v",
            "tranOther": "to stay somewhere a little longer, especially because you do not want to leave"
          }
        ]
      }
    }
  },
  "bookId": "IELTSluan_2"
}