{
  "wordRank": 104,
  "headWord": "endorse",
  "content": {
    "word": {
      "wordHead": "endorse",
      "wordId": "IELTSluan_2_104",
      "content": {
        "sentence": {
          "sentences": [
            {
              "sContent": "I can endorse their opinion wholeheartedly.",
              "sCn": "我可以全心全意地支持他们的观点。"
            }
          ],
          "desc": "例句"
        },
        "usphone": "ɪn'dɔrs",
        "syno": {
          "synos": [
            {
              "pos": "vt",
              "tran": "背书；认可；签署；赞同；在背面签名",
              "hwds": [
                {
                  "w": "ink"
                },
                {
                  "w": "allow"
                },
                {
                  "w": "back"
                },
                {
                  "w": "sign"
                }
              ]
            }
          ],
          "desc": "同近"
        },
        "ukphone": "ɪn'dɔːs; en-",
        "ukspeech": "endorse&type=1",
        "star": 0,
        "phone": "in'dɔ:s",
        "speech": "endorse",
        "relWord": {
          "rels": [
            {
              "pos": "adj",
              "words": [
                {
                  "hwd": "endorsed",
                  "tran": " 批注的；授让的"
                }
              ]
            },
            {
              "pos": "n",
              "words": [
                {
                  "hwd": "endorsement",
                  "tran": " 认可，支持；背书；签注（文件）"
                },
                {
                  "hwd": "endorser",
                  "tran": " 背书人；转让人"
                }
              ]
            },
            {
              "pos": "v",
              "words": [
                {
                  "hwd": "endorsed",
                  "tran": " 支持，赞同（endorse的过去式）；批注（文件，公文等）"
                }
              ]
            }
          ],
          "desc": "同根"
        },
        "usspeech": "endorse&type=2",
        "trans": [
          {
            "tranCn": "背书，签署(姓名)，赞同",
            "descOther": "英释",
            "descCn": "中释",
            "pos": "v",
            "tranOther": "to express formal support or approval for someone or something"
          }
        ]
      }
    }
  },
  "bookId": "IELTSluan_2"
}