{
  "wordRank": 1040,
  "headWord": "plug",
  "content": {
    "word": {
      "wordHead": "plug",
      "wordId": "IELTSluan_2_1040",
      "content": {
        "sentence": {
          "sentences": [
            {
              "sContent": "the bath plug",
              "sCn": "浴缸塞子"
            }
          ],
          "desc": "例句"
        },
        "usphone": "plʌɡ",
        "syno": {
          "synos": [
            {
              "pos": "n",
              "tran": "[电]插头；[核]塞子；栓",
              "hwds": [
                {
                  "w": "male connector"
                },
                {
                  "w": "tampion"
                }
              ]
            },
            {
              "pos": "vi",
              "tran": "塞住；用插头将与电源接通",
              "hwds": [
                {
                  "w": "stop up"
                }
              ]
            },
            {
              "pos": "vt",
              "tran": "插入；塞住；[电]接插头",
              "hwds": [
                {
                  "w": "build in"
                },
                {
                  "w": "add on"
                }
              ]
            }
          ],
          "desc": "同近"
        },
        "ukphone": "plʌg",
        "ukspeech": "plug&type=1",
        "star": 0,
        "phrase": {
          "phrases": [
            {
              "pContent": "pull the plug",
              "pCn": "结束，终止业务"
            },
            {
              "pContent": "plug in",
              "pCn": "插入；插上电源"
            },
            {
              "pContent": "spark plug",
              "pCn": "n. 火花塞；带头人；中坚分子"
            },
            {
              "pContent": "plug and play",
              "pCn": "即插即用"
            },
            {
              "pContent": "plug into",
              "pCn": "[口]把（电器）插头插入；接通"
            },
            {
              "pContent": "plug flow",
              "pCn": "活塞流；平推流"
            },
            {
              "pContent": "power plug",
              "pCn": "电源插头；电力插头"
            },
            {
              "pContent": "rubber plug",
              "pCn": "橡皮塞"
            },
            {
              "pContent": "plug valve",
              "pCn": "旋塞阀，塞嘴"
            },
            {
              "pContent": "plug up",
              "pCn": "阻塞；被阻塞"
            },
            {
              "pContent": "plug wire",
              "pCn": "插线；火星塞高压线"
            },
            {
              "pContent": "blanking plug",
              "pCn": "堵塞器"
            },
            {
              "pContent": "plug gauge",
              "pCn": "n. 塞规；测孔规"
            },
            {
              "pContent": "plug and socket",
              "pCn": "[电]插塞连座；接插件"
            },
            {
              "pContent": "valve plug",
              "pCn": "阀塞"
            },
            {
              "pContent": "electric plug",
              "pCn": "电插座；电火花塞"
            },
            {
              "pContent": "hot plug",
              "pCn": "热型火花塞；热插拔；热点火塞；分隔式燃烧室下部带有通道的镶块"
            },
            {
              "pContent": "glow plug",
              "pCn": "预热塞，电热塞；热线点火塞"
            },
            {
              "pContent": "bottom plug",
              "pCn": "底塞，船底塞；下模塞"
            },
            {
              "pContent": "plug socket",
              "pCn": "插座，插孔；电源插座，塞孔"
            }
          ],
          "desc": "短语"
        },
        "phone": "plʌɡ",
        "speech": "plug",
        "relWord": {
          "rels": [
            {
              "pos": "adj",
              "words": [
                {
                  "hwd": "plugged",
                  "tran": " 堵塞的；塞紧的"
                }
              ]
            },
            {
              "pos": "n",
              "words": [
                {
                  "hwd": "plugger",
                  "tran": " （牙齿）填塞物；苦干的人；宣传员；广告播音员"
                }
              ]
            },
            {
              "pos": "v",
              "words": [
                {
                  "hwd": "plugged",
                  "tran": " 堵塞；接通电源（plug的过去分词）"
                }
              ]
            }
          ],
          "desc": "同根"
        },
        "usspeech": "plug&type=2",
        "trans": [
          {
            "tranCn": "塞子，栓，插头；通电",
            "descOther": "英释",
            "descCn": "中释",
            "pos": "n&v",
            "tranOther": "a round flat piece of rubber used for stopping the water flowing out of a bath or  sink "
          }
        ]
      }
    }
  },
  "bookId": "IELTSluan_2"
}