{
  "wordRank": 1041,
  "headWord": "truce",
  "content": {
    "word": {
      "wordHead": "truce",
      "wordId": "IELTSluan_2_1041",
      "content": {
        "sentence": {
          "sentences": [
            {
              "sContent": "They agreed to call a truce .",
              "sCn": "他们同意宣布休战。"
            }
          ],
          "desc": "例句"
        },
        "usphone": "tru:s",
        "syno": {
          "synos": [
            {
              "pos": "n",
              "tran": "停战；休战；休战协定",
              "hwds": [
                {
                  "w": "armistice"
                }
              ]
            }
          ],
          "desc": "同近"
        },
        "ukphone": "truːs",
        "ukspeech": "truce&type=1",
        "star": 0,
        "phone": "tru:s",
        "speech": "truce",
        "remMethod": {
          "val": " 休战协定(truce)确认了战败属实(true)",
          "desc": "记忆"
        },
        "usspeech": "truce&type=2",
        "trans": [
          {
            "tranCn": "休战",
            "descOther": "英释",
            "descCn": "中释",
            "pos": "n",
            "tranOther": "an agreement between enemies to stop fighting or arguing for a short time, or the period for which this is arranged"
          }
        ]
      }
    }
  },
  "bookId": "IELTSluan_2"
}