{
  "wordRank": 1042,
  "headWord": "issue",
  "content": {
    "word": {
      "wordHead": "issue",
      "wordId": "IELTSluan_2_1042",
      "content": {
        "sentence": {
          "sentences": [
            {
              "sContent": "Abortion is a highly controversial issue.",
              "sCn": "堕胎是个很有争议的话题。"
            },
            {
              "sContent": "We should raise the issue of discrimination with the council.",
              "sCn": "我们应提请市政会讨论歧视的问题。"
            },
            {
              "sContent": "The key issue is whether workers should be classified as ‘employees’.",
              "sCn": "关键问题是工人是否应该界定为“雇员”。"
            }
          ],
          "desc": "例句"
        },
        "usphone": "'ɪʃu",
        "syno": {
          "synos": [
            {
              "pos": "n",
              "tran": "问题；流出；期号；[会计]发行物",
              "hwds": [
                {
                  "w": "question"
                },
                {
                  "w": "flux"
                }
              ]
            },
            {
              "pos": "vt",
              "tran": "[会计]发行，发布；发给；放出，排出",
              "hwds": [
                {
                  "w": "discharge"
                },
                {
                  "w": "exhaust"
                }
              ]
            },
            {
              "pos": "vi",
              "tran": "[会计]发行；流出；造成…结果；传下",
              "hwds": [
                {
                  "w": "discharge"
                },
                {
                  "w": "shed"
                }
              ]
            }
          ],
          "desc": "同近"
        },
        "ukphone": "'ɪʃuː; 'ɪsjuː",
        "ukspeech": "issue&type=1",
        "star": 0,
        "phrase": {
          "phrases": [
            {
              "pContent": "issue in",
              "pCn": "v. 导致"
            },
            {
              "pContent": "new issue",
              "pCn": "n. 新发行的证券"
            },
            {
              "pContent": "key issue",
              "pCn": "关键议题"
            },
            {
              "pContent": "in the issue",
              "pCn": "结果，终于"
            },
            {
              "pContent": "make an issue",
              "pCn": "制造争端；引起争论"
            },
            {
              "pContent": "hot issue",
              "pCn": "热点问题；[证券]热门股票（上市后不久价格猛涨）"
            },
            {
              "pContent": "issue from",
              "pCn": "v. 由…产生；传下；从…流出"
            },
            {
              "pContent": "at issue",
              "pCn": "争议中的；讨论中的"
            },
            {
              "pContent": "issue at",
              "pCn": "签发地"
            },
            {
              "pContent": "special issue",
              "pCn": "特刊"
            },
            {
              "pContent": "take issue",
              "pCn": "不同意；持异议"
            },
            {
              "pContent": "critical issue",
              "pCn": "关键问题；重要的问题"
            },
            {
              "pContent": "social issue",
              "pCn": "社会问题；社会议题"
            },
            {
              "pContent": "political issue",
              "pCn": "政治问题"
            },
            {
              "pContent": "economic issue",
              "pCn": "经济问题"
            },
            {
              "pContent": "the whole issue",
              "pCn": "【口语】全部"
            },
            {
              "pContent": "rights issue",
              "pCn": "增股；权利股发行"
            },
            {
              "pContent": "current issue",
              "pCn": "现刊；现期杂志；近期杂志"
            },
            {
              "pContent": "issue price",
              "pCn": "发行价格，招股价"
            },
            {
              "pContent": "bond issue",
              "pCn": "债券发行"
            }
          ],
          "desc": "短语"
        },
        "phone": "'iʃju:, 'isju:",
        "speech": "issue",
        "relWord": {
          "rels": [
            {
              "pos": "n",
              "words": [
                {
                  "hwd": "issuer",
                  "tran": " 发行人"
                },
                {
                  "hwd": "issuance",
                  "tran": " 发布，发行"
                },
                {
                  "hwd": "issuing",
                  "tran": " 发行物；争论点；期刊号"
                }
              ]
            },
            {
              "pos": "v",
              "words": [
                {
                  "hwd": "issuing",
                  "tran": " 发行（issue的ing形式）；分配；流出"
                }
              ]
            }
          ],
          "desc": "同根"
        },
        "usspeech": "issue&type=2",
        "trans": [
          {
            "tranCn": "出版，问题，发行",
            "descOther": "英释",
            "descCn": "中释",
            "pos": "n",
            "tranOther": "a subject or problem that is often discussed or argued about, especially a social or political matter that affects the interests of a lot of people"
          },
          {
            "tranCn": "分发，出版，发行",
            "descOther": "英释",
            "descCn": "中释",
            "pos": "v",
            "tranOther": "to officially make a statement, give an order, warning etc"
          }
        ]
      }
    }
  },
  "bookId": "IELTSluan_2"
}