{
  "wordRank": 1043,
  "headWord": "schedule",
  "content": {
    "word": {
      "wordHead": "schedule",
      "wordId": "IELTSluan_2_1043",
      "content": {
        "sentence": {
          "sentences": [
            {
              "sContent": "How can he fit everything into his busy schedule ?",
              "sCn": "他是怎么把所有的事情都排进自己忙碌的时间表的？"
            }
          ],
          "desc": "例句"
        },
        "usphone": "'skɛdʒul; (canadian) ˈʃɛdʒʊl; ˈʃɛdjʊl",
        "ukspeech": "schedule&type=1",
        "star": 0,
        "usspeech": "schedule&type=2",
        "syno": {
          "synos": [
            {
              "pos": "vt",
              "tran": "安排，[计划]计划；编制目录；将……列入计划表",
              "hwds": [
                {
                  "w": "budget"
                },
                {
                  "w": "propose"
                },
                {
                  "w": "design"
                },
                {
                  "w": "map"
                },
                {
                  "w": "make"
                }
              ]
            },
            {
              "pos": "n",
              "tran": "[交]时间表；[计划]计划表；一览表",
              "hwds": [
                {
                  "w": "kalendar"
                },
                {
                  "w": "time-table"
                }
              ]
            }
          ],
          "desc": "同近"
        },
        "ukphone": "ˈʃɛdjuːl",
        "phrase": {
          "phrases": [
            {
              "pContent": "on schedule",
              "pCn": "adv. 按时；按照预定时间"
            },
            {
              "pContent": "ahead of schedule",
              "pCn": "adv. 提前"
            },
            {
              "pContent": "according to schedule",
              "pCn": "按照预定计划"
            },
            {
              "pContent": "production schedule",
              "pCn": "生产计划；生产进度表；产品细明表"
            },
            {
              "pContent": "project schedule",
              "pCn": "工程计划"
            },
            {
              "pContent": "construction schedule",
              "pCn": "施工进度；施工程序表"
            },
            {
              "pContent": "time schedule",
              "pCn": "时间表"
            },
            {
              "pContent": "behind schedule",
              "pCn": "落后于预定计划"
            },
            {
              "pContent": "work schedule",
              "pCn": "工作时间表，工作程序表；工作进度表；工作记录"
            },
            {
              "pContent": "tight schedule",
              "pCn": "时间很紧；行程紧凑"
            },
            {
              "pContent": "schedule control",
              "pCn": "进度控制；工程管理；预定输出控制"
            },
            {
              "pContent": "delivery schedule",
              "pCn": "交货时间表"
            },
            {
              "pContent": "flight schedule",
              "pCn": "n. 航行时刻表"
            },
            {
              "pContent": "class schedule",
              "pCn": "课程表；课程安排"
            },
            {
              "pContent": "training schedule",
              "pCn": "训练进度表"
            },
            {
              "pContent": "daily schedule",
              "pCn": "日程表，日课表"
            },
            {
              "pContent": "master schedule",
              "pCn": "主要图表， 综合图表；设计任务书；主要作业表"
            },
            {
              "pContent": "maintenance schedule",
              "pCn": "维修计划；保养明细表；维修图表"
            },
            {
              "pContent": "shipping schedule",
              "pCn": "船期表；送货排程"
            },
            {
              "pContent": "detailed schedule",
              "pCn": "明细进度表"
            }
          ],
          "desc": "短语"
        },
        "phone": "'ʃədju:əl, -dʒu:əl, 'skedʒu:əl, -dʒuəl",
        "speech": "schedule",
        "remMethod": {
          "val": " “筛斗” → 古代拿筛漏计时 → 时刻表",
          "desc": "记忆"
        },
        "relWord": {
          "rels": [
            {
              "pos": "adj",
              "words": [
                {
                  "hwd": "scheduled",
                  "tran": " 预定的；已排程的"
                }
              ]
            },
            {
              "pos": "n",
              "words": [
                {
                  "hwd": "scheduling",
                  "tran": " 时序安排，行程安排"
                },
                {
                  "hwd": "scheduler",
                  "tran": " 调度程序；制表人，计划员；程序机"
                }
              ]
            },
            {
              "pos": "v",
              "words": [
                {
                  "hwd": "scheduled",
                  "tran": " 安排（schedule的过去分词）；把…列表；把…列入计划"
                },
                {
                  "hwd": "scheduling",
                  "tran": " 把…列入计划；为…制定时间表（schedule的现在分词）"
                }
              ]
            }
          ],
          "desc": "同根"
        },
        "trans": [
          {
            "tranCn": "时间表；列表",
            "descOther": "英释",
            "descCn": "中释",
            "pos": "n&v",
            "tranOther": "a list that shows the times that buses, trains etc leave or arrive at a particular place"
          }
        ]
      }
    }
  },
  "bookId": "IELTSluan_2"
}