{
  "wordRank": 1044,
  "headWord": "yard",
  "content": {
    "word": {
      "wordHead": "yard",
      "wordId": "IELTSluan_2_1044",
      "content": {
        "sentence": {
          "sentences": [
            {
              "sContent": "a hundred yards away",
              "sCn": "100码外"
            },
            {
              "sContent": "an area of 9,000 square yards",
              "sCn": "面积为9,000平方码的一片区域"
            }
          ],
          "desc": "例句"
        },
        "usphone": "jɑrd",
        "syno": {
          "synos": [
            {
              "pos": "n",
              "tran": "院子；[计量]码（英制中丈量长度单位，1码=3英尺）；[建]庭院；帆桁",
              "hwds": [
                {
                  "w": "courtyard"
                },
                {
                  "w": "garth"
                }
              ]
            }
          ],
          "desc": "同近"
        },
        "ukphone": "jɑːd",
        "ukspeech": "yard&type=1",
        "star": 0,
        "phrase": {
          "phrases": [
            {
              "pContent": "back yard",
              "pCn": "后院"
            },
            {
              "pContent": "front yard",
              "pCn": "前院"
            },
            {
              "pContent": "storage yard",
              "pCn": "堆货场；存车场"
            },
            {
              "pContent": "container yard",
              "pCn": "集装箱堆场；货柜堆场"
            },
            {
              "pContent": "goods yard",
              "pCn": "货场，堆货场"
            },
            {
              "pContent": "marshalling yard",
              "pCn": "铁路调车场；铁路货运编组站"
            },
            {
              "pContent": "school yard",
              "pCn": "校园"
            },
            {
              "pContent": "freight yard",
              "pCn": "货场；货运场；货物车场"
            },
            {
              "pContent": "coal yard",
              "pCn": "煤场"
            },
            {
              "pContent": "scotland yard",
              "pCn": "n. 苏格兰场（伦敦警察厅）"
            },
            {
              "pContent": "yard sale",
              "pCn": "庭院旧货出售"
            },
            {
              "pContent": "stock yard",
              "pCn": "原料场；畜牧场；贮矿场"
            },
            {
              "pContent": "navy yard",
              "pCn": "n. 海军工厂；海军船坞"
            }
          ],
          "desc": "短语"
        },
        "phone": "jɑ:d",
        "speech": "yard",
        "relWord": {
          "rels": [
            {
              "pos": "n",
              "words": [
                {
                  "hwd": "yardage",
                  "tran": " 码数；按码计算；火车站内栏舍之使用费"
                }
              ]
            }
          ],
          "desc": "同根"
        },
        "usspeech": "yard&type=2",
        "trans": [
          {
            "tranCn": "院，场地；码",
            "descOther": "英释",
            "descCn": "中释",
            "pos": "n",
            "tranOther": "a unit for measuring length, equal to three feet or 0.91 metres"
          }
        ]
      }
    }
  },
  "bookId": "IELTSluan_2"
}