{
  "wordRank": 1045,
  "headWord": "navigable",
  "content": {
    "word": {
      "wordHead": "navigable",
      "wordId": "IELTSluan_2_1045",
      "content": {
        "sentence": {
          "sentences": [
            {
              "sContent": "...the navigable portion of the Nile.",
              "sCn": "...尼罗河的适航河段。"
            }
          ],
          "desc": "例句"
        },
        "usphone": "'nævɪɡəbl",
        "syno": {
          "synos": [
            {
              "pos": "adj",
              "tran": "[水运][航]可航行的；可驾驶的；适于航行的",
              "hwds": [
                {
                  "w": "floatable"
                },
                {
                  "w": "flyable"
                }
              ]
            }
          ],
          "desc": "同近"
        },
        "ukphone": "'nævɪgəb(ə)l",
        "ukspeech": "navigable&type=1",
        "star": 0,
        "phone": "'næviɡəbl",
        "speech": "navigable",
        "remMethod": {
          "val": " nav(船) + ig(开动) + able(能…的) → 船可以开动的 → 可通航的",
          "desc": "记忆"
        },
        "relWord": {
          "rels": [
            {
              "pos": "adj",
              "words": [
                {
                  "hwd": "navigational",
                  "tran": " 航行的，航运的"
                }
              ]
            },
            {
              "pos": "n",
              "words": [
                {
                  "hwd": "navigation",
                  "tran": " 航行；航海"
                },
                {
                  "hwd": "navigator",
                  "tran": " 航海家；领航员；驾驶员"
                },
                {
                  "hwd": "navigability",
                  "tran": " 耐航性；[水运][航] 适航性"
                }
              ]
            },
            {
              "pos": "vi",
              "words": [
                {
                  "hwd": "navigate",
                  "tran": " 航行，航空"
                }
              ]
            },
            {
              "pos": "vt",
              "words": [
                {
                  "hwd": "navigate",
                  "tran": " 驾驶，操纵；使通过；航行于"
                }
              ]
            }
          ],
          "desc": "同根"
        },
        "usspeech": "navigable&type=2",
        "trans": [
          {
            "tranCn": "(江河、海洋)可航行的，可通航的",
            "descOther": "英释",
            "descCn": "中释",
            "pos": "adj",
            "tranOther": "a river, lake etc that is navigable is deep and wide enough for ships to travel on"
          }
        ]
      }
    }
  },
  "bookId": "IELTSluan_2"
}