{
  "wordRank": 1046,
  "headWord": "vehement",
  "content": {
    "word": {
      "wordHead": "vehement",
      "wordId": "IELTSluan_2_1046",
      "content": {
        "sentence": {
          "sentences": [
            {
              "sContent": "She suddenly became very vehement and agitated, jumping around and shouting.",
              "sCn": "她突然变得十分激动和不安，四处暴跳并大喊大叫。"
            }
          ],
          "desc": "例句"
        },
        "usphone": "viəmənt",
        "syno": {
          "synos": [
            {
              "pos": "adj",
              "tran": "激烈的，猛烈的；热烈的",
              "hwds": [
                {
                  "w": "fierce"
                },
                {
                  "w": "acute"
                },
                {
                  "w": "violent"
                },
                {
                  "w": "hard"
                },
                {
                  "w": "furious"
                }
              ]
            }
          ],
          "desc": "同近"
        },
        "ukphone": "ˈvi:əmənt",
        "ukspeech": "vehement&type=1",
        "star": 0,
        "phone": "'vi:imənt",
        "speech": "vehement",
        "relWord": {
          "rels": [
            {
              "pos": "adv",
              "words": [
                {
                  "hwd": "vehemently",
                  "tran": " 激烈地；暴烈地；竭尽全力地"
                }
              ]
            },
            {
              "pos": "n",
              "words": [
                {
                  "hwd": "vehemence",
                  "tran": " 激烈；热烈"
                }
              ]
            }
          ],
          "desc": "同根"
        },
        "usspeech": "vehement&type=2",
        "trans": [
          {
            "tranCn": "感情强烈的；热烈的；(人)有强烈感情的",
            "descOther": "英释",
            "descCn": "中释",
            "pos": "adj",
            "tranOther": "showing very strong feelings or opinions"
          }
        ]
      }
    }
  },
  "bookId": "IELTSluan_2"
}