{
  "wordRank": 1047,
  "headWord": "eliminate",
  "content": {
    "word": {
      "wordHead": "eliminate",
      "wordId": "IELTSluan_2_1047",
      "content": {
        "sentence": {
          "sentences": [
            {
              "sContent": "a ruthless dictator who eliminated all his rivals",
              "sCn": "铲除所有异己的残酷独裁者"
            }
          ],
          "desc": "例句"
        },
        "usphone": "ɪ'lɪmɪnet",
        "ukspeech": "eliminate&type=1",
        "star": 0,
        "usspeech": "eliminate&type=2",
        "syno": {
          "synos": [
            {
              "pos": "vt",
              "tran": "消除；排除",
              "hwds": [
                {
                  "w": "avoid"
                },
                {
                  "w": "exclude"
                }
              ]
            }
          ],
          "desc": "同近"
        },
        "ukphone": "ɪ'lɪmɪneɪt",
        "phrase": {
          "phrases": [
            {
              "pContent": "eliminate poverty",
              "pCn": "消除贫困"
            },
            {
              "pContent": "eliminate noise",
              "pCn": "消除噪声"
            },
            {
              "pContent": "eliminate illiteracy",
              "pCn": "扫盲，扫除文盲"
            }
          ],
          "desc": "短语"
        },
        "phone": "i'limineit",
        "speech": "eliminate",
        "remMethod": {
          "val": " e(出) + limin(界限) + ate → 划在界限之外 → 消灭， 消除",
          "desc": "记忆"
        },
        "relWord": {
          "rels": [
            {
              "pos": "n",
              "words": [
                {
                  "hwd": "elimination",
                  "tran": " 消除；淘汰；除去"
                },
                {
                  "hwd": "eliminator",
                  "tran": " 消除器；消除者"
                }
              ]
            }
          ],
          "desc": "同根"
        },
        "trans": [
          {
            "tranCn": "消灭，消除",
            "descOther": "英释",
            "descCn": "中释",
            "pos": "v",
            "tranOther": "to completely get rid of something that is unnecessary or unwanted"
          }
        ]
      }
    }
  },
  "bookId": "IELTSluan_2"
}