{
  "wordRank": 1048,
  "headWord": "prejudice",
  "content": {
    "word": {
      "wordHead": "prejudice",
      "wordId": "IELTSluan_2_1048",
      "content": {
        "sentence": {
          "sentences": [
            {
              "sContent": "Women still face prejudice in the workplace.",
              "sCn": "女性在职场中仍然面临歧视。"
            },
            {
              "sContent": "It takes a long time to overcome these kinds of prejudices.",
              "sCn": "战胜这些偏见需要假以时日。"
            }
          ],
          "desc": "例句"
        },
        "usphone": "'prɛdʒədɪs",
        "syno": {
          "synos": [
            {
              "pos": "n",
              "tran": "偏见；侵害",
              "hwds": [
                {
                  "w": "violation"
                },
                {
                  "w": "bias"
                }
              ]
            },
            {
              "pos": "vt",
              "tran": "损害；使有偏见",
              "hwds": [
                {
                  "w": "hurt"
                },
                {
                  "w": "blast"
                }
              ]
            }
          ],
          "desc": "同近"
        },
        "ukphone": "'predʒʊdɪs",
        "ukspeech": "prejudice&type=1",
        "star": 0,
        "phrase": {
          "phrases": [
            {
              "pContent": "without prejudice",
              "pCn": "无偏见"
            },
            {
              "pContent": "pride and prejudice",
              "pCn": "《傲慢与偏见》"
            },
            {
              "pContent": "prejudice against",
              "pCn": "vt. 对……的偏见"
            },
            {
              "pContent": "to the prejudice of",
              "pCn": "有利于，有损于"
            },
            {
              "pContent": "racial prejudice",
              "pCn": "种族偏见"
            }
          ],
          "desc": "短语"
        },
        "phone": "'predʒudis",
        "speech": "prejudice",
        "relWord": {
          "rels": [
            {
              "pos": "adj",
              "words": [
                {
                  "hwd": "prejudiced",
                  "tran": " 怀偏见的；有成见的；偏颇的"
                },
                {
                  "hwd": "prejudicial",
                  "tran": " 不利的；有害的；引起偏见的"
                }
              ]
            },
            {
              "pos": "n",
              "words": [
                {
                  "hwd": "prejudication",
                  "tran": " 判例；预断裁决"
                }
              ]
            },
            {
              "pos": "v",
              "words": [
                {
                  "hwd": "prejudiced",
                  "tran": " 损害（prejudice的过去分词）；使抱偏见"
                }
              ]
            }
          ],
          "desc": "同根"
        },
        "usspeech": "prejudice&type=2",
        "trans": [
          {
            "tranCn": "偏见，成见；(法律)损害，伤害",
            "descOther": "英释",
            "descCn": "中释",
            "pos": "n",
            "tranOther": "an un-reasonable dislike and distrust of people who are different from you in some way, especially because of their race, sex, religion etc – used to show disapproval"
          }
        ]
      }
    }
  },
  "bookId": "IELTSluan_2"
}