{
  "wordRank": 1049,
  "headWord": "dual",
  "content": {
    "word": {
      "wordHead": "dual",
      "wordId": "IELTSluan_2_1049",
      "content": {
        "sentence": {
          "sentences": [
            {
              "sContent": "a dual system of education",
              "sCn": "二元[双元]教育体系"
            }
          ],
          "desc": "例句"
        },
        "usphone": "'dʊəl",
        "syno": {
          "synos": [
            {
              "pos": "adj",
              "tran": "双的；双重的",
              "hwds": [
                {
                  "w": "double"
                },
                {
                  "w": "two-tier"
                }
              ]
            }
          ],
          "desc": "同近"
        },
        "ukphone": "'djuːəl",
        "ukspeech": "dual&type=1",
        "star": 0,
        "phrase": {
          "phrases": [
            {
              "pContent": "dual function",
              "pCn": "双重职能"
            },
            {
              "pContent": "dual role",
              "pCn": "双重角色"
            },
            {
              "pContent": "dual purpose",
              "pCn": "双重目的；双用途的"
            },
            {
              "pContent": "dual nature",
              "pCn": "二重性，双重性"
            },
            {
              "pContent": "dual system",
              "pCn": "双重系统，双系统；对偶系统"
            },
            {
              "pContent": "dual channel",
              "pCn": "双通道，双渠"
            },
            {
              "pContent": "dual nationality",
              "pCn": "n. 双重国籍"
            },
            {
              "pContent": "dual personality",
              "pCn": "双重人格；双重性格"
            },
            {
              "pContent": "dual mode",
              "pCn": "双重模式；两种方法"
            },
            {
              "pContent": "dual control",
              "pCn": "双重控制"
            },
            {
              "pContent": "dual citizenship",
              "pCn": "双重国籍"
            },
            {
              "pContent": "dual beam",
              "pCn": "双光束；双声道"
            },
            {
              "pContent": "dual space",
              "pCn": "[数]对偶空间"
            },
            {
              "pContent": "dual track",
              "pCn": "双声道；双轨政策（北约部署新武器和限武谈判双轨进行的政策）"
            },
            {
              "pContent": "dual form",
              "pCn": "对偶形式"
            },
            {
              "pContent": "dual core",
              "pCn": "双核心"
            }
          ],
          "desc": "短语"
        },
        "phone": "'dju:əl",
        "speech": "dual",
        "relWord": {
          "rels": [
            {
              "pos": "n",
              "words": [
                {
                  "hwd": "du",
                  "tran": " 二重唱；双人组合"
                },
                {
                  "hwd": "dualism",
                  "tran": " 二元论；双重性；二神教"
                }
              ]
            }
          ],
          "desc": "同根"
        },
        "usspeech": "dual&type=2",
        "trans": [
          {
            "tranCn": "二重的，双的",
            "descOther": "英释",
            "descCn": "中释",
            "pos": "adj",
            "tranOther": "having two of something or two parts"
          }
        ]
      }
    }
  },
  "bookId": "IELTSluan_2"
}