{
  "wordRank": 105,
  "headWord": "wrap",
  "content": {
    "word": {
      "wordHead": "wrap",
      "wordId": "IELTSluan_2_105",
      "content": {
        "sentence": {
          "sentences": [
            {
              "sContent": "I’ve still got a few Christmas presents to wrap up.",
              "sCn": "我还有一些圣诞礼物要包起来。"
            }
          ],
          "desc": "例句"
        },
        "usphone": "ræp",
        "ukspeech": "wrap&type=1",
        "star": 0,
        "usspeech": "wrap&type=2",
        "syno": {
          "synos": [
            {
              "pos": "vt",
              "tran": "包；缠绕；隐藏；掩护",
              "hwds": [
                {
                  "w": "wind"
                },
                {
                  "w": "lock"
                }
              ]
            },
            {
              "pos": "vi",
              "tran": "包起来；缠绕；穿外衣",
              "hwds": [
                {
                  "w": "wind"
                }
              ]
            },
            {
              "pos": "n",
              "tran": "外套；围巾",
              "hwds": [
                {
                  "w": "outerwear"
                },
                {
                  "w": "outer coat"
                }
              ]
            }
          ],
          "desc": "同近"
        },
        "ukphone": "ræp",
        "phrase": {
          "phrases": [
            {
              "pContent": "wrap up",
              "pCn": "伪装；使全神贯注；穿暖和的衣服"
            },
            {
              "pContent": "under wraps",
              "pCn": "不公开的；秘密的"
            },
            {
              "pContent": "wrap around",
              "pCn": "adj. 卷绕的，环绕的"
            },
            {
              "pContent": "plastic wrap",
              "pCn": "塑料包裹膜"
            },
            {
              "pContent": "gift wrap",
              "pCn": "n. 缎带做的包装"
            },
            {
              "pContent": "bubble wrap",
              "pCn": "气泡膜外包装材料"
            },
            {
              "pContent": "wrap angle",
              "pCn": "包角"
            },
            {
              "pContent": "word wrap",
              "pCn": "自动换行"
            },
            {
              "pContent": "shrink wrap",
              "pCn": "收缩包裹；热缩塑料包"
            }
          ],
          "desc": "短语"
        },
        "phone": "ræp",
        "speech": "wrap",
        "remMethod": {
          "val": " w + rap(使着迷) → 被缠绕着 → 缠绕",
          "desc": "记忆"
        },
        "relWord": {
          "rels": [
            {
              "pos": "adj",
              "words": [
                {
                  "hwd": "wrapped",
                  "tran": " 有包装的"
                },
                {
                  "hwd": "wrapping",
                  "tran": " 包装用的"
                }
              ]
            },
            {
              "pos": "n",
              "words": [
                {
                  "hwd": "wrapper",
                  "tran": " 包装材料；[包装] 包装纸；书皮"
                },
                {
                  "hwd": "wrapping",
                  "tran": " 包装纸，包装材料"
                }
              ]
            },
            {
              "pos": "v",
              "words": [
                {
                  "hwd": "wrapped",
                  "tran": " 包裹；覆盖（wrap的过去分词）"
                },
                {
                  "hwd": "wrapping",
                  "tran": " 裹住（wrap的ing形式）"
                }
              ]
            }
          ],
          "desc": "同根"
        },
        "trans": [
          {
            "tranCn": "包裹",
            "descOther": "英释",
            "descCn": "中释",
            "pos": "vt&vi",
            "tranOther": "to put paper or cloth over something to cover it"
          }
        ]
      }
    }
  },
  "bookId": "IELTSluan_2"
}