{
  "wordRank": 1050,
  "headWord": "essential",
  "content": {
    "word": {
      "wordHead": "essential",
      "wordId": "IELTSluan_2_1050",
      "content": {
        "sentence": {
          "sentences": [
            {
              "sContent": "She packed a few essentials.",
              "sCn": "她把几件生活必需品装进箱子。"
            }
          ],
          "desc": "例句"
        },
        "usphone": "ɪ'sɛnʃl",
        "ukspeech": "essential&type=1",
        "star": 0,
        "usspeech": "essential&type=2",
        "syno": {
          "synos": [
            {
              "pos": "adj",
              "tran": "基本的；必要的；本质的；精华的",
              "hwds": [
                {
                  "w": "elementary"
                },
                {
                  "w": "fundamental"
                },
                {
                  "w": "basic"
                },
                {
                  "w": "necessary"
                },
                {
                  "w": "primary"
                }
              ]
            },
            {
              "pos": "n",
              "tran": "本质；要素；要点；必需品",
              "hwds": [
                {
                  "w": "element"
                },
                {
                  "w": "principle"
                },
                {
                  "w": "entity"
                },
                {
                  "w": "necessity"
                },
                {
                  "w": "requirement"
                },
                {
                  "w": "texture"
                }
              ]
            }
          ],
          "desc": "同近"
        },
        "ukphone": "ɪ'senʃ(ə)l",
        "phrase": {
          "phrases": [
            {
              "pContent": "essential oil",
              "pCn": "香精油，精油"
            },
            {
              "pContent": "essential condition",
              "pCn": "必要条件"
            },
            {
              "pContent": "essential hypertension",
              "pCn": "原发性高血压；特发性高血压"
            },
            {
              "pContent": "essential element",
              "pCn": "必需元素"
            },
            {
              "pContent": "essential component",
              "pCn": "主要部件；主要成分"
            },
            {
              "pContent": "essential difference",
              "pCn": "本质区别"
            },
            {
              "pContent": "essential requirements",
              "pCn": "基本要求；基本规范"
            },
            {
              "pContent": "essential amino acid",
              "pCn": "必需氨基酸"
            },
            {
              "pContent": "essential nutrients",
              "pCn": "基本营养物；必需营养素（essential nutrient的复数形式）"
            },
            {
              "pContent": "essential qualities",
              "pCn": "固有性；本质（essential quality 的复数）"
            },
            {
              "pContent": "essential point",
              "pCn": "本质点"
            },
            {
              "pContent": "essential information",
              "pCn": "[计]基本信息"
            },
            {
              "pContent": "be essential for",
              "pCn": "对…必不可少的"
            },
            {
              "pContent": "essential drugs",
              "pCn": "基本药物"
            },
            {
              "pContent": "essential mineral",
              "pCn": "知矿物；主成份矿物；基本矿物"
            },
            {
              "pContent": "essential fatty acid",
              "pCn": "必需脂肪酸"
            },
            {
              "pContent": "essential parameter",
              "pCn": "基本参数；本质参数"
            },
            {
              "pContent": "essential water",
              "pCn": "组成水份"
            },
            {
              "pContent": "essential goods",
              "pCn": "主要货物；必需品"
            }
          ],
          "desc": "短语"
        },
        "phone": "i'senʃəl",
        "speech": "essential",
        "remMethod": {
          "val": " ess(存在) + ential → 存在的东西 → 要素； 实质， 本质",
          "desc": "记忆"
        },
        "relWord": {
          "rels": [
            {
              "pos": "adv",
              "words": [
                {
                  "hwd": "essentially",
                  "tran": " 本质上；本来"
                }
              ]
            },
            {
              "pos": "n",
              "words": [
                {
                  "hwd": "essence",
                  "tran": " 本质，实质；精华；香精"
                },
                {
                  "hwd": "essentiality",
                  "tran": " 重要性；本质；真髓；根本性"
                }
              ]
            }
          ],
          "desc": "同根"
        },
        "trans": [
          {
            "tranCn": "本质(的)，必要(的)",
            "descCn": "中释",
            "pos": "n&a"
          }
        ]
      }
    }
  },
  "bookId": "IELTSluan_2"
}