{
  "wordRank": 1051,
  "headWord": "promote",
  "content": {
    "word": {
      "wordHead": "promote",
      "wordId": "IELTSluan_2_1051",
      "content": {
        "sentence": {
          "sentences": [
            {
              "sContent": "You don't have to sacrifice environmental protection to promote economic growth.",
              "sCn": "你们没有必要牺牲环保来促进经济增长。"
            }
          ],
          "desc": "例句"
        },
        "usphone": "prə'mot",
        "ukspeech": "promote&type=1",
        "star": 0,
        "usspeech": "promote&type=2",
        "syno": {
          "synos": [
            {
              "pos": "vt",
              "tran": "促进；提升；推销；发扬",
              "hwds": [
                {
                  "w": "facilitate"
                },
                {
                  "w": "boost"
                },
                {
                  "w": "prefer"
                },
                {
                  "w": "upgrade"
                },
                {
                  "w": "further"
                }
              ]
            }
          ],
          "desc": "同近"
        },
        "ukphone": "prə'məʊt",
        "phrase": {
          "phrases": [
            {
              "pContent": "promote sales",
              "pCn": "促销；推销商品"
            },
            {
              "pContent": "promote reform",
              "pCn": "促进改革"
            },
            {
              "pContent": "promote cooperation",
              "pCn": "促进合作"
            },
            {
              "pContent": "promote the sale",
              "pCn": "促销推销"
            }
          ],
          "desc": "短语"
        },
        "phone": "prəu'məut",
        "speech": "promote",
        "remMethod": {
          "val": " pro(向前) + mot(动) + e → 向前动 → 促进",
          "desc": "记忆"
        },
        "relWord": {
          "rels": [
            {
              "pos": "adj",
              "words": [
                {
                  "hwd": "promotional",
                  "tran": " 促销的；增进的；奖励的"
                },
                {
                  "hwd": "promotive",
                  "tran": " 奖励的；增进的；助长的"
                }
              ]
            },
            {
              "pos": "n",
              "words": [
                {
                  "hwd": "promotion",
                  "tran": " 提升，[劳经] 晋升；推销，促销；促进；发扬，振兴"
                },
                {
                  "hwd": "promoter",
                  "tran": " 发起人；促进者；助长者"
                }
              ]
            }
          ],
          "desc": "同根"
        },
        "trans": [
          {
            "tranCn": "开放；促进，宣传",
            "descOther": "英释",
            "descCn": "中释",
            "pos": "v",
            "tranOther": "If people promote something, they help or encourage it to happen, increase, or spread"
          }
        ]
      }
    }
  },
  "bookId": "IELTSluan_2"
}