{
  "wordRank": 1052,
  "headWord": "appreciate",
  "content": {
    "word": {
      "wordHead": "appreciate",
      "wordId": "IELTSluan_2_1052",
      "content": {
        "sentence": {
          "sentences": [
            {
              "sContent": "Thanks ever so much for your help, I really appreciate it.",
              "sCn": "多谢你的帮助，我真的很感激。"
            },
            {
              "sContent": "I appreciate your concern , but honestly, I’m fine.",
              "sCn": "谢谢你关心，不过说真的，我很好。"
            },
            {
              "sContent": "I’d appreciate it if you let me get on with my job.",
              "sCn": "如果你能让我继续工作，我会非常感激。"
            }
          ],
          "desc": "例句"
        },
        "usphone": "ə'priʃɪet",
        "antos": {
          "anto": [
            {
              "hwd": "disdain"
            }
          ],
          "desc": "反义"
        },
        "ukspeech": "appreciate&type=1",
        "star": 0,
        "usspeech": "appreciate&type=2",
        "syno": {
          "synos": [
            {
              "pos": "vt",
              "tran": "欣赏；感激；领会；鉴别",
              "hwds": [
                {
                  "w": "enjoy"
                },
                {
                  "w": "see"
                },
                {
                  "w": "grasp"
                }
              ]
            },
            {
              "pos": "vi",
              "tran": "增值；涨价",
              "hwds": [
                {
                  "w": "value added"
                },
                {
                  "w": "rise in price"
                }
              ]
            }
          ],
          "desc": "同近"
        },
        "ukphone": "ə'priːʃɪeɪt; -sɪ-",
        "phone": "ə'pri:ʃieit",
        "speech": "appreciate",
        "remMethod": {
          "val": " ap(向) + preci(价值) + ate → 对价值予以肯定 → 赏识",
          "desc": "记忆"
        },
        "relWord": {
          "rels": [
            {
              "pos": "adj",
              "words": [
                {
                  "hwd": "appreciative",
                  "tran": " 感激的；赏识的；有欣赏力的；承认有价值的"
                }
              ]
            },
            {
              "pos": "adv",
              "words": [
                {
                  "hwd": "appreciatively",
                  "tran": " 欣赏地，赞赏地；感激地"
                }
              ]
            },
            {
              "pos": "n",
              "words": [
                {
                  "hwd": "appreciation",
                  "tran": " 欣赏，鉴别；增值；感谢"
                }
              ]
            }
          ],
          "desc": "同根"
        },
        "trans": [
          {
            "tranCn": "欣赏，感激；涨价",
            "descOther": "英释",
            "descCn": "中释",
            "pos": "v",
            "tranOther": "used to thank someone in a polite way or to say that you are grateful for something they have done"
          }
        ]
      }
    }
  },
  "bookId": "IELTSluan_2"
}