{
  "wordRank": 1053,
  "headWord": "motto",
  "content": {
    "word": {
      "wordHead": "motto",
      "wordId": "IELTSluan_2_1053",
      "content": {
        "sentence": {
          "sentences": [
            {
              "sContent": "‘Be prepared’ is the motto of the Boy Scouts.",
              "sCn": "“时刻准备着”是童子军的格言。"
            }
          ],
          "desc": "例句"
        },
        "usphone": "'mɑto",
        "syno": {
          "synos": [
            {
              "pos": "n",
              "tran": "座右铭，格言；箴言",
              "hwds": [
                {
                  "w": "imprese"
                },
                {
                  "w": "maxim"
                }
              ]
            }
          ],
          "desc": "同近"
        },
        "ukphone": "'mɒtəʊ",
        "ukspeech": "motto&type=1",
        "star": 0,
        "phrase": {
          "phrases": [
            {
              "pContent": "olympic motto",
              "pCn": "奥林匹克格言"
            },
            {
              "pContent": "school motto",
              "pCn": "校训"
            }
          ],
          "desc": "短语"
        },
        "phone": "'mɔtəu",
        "speech": "motto",
        "usspeech": "motto&type=2",
        "trans": [
          {
            "tranCn": "座右铭，箴言",
            "descOther": "英释",
            "descCn": "中释",
            "pos": "n",
            "tranOther": "a short sentence or phrase giving a rule on how to behave, which expresses the aims or beliefs of a person, school, or institution"
          }
        ]
      }
    }
  },
  "bookId": "IELTSluan_2"
}