{
  "wordRank": 1054,
  "headWord": "toddle",
  "content": {
    "word": {
      "wordHead": "toddle",
      "wordId": "IELTSluan_2_1054",
      "content": {
        "sentence": {
          "sentences": [
            {
              "sContent": "...once your baby starts toddling.",
              "sCn": "...一旦你的小孩开始蹒跚学步。"
            }
          ],
          "desc": "例句"
        },
        "usphone": "'tɑdl",
        "syno": {
          "synos": [
            {
              "pos": "vi",
              "tran": "蹒跚学步；东倒西歪地走；散步",
              "hwds": [
                {
                  "w": "walk along"
                },
                {
                  "w": "have a walk"
                }
              ]
            }
          ],
          "desc": "同近"
        },
        "ukphone": "'tɒd(ə)l",
        "ukspeech": "toddle&type=1",
        "star": 0,
        "phone": "'tɔdl",
        "speech": "toddle",
        "relWord": {
          "rels": [
            {
              "pos": "n",
              "words": [
                {
                  "hwd": "toddler",
                  "tran": " 学步的小孩；幼童装"
                }
              ]
            }
          ],
          "desc": "同根"
        },
        "usspeech": "toddle&type=2",
        "trans": [
          {
            "tranCn": "(如小孩)蹒跚学步",
            "descOther": "英释",
            "descCn": "中释",
            "pos": "v",
            "tranOther": "if a small child toddles, it walks with short, unsteady steps"
          }
        ]
      }
    }
  },
  "bookId": "IELTSluan_2"
}