{
  "wordRank": 1055,
  "headWord": "feud",
  "content": {
    "word": {
      "wordHead": "feud",
      "wordId": "IELTSluan_2_1055",
      "content": {
        "sentence": {
          "sentences": [
            {
              "sContent": "Insults only served to inflame the feud.",
              "sContent_eng": "Insults only served to inflame the <b>feud</b>.",
              "sSpeech": "Insults+only+served+to+inflame+the+feud.&le=eng",
              "sCn": "侮辱只是起到了加剧长期不和的作用。"
            }
          ],
          "desc": "例句"
        },
        "usphone": "fjʊd",
        "syno": {
          "synos": [
            {
              "pos": "n",
              "tran": "不和；争执；封地",
              "hwds": [
                {
                  "w": "difference"
                },
                {
                  "w": "conflict"
                },
                {
                  "w": "misunderstanding"
                }
              ]
            }
          ],
          "desc": "同近"
        },
        "ukphone": "fjuːd",
        "ukspeech": "feud&type=1",
        "star": 0,
        "phrase": {
          "phrases": [
            {
              "pContent": "at feud with",
              "pCn": "与…有仇，与…不和"
            },
            {
              "pContent": "blood feud",
              "pCn": "族仇；世仇"
            }
          ],
          "desc": "短语"
        },
        "speech": "feud",
        "relWord": {
          "rels": [
            {
              "pos": "adj",
              "words": [
                {
                  "hwd": "feudal",
                  "tran": " 封建制度的；领地的；世仇的"
                },
                {
                  "hwd": "feudatory",
                  "tran": " 封臣的；封地的"
                }
              ]
            },
            {
              "pos": "adv",
              "words": [
                {
                  "hwd": "feudally",
                  "tran": " 如封建地"
                }
              ]
            },
            {
              "pos": "n",
              "words": [
                {
                  "hwd": "feudalism",
                  "tran": " 封建主义；封建制度"
                },
                {
                  "hwd": "feudatory",
                  "tran": " 封臣；封地"
                }
              ]
            },
            {
              "pos": "vt",
              "words": [
                {
                  "hwd": "feudalize",
                  "tran": " 使……形成封建制度；使……封建化"
                }
              ]
            }
          ],
          "desc": "同根"
        },
        "usspeech": "feud&type=2",
        "trans": [
          {
            "tranCn": "长期不和；争吵",
            "descOther": "英释",
            "descCn": "中释",
            "pos": "n&vt",
            "tranOther": "an angry and often violent quarrel between two people or groups that continues for a long time"
          }
        ]
      }
    }
  },
  "bookId": "IELTSluan_2"
}