{
  "wordRank": 1056,
  "headWord": "census",
  "content": {
    "word": {
      "wordHead": "census",
      "wordId": "IELTSluan_2_1056",
      "content": {
        "sentence": {
          "sentences": [
            {
              "sContent": "a traffic census",
              "sCn": "交通状况调查"
            }
          ],
          "desc": "例句"
        },
        "usphone": "'sɛnsəs",
        "syno": {
          "synos": [
            {
              "pos": "n",
              "tran": "人口普查，人口调查",
              "hwds": [
                {
                  "w": "lustrum"
                },
                {
                  "w": "nose-count"
                }
              ]
            }
          ],
          "desc": "同近"
        },
        "ukphone": "'sensəs",
        "ukspeech": "census&type=1",
        "star": 0,
        "phrase": {
          "phrases": [
            {
              "pContent": "census register",
              "pCn": "户籍登记簿"
            },
            {
              "pContent": "census data",
              "pCn": "n. 户口普查资料"
            },
            {
              "pContent": "census bureau",
              "pCn": "人口统计局，人口调查局；人口普查局"
            },
            {
              "pContent": "population census",
              "pCn": "人口普查"
            },
            {
              "pContent": "census taker",
              "pCn": "户口调查员"
            },
            {
              "pContent": "census and statistics department",
              "pCn": "政府统计处；统计处"
            }
          ],
          "desc": "短语"
        },
        "phone": "'sensəs",
        "speech": "census",
        "usspeech": "census&type=2",
        "trans": [
          {
            "tranCn": "人口调查",
            "descOther": "英释",
            "descCn": "中释",
            "pos": "n",
            "tranOther": "an official process of counting a country’s population and finding out about the people"
          }
        ]
      }
    }
  },
  "bookId": "IELTSluan_2"
}