{
  "wordRank": 1057,
  "headWord": "archaic",
  "content": {
    "word": {
      "wordHead": "archaic",
      "wordId": "IELTSluan_2_1057",
      "content": {
        "sentence": {
          "sentences": [
            {
              "sContent": "archaic words",
              "sCn": "古词"
            }
          ],
          "desc": "例句"
        },
        "usphone": "ɑr'keɪk",
        "syno": {
          "synos": [
            {
              "pos": "adj",
              "tran": "[语][生物]古代的；陈旧的；古体的；古色古香的",
              "hwds": [
                {
                  "w": "ancient"
                },
                {
                  "w": "old"
                }
              ]
            }
          ],
          "desc": "同近"
        },
        "ukphone": "ɑː'keɪɪk",
        "ukspeech": "archaic&type=1",
        "star": 0,
        "phone": "ɑ:'keiik",
        "speech": "archaic",
        "usspeech": "archaic&type=2",
        "trans": [
          {
            "tranCn": "(语言、词汇等)古代的，已不通用的",
            "descOther": "英释",
            "descCn": "中释",
            "pos": "adj",
            "tranOther": "old and no longer used"
          }
        ]
      }
    }
  },
  "bookId": "IELTSluan_2"
}