{
  "wordRank": 1058,
  "headWord": "dissolve",
  "content": {
    "word": {
      "wordHead": "dissolve",
      "wordId": "IELTSluan_2_1058",
      "content": {
        "sentence": {
          "sentences": [
            {
              "sContent": "Stir until the sugar dissolves.",
              "sCn": "一直搅拌到糖溶解掉。"
            }
          ],
          "desc": "例句"
        },
        "usphone": "dɪ'zɑlv",
        "ukspeech": "dissolve&type=1",
        "star": 0,
        "usspeech": "dissolve&type=2",
        "syno": {
          "synos": [
            {
              "pos": "vt",
              "tran": "使溶解；使分解；使液化",
              "hwds": [
                {
                  "w": "hemolyze"
                },
                {
                  "w": "haemolyze"
                }
              ]
            },
            {
              "pos": "vi",
              "tran": "溶解；解散；消失",
              "hwds": [
                {
                  "w": "melt"
                },
                {
                  "w": "disappear"
                }
              ]
            }
          ],
          "desc": "同近"
        },
        "ukphone": "dɪ'zɒlv",
        "phrase": {
          "phrases": [
            {
              "pContent": "dissolve in",
              "pCn": "vt. 溶入"
            }
          ],
          "desc": "短语"
        },
        "phone": "di'zɔlv",
        "speech": "dissolve",
        "remMethod": {
          "val": " dis(分开) + solve(解决) → 分开解决 → 溶解； 解散",
          "desc": "记忆"
        },
        "relWord": {
          "rels": [
            {
              "pos": "adj",
              "words": [
                {
                  "hwd": "dissolved",
                  "tran": " 溶解的；溶化的"
                },
                {
                  "hwd": "dissolving",
                  "tran": " 消溶的；毁灭性的"
                },
                {
                  "hwd": "dissolvable",
                  "tran": " 可溶解的；可分解的；可解散的"
                },
                {
                  "hwd": "dissolvent",
                  "tran": " 有溶解力的"
                }
              ]
            },
            {
              "pos": "n",
              "words": [
                {
                  "hwd": "dissolution",
                  "tran": " 分解，溶解；（议会等的）解散；（契约等的）解除；死亡"
                },
                {
                  "hwd": "dissolvent",
                  "tran": " 溶剂"
                },
                {
                  "hwd": "dissolver",
                  "tran": " 溶解装置；溶解器"
                }
              ]
            },
            {
              "pos": "v",
              "words": [
                {
                  "hwd": "dissolved",
                  "tran": " 使溶解；使溶化（dissolve的过去分词）"
                },
                {
                  "hwd": "dissolving",
                  "tran": " 使溶解（dissolve的现在分词）"
                }
              ]
            }
          ],
          "desc": "同根"
        },
        "trans": [
          {
            "tranCn": "使液化，融化；使解散",
            "descOther": "英释",
            "descCn": "中释",
            "pos": "v",
            "tranOther": "if a solid dissolves, or if you dissolve it, it mixes with a liquid and becomes part of it"
          }
        ]
      }
    }
  },
  "bookId": "IELTSluan_2"
}