{
  "wordRank": 1059,
  "headWord": "carrier",
  "content": {
    "word": {
      "wordHead": "carrier",
      "wordId": "IELTSluan_2_1059",
      "content": {
        "sentence": {
          "sentences": [
            {
              "sContent": "an international carrier",
              "sCn": "跨国运输公司"
            }
          ],
          "desc": "例句"
        },
        "usphone": "'kærɪɚ",
        "syno": {
          "synos": [
            {
              "pos": "n",
              "tran": "[化学]载体；运送者；[遗][医]带菌者；货架",
              "hwds": [
                {
                  "w": "vector"
                },
                {
                  "w": "conveyor"
                }
              ]
            }
          ],
          "desc": "同近"
        },
        "ukphone": "'kærɪə",
        "ukspeech": "carrier&type=1",
        "star": 0,
        "phrase": {
          "phrases": [
            {
              "pContent": "aircraft carrier",
              "pCn": "n. 航空母舰；全能篮球中锋"
            },
            {
              "pContent": "carrier frequency",
              "pCn": "载波频率"
            },
            {
              "pContent": "carrier phase",
              "pCn": "载波相位"
            },
            {
              "pContent": "carrier wave",
              "pCn": "[电信]载波"
            },
            {
              "pContent": "carrier gas",
              "pCn": "运载气体"
            },
            {
              "pContent": "bulk carrier",
              "pCn": "散装货船，散货船"
            },
            {
              "pContent": "carrier rocket",
              "pCn": "n. 运载火箭"
            },
            {
              "pContent": "catalyst carrier",
              "pCn": "n. 催化剂载体"
            },
            {
              "pContent": "air carrier",
              "pCn": "航空运输；航空公司；航线；空运机"
            },
            {
              "pContent": "common carrier",
              "pCn": "公共承运人；公用运输业者"
            },
            {
              "pContent": "carrier system",
              "pCn": "[计]载波系统"
            },
            {
              "pContent": "tool carrier",
              "pCn": "刀架；走刀箱"
            },
            {
              "pContent": "mail carrier",
              "pCn": "邮递员；邮车"
            },
            {
              "pContent": "carrier signal",
              "pCn": "[电]载波信号"
            },
            {
              "pContent": "carrier tape",
              "pCn": "带式载体；输送带"
            },
            {
              "pContent": "carrier protein",
              "pCn": "载体蛋白"
            },
            {
              "pContent": "baby carrier",
              "pCn": "童车；婴儿背带；轻型航空母舰"
            },
            {
              "pContent": "minority carrier",
              "pCn": "[电子学]少数载流子"
            },
            {
              "pContent": "energy carrier",
              "pCn": "能量载体；载能体"
            },
            {
              "pContent": "carrier bag",
              "pCn": "手提袋；购物袋"
            }
          ],
          "desc": "短语"
        },
        "phone": "'kæriə",
        "speech": "carrier",
        "relWord": {
          "rels": [
            {
              "pos": "n",
              "words": [
                {
                  "hwd": "cart",
                  "tran": " 二轮运货马车"
                }
              ]
            },
            {
              "pos": "vi",
              "words": [
                {
                  "hwd": "cart",
                  "tran": " 驾运货马车；用运货车运送"
                }
              ]
            },
            {
              "pos": "vt",
              "words": [
                {
                  "hwd": "cart",
                  "tran": " 用车装载"
                }
              ]
            }
          ],
          "desc": "同根"
        },
        "usspeech": "carrier&type=2",
        "trans": [
          {
            "tranCn": "运货人；带菌者；运输军队的交通工具",
            "descOther": "英释",
            "descCn": "中释",
            "pos": "n",
            "tranOther": "a company that moves goods or passengers from one place to another"
          }
        ]
      }
    }
  },
  "bookId": "IELTSluan_2"
}