{
  "wordRank": 106,
  "headWord": "lenient",
  "content": {
    "word": {
      "wordHead": "lenient",
      "wordId": "IELTSluan_2_106",
      "content": {
        "sentence": {
          "sentences": [
            {
              "sContent": "the lenient sentences handed down by some judges",
              "sCn": "一些法官作出的宽大判决"
            },
            {
              "sContent": "School examiners say that marking has become more lenient in recent years.",
              "sCn": "学校的阅卷人称近年来评分标准放宽了。"
            }
          ],
          "desc": "例句"
        },
        "usphone": "'linɪənt",
        "syno": {
          "synos": [
            {
              "pos": "adj",
              "tran": "宽大的；仁慈的",
              "hwds": [
                {
                  "w": "liberal"
                },
                {
                  "w": "humane"
                }
              ]
            }
          ],
          "desc": "同近"
        },
        "ukphone": "'liːnɪənt",
        "ukspeech": "lenient&type=1",
        "star": 0,
        "phone": "'li:njənt",
        "speech": "lenient",
        "remMethod": {
          "val": " len(软) + ient → 心肠软的 → 仁慈的",
          "desc": "记忆"
        },
        "relWord": {
          "rels": [
            {
              "pos": "adv",
              "words": [
                {
                  "hwd": "leniently",
                  "tran": " 宽大地；温和地"
                }
              ]
            },
            {
              "pos": "n",
              "words": [
                {
                  "hwd": "leniency",
                  "tran": " 宽大，仁慈；温和"
                },
                {
                  "hwd": "lenience",
                  "tran": " 仁慈；宽厚"
                },
                {
                  "hwd": "lenity",
                  "tran": " 慈悲；宽大处理；宽大的行为"
                }
              ]
            }
          ],
          "desc": "同根"
        },
        "usspeech": "lenient&type=2",
        "trans": [
          {
            "tranCn": "宽大的，宽厚的",
            "descOther": "英释",
            "descCn": "中释",
            "pos": "adj",
            "tranOther": "not strict in the way you punish someone or in the standard you expect"
          }
        ]
      }
    }
  },
  "bookId": "IELTSluan_2"
}