{
  "wordRank": 1060,
  "headWord": "cue",
  "content": {
    "word": {
      "wordHead": "cue",
      "wordId": "IELTSluan_2_1060",
      "content": {
        "sentence": {
          "sentences": [
            {
              "sContent": "She stood nervously in the wings waiting for her cue.",
              "sCn": "她紧张地站在台侧等待出场的提示。"
            }
          ],
          "desc": "例句"
        },
        "usphone": "kju",
        "syno": {
          "synos": [
            {
              "pos": "n",
              "tran": "提示，暗示；线索",
              "hwds": [
                {
                  "w": "connotation"
                },
                {
                  "w": "implication"
                },
                {
                  "w": "reminder"
                }
              ]
            }
          ],
          "desc": "同近"
        },
        "ukphone": "kjuː",
        "ukspeech": "cue&type=1",
        "star": 0,
        "phrase": {
          "phrases": [
            {
              "pContent": "on cue",
              "pCn": "恰好在这个时候"
            },
            {
              "pContent": "cue ball",
              "pCn": "撞球台上的白色球，母球"
            },
            {
              "pContent": "cue in",
              "pCn": "v. 插入；提供消息"
            },
            {
              "pContent": "cue stick",
              "pCn": "桌球杆"
            }
          ],
          "desc": "短语"
        },
        "phone": "kju:",
        "speech": "cue",
        "remMethod": {
          "val": " 线索(clue)有提示(cue)作用",
          "desc": "记忆"
        },
        "usspeech": "cue&type=2",
        "trans": [
          {
            "tranCn": "提示，暗示",
            "descOther": "英释",
            "descCn": "中释",
            "pos": "n",
            "tranOther": "an action or event that is a signal for something else to happen"
          }
        ]
      }
    }
  },
  "bookId": "IELTSluan_2"
}