{
  "wordRank": 1061,
  "headWord": "impromptu",
  "content": {
    "word": {
      "wordHead": "impromptu",
      "wordId": "IELTSluan_2_1061",
      "content": {
        "usphone": "ɪm'prɑmptu",
        "syno": {
          "synos": [
            {
              "pos": "adv",
              "tran": "即席地",
              "hwds": [
                {
                  "w": "extemporarily"
                },
                {
                  "w": "offhandedly"
                }
              ]
            },
            {
              "pos": "adj",
              "tran": "即席的",
              "hwds": [
                {
                  "w": "sight"
                },
                {
                  "w": "off-the-cuff"
                }
              ]
            }
          ],
          "desc": "同近"
        },
        "ukphone": "ɪm'prɒm(p)tjuː",
        "ukspeech": "impromptu&type=1",
        "star": 0,
        "phone": "im'prɔmptju:",
        "speech": "impromptu",
        "usspeech": "impromptu&type=2",
        "trans": [
          {
            "tranCn": "无准备的(地)；即兴的(地)",
            "descCn": "中释",
            "pos": "a&ad"
          }
        ]
      }
    }
  },
  "bookId": "IELTSluan_2"
}