{
  "wordRank": 1062,
  "headWord": "amaze",
  "content": {
    "word": {
      "wordHead": "amaze",
      "wordId": "IELTSluan_2_1062",
      "content": {
        "sentence": {
          "sentences": [
            {
              "sContent": "Dave amazed his friends by suddenly getting married.",
              "sCn": "戴夫突然结婚，令朋友们非常吃惊。"
            }
          ],
          "desc": "例句"
        },
        "usphone": "ə'mez",
        "syno": {
          "synos": [
            {
              "pos": "vt",
              "tran": "使吃惊",
              "hwds": [
                {
                  "w": "take aback"
                },
                {
                  "w": "take by surprise"
                }
              ]
            }
          ],
          "desc": "同近"
        },
        "ukphone": "ə'meɪz",
        "ukspeech": "amaze&type=1",
        "star": 0,
        "phone": "ə'meiz",
        "speech": "amaze",
        "relWord": {
          "rels": [
            {
              "pos": "adj",
              "words": [
                {
                  "hwd": "amazing",
                  "tran": " 令人惊异的"
                },
                {
                  "hwd": "amazed",
                  "tran": " 惊奇的，吃惊的"
                }
              ]
            },
            {
              "pos": "adv",
              "words": [
                {
                  "hwd": "amazingly",
                  "tran": " 令人惊讶地；惊奇地"
                }
              ]
            },
            {
              "pos": "n",
              "words": [
                {
                  "hwd": "amazement",
                  "tran": " 惊异；惊愕"
                }
              ]
            },
            {
              "pos": "v",
              "words": [
                {
                  "hwd": "amazing",
                  "tran": " 使吃惊（amaze的ing形式）"
                },
                {
                  "hwd": "amazed",
                  "tran": " 使…吃惊；把…弄糊涂（amaze的过去分词）"
                }
              ]
            }
          ],
          "desc": "同根"
        },
        "usspeech": "amaze&type=2",
        "trans": [
          {
            "tranCn": "使惊奇",
            "descOther": "英释",
            "descCn": "中释",
            "pos": "v",
            "tranOther": "to surprise someone very much"
          }
        ]
      }
    }
  },
  "bookId": "IELTSluan_2"
}