{
  "wordRank": 1063,
  "headWord": "weary",
  "content": {
    "word": {
      "wordHead": "weary",
      "wordId": "IELTSluan_2_1063",
      "content": {
        "sentence": {
          "sentences": [
            {
              "sContent": "She found Rachel in the kitchen, looking old and weary.",
              "sCn": "她发现雷切尔在厨房里，看上去苍老而疲惫。"
            },
            {
              "sContent": "She sat down with a weary sigh.",
              "sCn": "她疲倦地叹口气坐了下来。"
            }
          ],
          "desc": "例句"
        },
        "usphone": "'wɪri",
        "syno": {
          "synos": [
            {
              "pos": "adj",
              "tran": "疲倦的；厌烦的；令人厌烦的",
              "hwds": [
                {
                  "w": "tired"
                },
                {
                  "w": "worn"
                },
                {
                  "w": "trying"
                },
                {
                  "w": "boring"
                },
                {
                  "w": "harassed"
                }
              ]
            },
            {
              "pos": "vi",
              "tran": "疲倦；厌烦",
              "hwds": [
                {
                  "w": "jade"
                },
                {
                  "w": "be tired out"
                }
              ]
            },
            {
              "pos": "vt",
              "tran": "使疲倦；使厌烦",
              "hwds": [
                {
                  "w": "labor"
                },
                {
                  "w": "jade"
                }
              ]
            }
          ],
          "desc": "同近"
        },
        "ukphone": "'wɪərɪ",
        "ukspeech": "weary&type=1",
        "star": 0,
        "phrase": {
          "phrases": [
            {
              "pContent": "weary of",
              "pCn": "疲倦；厌烦于"
            },
            {
              "pContent": "weary with",
              "pCn": "因…而厌烦"
            }
          ],
          "desc": "短语"
        },
        "phone": "'wiəri",
        "speech": "weary",
        "relWord": {
          "rels": [
            {
              "pos": "adj",
              "words": [
                {
                  "hwd": "wearing",
                  "tran": " 磨损的；穿用的；令人疲倦的"
                },
                {
                  "hwd": "wearisome",
                  "tran": " 使疲倦的；使厌倦的；乏味的"
                }
              ]
            },
            {
              "pos": "adv",
              "words": [
                {
                  "hwd": "wearily",
                  "tran": " 疲倦地；无聊地；厌倦地"
                }
              ]
            },
            {
              "pos": "n",
              "words": [
                {
                  "hwd": "weariness",
                  "tran": " 疲倦，疲劳；厌倦"
                }
              ]
            },
            {
              "pos": "v",
              "words": [
                {
                  "hwd": "wearing",
                  "tran": " 穿着；磨损（wear的ing形式）"
                }
              ]
            }
          ],
          "desc": "同根"
        },
        "usspeech": "weary&type=2",
        "trans": [
          {
            "tranCn": "疲倦的，困乏的；令人厌倦的",
            "descOther": "英释",
            "descCn": "中释",
            "pos": "adj",
            "tranOther": "very tired or bored, especially because you have been doing something for a long time"
          }
        ]
      }
    }
  },
  "bookId": "IELTSluan_2"
}