{
  "wordRank": 1064,
  "headWord": "assurance",
  "content": {
    "word": {
      "wordHead": "assurance",
      "wordId": "IELTSluan_2_1064",
      "content": {
        "sentence": {
          "sentences": [
            {
              "sContent": "the calm assurance with which she handled the horse",
              "sCn": "她对付马儿时的从容镇定"
            },
            {
              "sContent": "‘Jack will never agree to that,’ he said with assurance.",
              "sCn": "“杰克绝不会同意的。”他肯定地说道。"
            }
          ],
          "desc": "例句"
        },
        "usphone": "ə'ʃʊrəns",
        "syno": {
          "synos": [
            {
              "pos": "n",
              "tran": "保证；保险；确信；断言",
              "hwds": [
                {
                  "w": "certification"
                },
                {
                  "w": "insurance"
                },
                {
                  "w": "commitment"
                },
                {
                  "w": "guarantee"
                },
                {
                  "w": "safety"
                }
              ]
            }
          ],
          "desc": "同近"
        },
        "ukphone": "ə'ʃʊər(ə)ns",
        "ukspeech": "assurance&type=1",
        "star": 0,
        "phrase": {
          "phrases": [
            {
              "pContent": "quality assurance",
              "pCn": "质量保证；品质保证"
            },
            {
              "pContent": "assurance company",
              "pCn": "保险公司"
            },
            {
              "pContent": "life assurance",
              "pCn": "n. 人寿保险；（保险公司付给的）人寿保险金；（被保险人缴纳的）人寿保险费"
            },
            {
              "pContent": "assurance coefficient",
              "pCn": "安全系数，保险系数；保证系数"
            }
          ],
          "desc": "短语"
        },
        "speech": "assurance",
        "remMethod": {
          "val": " assur(=assure保证) + ance → 保证",
          "desc": "记忆"
        },
        "relWord": {
          "rels": [
            {
              "pos": "adj",
              "words": [
                {
                  "hwd": "assured",
                  "tran": " 确定的；自信的"
                },
                {
                  "hwd": "assuring",
                  "tran": " 保证的；确信的；使人有信心的"
                }
              ]
            },
            {
              "pos": "adv",
              "words": [
                {
                  "hwd": "assuredly",
                  "tran": " 确实地；确信地"
                }
              ]
            },
            {
              "pos": "n",
              "words": [
                {
                  "hwd": "assured",
                  "tran": " 被保险人"
                },
                {
                  "hwd": "assuredness",
                  "tran": " 确实；自信；确信；厚颜"
                }
              ]
            },
            {
              "pos": "v",
              "words": [
                {
                  "hwd": "assured",
                  "tran": " 保证；确实（assure的过去分词）"
                },
                {
                  "hwd": "assuring",
                  "tran": " 确信（assure的ing形式）"
                }
              ]
            },
            {
              "pos": "vt",
              "words": [
                {
                  "hwd": "assure",
                  "tran": " 保证；担保；使确信；弄清楚"
                }
              ]
            }
          ],
          "desc": "同根"
        },
        "usspeech": "assurance&type=2",
        "trans": [
          {
            "tranCn": "自信；承诺；保险",
            "descOther": "英释",
            "descCn": "中释",
            "pos": "n",
            "tranOther": "a feeling of calm confidence about your own abilities, or that you are right about something"
          }
        ]
      }
    }
  },
  "bookId": "IELTSluan_2"
}