{
  "wordRank": 1065,
  "headWord": "automation",
  "content": {
    "word": {
      "wordHead": "automation",
      "wordId": "IELTSluan_2_1065",
      "content": {
        "usphone": ",ɔtə'meʃən",
        "syno": {
          "synos": [
            {
              "pos": "n",
              "tran": "自动化；[自]自动操作",
              "hwds": [
                {
                  "w": "robotization"
                },
                {
                  "w": "automatic operation"
                }
              ]
            }
          ],
          "desc": "同近"
        },
        "ukphone": "ɔːtə'meɪʃ(ə)n",
        "ukspeech": "automation&type=1",
        "star": 0,
        "phrase": {
          "phrases": [
            {
              "pContent": "industrial automation",
              "pCn": "工业自动化"
            },
            {
              "pContent": "office automation",
              "pCn": "办公自动化"
            },
            {
              "pContent": "automation equipment",
              "pCn": "自动化设备；自动化装置"
            },
            {
              "pContent": "degree of automation",
              "pCn": "自动化程度"
            },
            {
              "pContent": "process automation",
              "pCn": "过程自动化；工序自动化"
            },
            {
              "pContent": "building automation",
              "pCn": "建筑自动化"
            },
            {
              "pContent": "factory automation",
              "pCn": "工厂自动化"
            },
            {
              "pContent": "design automation",
              "pCn": "设计自动化"
            },
            {
              "pContent": "production automation",
              "pCn": "生产自动化"
            },
            {
              "pContent": "test automation",
              "pCn": "测试自动化；自动测试"
            },
            {
              "pContent": "full automation",
              "pCn": "完全自动化"
            },
            {
              "pContent": "home automation",
              "pCn": "[计]家庭自动化"
            },
            {
              "pContent": "department of automation",
              "pCn": "自动化系"
            },
            {
              "pContent": "flexible automation",
              "pCn": "灵活自动化"
            }
          ],
          "desc": "短语"
        },
        "phone": ",ɔ:tə'meiʃən",
        "speech": "automation",
        "relWord": {
          "rels": [
            {
              "pos": "adj",
              "words": [
                {
                  "hwd": "automatic",
                  "tran": " 自动的；无意识的；必然的"
                },
                {
                  "hwd": "automatically",
                  "tran": " 不经思索的"
                },
                {
                  "hwd": "automated",
                  "tran": " 自动化的；机械化的"
                }
              ]
            },
            {
              "pos": "adv",
              "words": [
                {
                  "hwd": "automatically",
                  "tran": " 自动地；机械地；无意识地"
                }
              ]
            },
            {
              "pos": "n",
              "words": [
                {
                  "hwd": "automatic",
                  "tran": " 自动机械；自动手枪"
                },
                {
                  "hwd": "automaton",
                  "tran": " 自动机；机器人；自动机器"
                },
                {
                  "hwd": "automat",
                  "tran": " 自动售货机；[自] 自动机；自动贩卖式餐馆"
                },
                {
                  "hwd": "automatism",
                  "tran": " 自动作用；[医] 自动症；自动性"
                }
              ]
            },
            {
              "pos": "v",
              "words": [
                {
                  "hwd": "automated",
                  "tran": " 自动化（automate的过去分词）；自动操作"
                }
              ]
            },
            {
              "pos": "vi",
              "words": [
                {
                  "hwd": "automate",
                  "tran": " 自动化，自动操作"
                },
                {
                  "hwd": "automatize",
                  "tran": " 自动化"
                }
              ]
            },
            {
              "pos": "vt",
              "words": [
                {
                  "hwd": "automate",
                  "tran": " 使自动化，使自动操作"
                },
                {
                  "hwd": "automatise",
                  "tran": " （英）使自动化（等于automatize）"
                },
                {
                  "hwd": "automatize",
                  "tran": " 使自动化"
                }
              ]
            }
          ],
          "desc": "同根"
        },
        "usspeech": "automation&type=2",
        "trans": [
          {
            "tranCn": "自动化，自动操作",
            "descOther": "英释",
            "descCn": "中释",
            "pos": "n",
            "tranOther": "the use of computers and machines instead of people to do a job"
          }
        ]
      }
    }
  },
  "bookId": "IELTSluan_2"
}