{
  "wordRank": 1066,
  "headWord": "undertake",
  "content": {
    "word": {
      "wordHead": "undertake",
      "wordId": "IELTSluan_2_1066",
      "content": {
        "sentence": {
          "sentences": [
            {
              "sContent": "He undertook to pay the money back in six months.",
              "sCn": "他保证在六个月之内还钱。"
            }
          ],
          "desc": "例句"
        },
        "usphone": ",ʌndɚ'tek",
        "syno": {
          "synos": [
            {
              "pos": "vt",
              "tran": "承担，保证；从事；同意；试图",
              "hwds": [
                {
                  "w": "accept"
                },
                {
                  "w": "pursue"
                },
                {
                  "w": "address"
                },
                {
                  "w": "try"
                },
                {
                  "w": "offer"
                }
              ]
            }
          ],
          "desc": "同近"
        },
        "ukphone": "ʌndə'teɪk",
        "ukspeech": "undertake&type=1",
        "star": 0,
        "phone": ",ʌndə'teik",
        "speech": "undertake",
        "relWord": {
          "rels": [
            {
              "pos": "n",
              "words": [
                {
                  "hwd": "undertaking",
                  "tran": " 事业；企业；保证；殡仪业"
                },
                {
                  "hwd": "undertaker",
                  "tran": " 承担者；承办人；殡仪业者"
                }
              ]
            },
            {
              "pos": "v",
              "words": [
                {
                  "hwd": "undertaking",
                  "tran": " 同意；担任；许诺（undertake的ing形式）"
                }
              ]
            }
          ],
          "desc": "同根"
        },
        "usspeech": "undertake&type=2",
        "trans": [
          {
            "tranCn": "同意，答应；着手做某事",
            "descOther": "英释",
            "descCn": "中释",
            "pos": "v",
            "tranOther": "to accept that you are responsible for a piece of work, and start to do it"
          }
        ]
      }
    }
  },
  "bookId": "IELTSluan_2"
}