{
  "wordRank": 1067,
  "headWord": "pessimism",
  "content": {
    "word": {
      "wordHead": "pessimism",
      "wordId": "IELTSluan_2_1067",
      "content": {
        "sentence": {
          "sentences": [
            {
              "sContent": "...universal pessimism about the economy.",
              "sCn": "…对经济形势普遍的悲观看法。"
            }
          ],
          "desc": "例句"
        },
        "usphone": "'pɛsɪmɪzəm",
        "syno": {
          "synos": [
            {
              "pos": "n",
              "tran": "悲观，悲观情绪；厌世主义",
              "hwds": [
                {
                  "w": "despondence"
                }
              ]
            }
          ],
          "desc": "同近"
        },
        "ukphone": "'pesɪmɪz(ə)m",
        "ukspeech": "pessimism&type=1",
        "star": 0,
        "phone": "'pesimizəm",
        "speech": "pessimism",
        "relWord": {
          "rels": [
            {
              "pos": "adj",
              "words": [
                {
                  "hwd": "pessimistic",
                  "tran": " 悲观的，厌世的；悲观主义的"
                }
              ]
            },
            {
              "pos": "adv",
              "words": [
                {
                  "hwd": "pessimistically",
                  "tran": " 悲观地"
                }
              ]
            },
            {
              "pos": "n",
              "words": [
                {
                  "hwd": "pessimist",
                  "tran": " 悲观主义者"
                }
              ]
            }
          ],
          "desc": "同根"
        },
        "usspeech": "pessimism&type=2",
        "trans": [
          {
            "tranCn": "悲观；悲观主义",
            "descOther": "英释",
            "descCn": "中释",
            "pos": "n",
            "tranOther": "a tendency to believe that bad things will happen"
          }
        ]
      }
    }
  },
  "bookId": "IELTSluan_2"
}