{
  "wordRank": 1068,
  "headWord": "proxy",
  "content": {
    "word": {
      "wordHead": "proxy",
      "wordId": "IELTSluan_2_1068",
      "content": {
        "sentence": {
          "sentences": [
            {
              "sContent": "You can vote by proxy.",
              "sCn": "你可以请人代你投票。"
            }
          ],
          "desc": "例句"
        },
        "usphone": "'prɑksi",
        "syno": {
          "synos": [
            {
              "pos": "n",
              "tran": "[法][贸易]代理人；[经]委托书；代用品",
              "hwds": [
                {
                  "w": "deputy"
                },
                {
                  "w": "agent"
                },
                {
                  "w": "factor"
                },
                {
                  "w": "secondary"
                },
                {
                  "w": "substitute"
                }
              ]
            }
          ],
          "desc": "同近"
        },
        "ukphone": "'prɒksɪ",
        "ukspeech": "proxy&type=1",
        "star": 0,
        "phrase": {
          "phrases": [
            {
              "pContent": "proxy server",
              "pCn": "代理服务系统"
            },
            {
              "pContent": "proxy service",
              "pCn": "代理服务"
            },
            {
              "pContent": "proxy war",
              "pCn": "代理战争；代理人战争"
            },
            {
              "pContent": "proxy voting",
              "pCn": "代理投票"
            }
          ],
          "desc": "短语"
        },
        "phone": "'prɔksi",
        "speech": "proxy",
        "usspeech": "proxy&type=2",
        "trans": [
          {
            "tranCn": "代理权，代表权；代理人",
            "descOther": "英释",
            "descCn": "中释",
            "pos": "n",
            "tranOther": "if you do something by proxy, you arrange for someone else to do it for you"
          }
        ]
      }
    }
  },
  "bookId": "IELTSluan_2"
}