{
  "wordRank": 1069,
  "headWord": "heal",
  "content": {
    "word": {
      "wordHead": "heal",
      "wordId": "IELTSluan_2_1069",
      "content": {
        "sentence": {
          "sentences": [
            {
              "sContent": "a preacher who claims that he can heal the sick",
              "sCn": "自称可以治病的传道士"
            }
          ],
          "desc": "例句"
        },
        "usphone": "hil",
        "syno": {
          "synos": [
            {
              "pos": "vt",
              "tran": "治愈，痊愈；和解",
              "hwds": [
                {
                  "w": "charm away"
                },
                {
                  "w": "charm off"
                }
              ]
            },
            {
              "pos": "vi",
              "tran": "痊愈",
              "hwds": [
                {
                  "w": "cure"
                },
                {
                  "w": "scar"
                }
              ]
            }
          ],
          "desc": "同近"
        },
        "ukphone": "hiːl",
        "ukspeech": "heal&type=1",
        "star": 0,
        "phrase": {
          "phrases": [
            {
              "pContent": "heal up",
              "pCn": "痊愈；治愈"
            },
            {
              "pContent": "self heal",
              "pCn": "自我治愈；夏枯草"
            }
          ],
          "desc": "短语"
        },
        "phone": "hi:l",
        "speech": "heal",
        "relWord": {
          "rels": [
            {
              "pos": "adj",
              "words": [
                {
                  "hwd": "healing",
                  "tran": " 能治愈的"
                }
              ]
            },
            {
              "pos": "n",
              "words": [
                {
                  "hwd": "healing",
                  "tran": " 康复"
                },
                {
                  "hwd": "healer",
                  "tran": " 医治者（尤指用宗教迷信方式给人治病的人）；治疗物；治病术士"
                }
              ]
            },
            {
              "pos": "v",
              "words": [
                {
                  "hwd": "healing",
                  "tran": " 治疗（heal的现在分词）"
                }
              ]
            }
          ],
          "desc": "同根"
        },
        "usspeech": "heal&type=2",
        "trans": [
          {
            "tranCn": "治愈；和解",
            "descOther": "英释",
            "descCn": "中释",
            "pos": "v",
            "tranOther": "to make someone who is ill become healthy again, especially by using natural powers or prayer"
          }
        ]
      }
    }
  },
  "bookId": "IELTSluan_2"
}