{
  "wordRank": 107,
  "headWord": "pompous",
  "content": {
    "word": {
      "wordHead": "pompous",
      "wordId": "IELTSluan_2_107",
      "content": {
        "sentence": {
          "sentences": [
            {
              "sContent": "He seems rather pompous.",
              "sCn": "他看上去相当自负。"
            },
            {
              "sContent": "the book’s pompous style",
              "sCn": "该书浮夸的文风"
            }
          ],
          "desc": "例句"
        },
        "usphone": "'pɑmpəs",
        "syno": {
          "synos": [
            {
              "pos": "adj",
              "tran": "自大的；浮夸的；华而不实的；爱炫耀的",
              "hwds": [
                {
                  "w": "arrogant"
                },
                {
                  "w": "purple"
                }
              ]
            }
          ],
          "desc": "同近"
        },
        "ukphone": "'pɒmpəs",
        "ukspeech": "pompous&type=1",
        "star": 0,
        "phone": "'pɔmpəs",
        "speech": "pompous",
        "relWord": {
          "rels": [
            {
              "pos": "adv",
              "words": [
                {
                  "hwd": "pompously",
                  "tran": " 傲慢地；盛大壮观地"
                }
              ]
            },
            {
              "pos": "n",
              "words": [
                {
                  "hwd": "pomp",
                  "tran": " 盛况；浮华；壮丽；夸耀"
                },
                {
                  "hwd": "pomposity",
                  "tran": " 自大；炫耀；浮夸"
                },
                {
                  "hwd": "pompousness",
                  "tran": " 豪华；傲慢"
                }
              ]
            }
          ],
          "desc": "同根"
        },
        "usspeech": "pompous&type=2",
        "trans": [
          {
            "tranCn": "自负的，夸大的",
            "descOther": "英释",
            "descCn": "中释",
            "pos": "adj",
            "tranOther": "someone who is pompous thinks that they are important, and shows this by being very formal and using long words – used to show disapproval"
          }
        ]
      }
    }
  },
  "bookId": "IELTSluan_2"
}