{
  "wordRank": 1070,
  "headWord": "stale",
  "content": {
    "word": {
      "wordHead": "stale",
      "wordId": "IELTSluan_2_1070",
      "content": {
        "sentence": {
          "sentences": [
            {
              "sContent": "French bread goes stale (= becomes stale ) very quickly.",
              "sCn": "法式面包极易变味。"
            },
            {
              "sContent": "stale cake",
              "sCn": "不新鲜的蛋糕"
            }
          ],
          "desc": "例句"
        },
        "usphone": "stel",
        "syno": {
          "synos": [
            {
              "pos": "adj",
              "tran": "陈腐的；不新鲜的",
              "hwds": [
                {
                  "w": "banal"
                },
                {
                  "w": "trite"
                }
              ]
            },
            {
              "pos": "vi",
              "tran": "变陈旧；撒尿；变得不新鲜",
              "hwds": [
                {
                  "w": "urinate"
                }
              ]
            },
            {
              "pos": "n",
              "tran": "尿",
              "hwds": [
                {
                  "w": "urine"
                },
                {
                  "w": "emiction"
                }
              ]
            }
          ],
          "desc": "同近"
        },
        "ukphone": "steɪl",
        "ukspeech": "stale&type=1",
        "star": 0,
        "phone": "steil",
        "speech": "stale",
        "remMethod": {
          "val": " s + tale(传说) → 传说说多， 陈词滥调 → 陈腐的",
          "desc": "记忆"
        },
        "relWord": {
          "rels": [
            {
              "pos": "n",
              "words": [
                {
                  "hwd": "staleness",
                  "tran": " 腐败；陈腐；不新鲜；泄气"
                }
              ]
            }
          ],
          "desc": "同根"
        },
        "usspeech": "stale&type=2",
        "trans": [
          {
            "tranCn": "食品不新鲜的；陈旧的",
            "descOther": "英释",
            "descCn": "中释",
            "pos": "adj",
            "tranOther": "bread or cake that is stale is no longer fresh or good to eat"
          }
        ]
      }
    }
  },
  "bookId": "IELTSluan_2"
}