{
  "wordRank": 1071,
  "headWord": "destructive",
  "content": {
    "word": {
      "wordHead": "destructive",
      "wordId": "IELTSluan_2_1071",
      "content": {
        "sentence": {
          "sentences": [
            {
              "sContent": "the destructive power of modern weapons",
              "sCn": "现代武器的破坏力"
            }
          ],
          "desc": "例句"
        },
        "usphone": "dɪ'strʌktɪv",
        "ukspeech": "destructive&type=1",
        "star": 0,
        "usspeech": "destructive&type=2",
        "syno": {
          "synos": [
            {
              "pos": "adj",
              "tran": "破坏的；毁灭性的；有害的，消极的",
              "hwds": [
                {
                  "w": "harmful"
                },
                {
                  "w": "evil"
                },
                {
                  "w": "fell"
                },
                {
                  "w": "negative"
                },
                {
                  "w": "passive"
                }
              ]
            }
          ],
          "desc": "同近"
        },
        "ukphone": "dɪ'strʌktɪv",
        "phrase": {
          "phrases": [
            {
              "pContent": "destructive power",
              "pCn": "破坏力"
            },
            {
              "pContent": "destructive testing",
              "pCn": "破坏性试验"
            },
            {
              "pContent": "destructive effect",
              "pCn": "破坏性"
            },
            {
              "pContent": "destructive test",
              "pCn": "破坏性试验"
            },
            {
              "pContent": "destructive interference",
              "pCn": "相消干涉，相消干扰；破坏性干扰"
            },
            {
              "pContent": "non destructive testing",
              "pCn": "非破坏性检查"
            }
          ],
          "desc": "短语"
        },
        "phone": "di'strʌktiv",
        "speech": "destructive",
        "remMethod": {
          "val": " de(去掉) + struct(建立) + ive(形容词后缀)  → 毁坏建好的东西 → 破坏(性)的",
          "desc": "记忆"
        },
        "relWord": {
          "rels": [
            {
              "pos": "adj",
              "words": [
                {
                  "hwd": "destructible",
                  "tran": " 可破坏的；易损坏的"
                }
              ]
            },
            {
              "pos": "adv",
              "words": [
                {
                  "hwd": "destructively",
                  "tran": " 破坏地；狼狈地"
                }
              ]
            },
            {
              "pos": "n",
              "words": [
                {
                  "hwd": "destruction",
                  "tran": " 破坏，毁灭；摧毁"
                },
                {
                  "hwd": "destruct",
                  "tran": " 自毁"
                },
                {
                  "hwd": "destructiveness",
                  "tran": " 破坏性；毁灭性；破坏能力"
                },
                {
                  "hwd": "destructibility",
                  "tran": " 可破坏性；易毁坏性"
                }
              ]
            },
            {
              "pos": "vi",
              "words": [
                {
                  "hwd": "destruct",
                  "tran": " 自毁"
                }
              ]
            }
          ],
          "desc": "同根"
        },
        "trans": [
          {
            "tranCn": "破坏的，破坏性的",
            "descOther": "英释",
            "descCn": "中释",
            "pos": "adj",
            "tranOther": "causing damage to people or things"
          }
        ]
      }
    }
  },
  "bookId": "IELTSluan_2"
}