{
  "wordRank": 1072,
  "headWord": "pounce",
  "content": {
    "word": {
      "wordHead": "pounce",
      "wordId": "IELTSluan_2_1072",
      "content": {
        "sentence": {
          "sentences": [
            {
              "sContent": "The cat was hiding in the bushes, ready to pounce.",
              "sCn": "猫躲在灌木丛中，准备扑上去。"
            }
          ],
          "desc": "例句"
        },
        "usphone": "paʊns",
        "syno": {
          "synos": [
            {
              "pos": "vi",
              "tran": "突袭，猛扑",
              "hwds": [
                {
                  "w": "sweep down"
                },
                {
                  "w": "bound on"
                }
              ]
            },
            {
              "pos": "n",
              "tran": "猛扑，爪",
              "hwds": [
                {
                  "w": "talon"
                },
                {
                  "w": "unguis"
                }
              ]
            }
          ],
          "desc": "同近"
        },
        "ukphone": "paʊns",
        "ukspeech": "pounce&type=1",
        "star": 0,
        "phrase": {
          "phrases": [
            {
              "pContent": "pounce on",
              "pCn": "猛扑向；突然袭击"
            }
          ],
          "desc": "短语"
        },
        "phone": "pauns",
        "speech": "pounce",
        "usspeech": "pounce&type=2",
        "trans": [
          {
            "tranCn": "突然袭击；抓住",
            "descOther": "英释",
            "descCn": "中释",
            "pos": "v",
            "tranOther": "to suddenly move forward and attack someone or something, after waiting to attack them"
          },
          {
            "tranCn": "突袭，猛扑",
            "descOther": "英释",
            "descCn": "中释",
            "pos": "n",
            "tranOther": "the act of pouncing; a spring or swoop "
          }
        ]
      }
    }
  },
  "bookId": "IELTSluan_2"
}