{
  "wordRank": 1073,
  "headWord": "deliver",
  "content": {
    "word": {
      "wordHead": "deliver",
      "wordId": "IELTSluan_2_1073",
      "content": {
        "sentence": {
          "sentences": [
            {
              "sContent": "The king delivered a televised speech to the nation on November 5.",
              "sCn": "国王在11月5日向全国发表了电视讲话。"
            }
          ],
          "desc": "例句"
        },
        "usphone": "dɪ'lɪvɚ",
        "ukspeech": "deliver&type=1",
        "star": 0,
        "usspeech": "deliver&type=2",
        "syno": {
          "synos": [
            {
              "pos": "vt",
              "tran": "交付；发表；递送；释放；给予（打击）；给…接生",
              "hwds": [
                {
                  "w": "afford"
                },
                {
                  "w": "allow"
                },
                {
                  "w": "extend"
                },
                {
                  "w": "deal"
                },
                {
                  "w": "free"
                }
              ]
            },
            {
              "pos": "vi",
              "tran": "实现；传送；履行；投递",
              "hwds": [
                {
                  "w": "come true"
                },
                {
                  "w": "come to pass"
                }
              ]
            }
          ],
          "desc": "同近"
        },
        "ukphone": "dɪ'lɪvə",
        "phrase": {
          "phrases": [
            {
              "pContent": "deliver the goods",
              "pCn": "交货；履行诺言"
            },
            {
              "pContent": "deliver goods",
              "pCn": "交货"
            },
            {
              "pContent": "deliver a speech",
              "pCn": "发表演讲；发表讲话"
            },
            {
              "pContent": "deliver up",
              "pCn": "交出，放弃"
            },
            {
              "pContent": "deliver from",
              "pCn": "从…处释放出来"
            }
          ],
          "desc": "短语"
        },
        "phone": "di'livə",
        "speech": "deliver",
        "remMethod": {
          "val": " de(使…) + liver(=liber 自由) → 使自由 → 递送； 释放",
          "desc": "记忆"
        },
        "relWord": {
          "rels": [
            {
              "pos": "adj",
              "words": [
                {
                  "hwd": "deliverable",
                  "tran": " 可以传送的；可交付使用的"
                }
              ]
            },
            {
              "pos": "n",
              "words": [
                {
                  "hwd": "delivery",
                  "tran": " [贸易] 交付；分娩；递送"
                },
                {
                  "hwd": "deliverance",
                  "tran": " 释放，解救；救助；判决"
                },
                {
                  "hwd": "deliverer",
                  "tran": " 拯救者；交付者；投递者"
                }
              ]
            }
          ],
          "desc": "同根"
        },
        "trans": [
          {
            "tranCn": "投递，解救；发表；接生",
            "descOther": "英释",
            "descCn": "中释",
            "pos": "v",
            "tranOther": "to make a speech etc to a lot of people"
          }
        ]
      }
    }
  },
  "bookId": "IELTSluan_2"
}