{
  "wordRank": 1074,
  "headWord": "defy",
  "content": {
    "word": {
      "wordHead": "defy",
      "wordId": "IELTSluan_2_1074",
      "content": {
        "sentence": {
          "sentences": [
            {
              "sContent": "This was the first (and last) time that I dared to defy my mother.",
              "sCn": "这是我第一次（也是最后一次）胆敢违抗我母亲。"
            }
          ],
          "desc": "例句"
        },
        "usphone": "'difaɪ",
        "syno": {
          "synos": [
            {
              "pos": "vt",
              "tran": "藐视；公然反抗；挑衅；使落空",
              "hwds": [
                {
                  "w": "spurn at"
                },
                {
                  "w": "sneeze at"
                }
              ]
            },
            {
              "pos": "n",
              "tran": "挑战；对抗",
              "hwds": [
                {
                  "w": "challenge"
                },
                {
                  "w": "dare"
                },
                {
                  "w": "war"
                },
                {
                  "w": "confrontation"
                }
              ]
            }
          ],
          "desc": "同近"
        },
        "ukphone": "dɪ'faɪ",
        "ukspeech": "defy&type=1",
        "star": 0,
        "phone": "di'fai, 'di:-",
        "speech": "defy",
        "usspeech": "defy&type=2",
        "trans": [
          {
            "tranCn": "公然反抗，蔑视，拒绝服从",
            "descOther": "英释",
            "descCn": "中释",
            "pos": "v",
            "tranOther": "If you defy someone or something that is trying to make you behave in a particular way, you refuse to obey them and behave in that way"
          }
        ]
      }
    }
  },
  "bookId": "IELTSluan_2"
}