{
  "wordRank": 1075,
  "headWord": "delegate",
  "content": {
    "word": {
      "wordHead": "delegate",
      "wordId": "IELTSluan_2_1075",
      "content": {
        "sentence": {
          "sentences": [
            {
              "sContent": "A good manager knows when to delegate.",
              "sCn": "一个好的经理知道何时该放权。"
            },
            {
              "sContent": "It takes experience to judge correctly how much power should be delegated.",
              "sCn": "应该下放多少权力需要靠经验来准确判断。"
            }
          ],
          "desc": "例句"
        },
        "usphone": "ˈdɛləgɪt; (for v.,) ˈdɛləˌgeɪt",
        "syno": {
          "synos": [
            {
              "pos": "n",
              "tran": "代表",
              "hwds": [
                {
                  "w": "representation"
                },
                {
                  "w": "deputy"
                },
                {
                  "w": "behalf of"
                },
                {
                  "w": "ambassador"
                }
              ]
            }
          ],
          "desc": "同近"
        },
        "ukphone": "ˈdɛlɪˌɡeɪt; -ɡɪt; (for v.,) ˈdɛlɪˌɡeɪt",
        "ukspeech": "delegate&type=1",
        "star": 0,
        "phrase": {
          "phrases": [
            {
              "pContent": "chief delegate",
              "pCn": "首席代表"
            }
          ],
          "desc": "短语"
        },
        "phone": "'deliɡət, -ɡeit, 'deliɡeit",
        "speech": "delegate",
        "relWord": {
          "rels": [
            {
              "pos": "adj",
              "words": [
                {
                  "hwd": "delegating",
                  "tran": " 授权的"
                }
              ]
            },
            {
              "pos": "n",
              "words": [
                {
                  "hwd": "delegation",
                  "tran": " 代表团；授权；委托"
                },
                {
                  "hwd": "delegating",
                  "tran": " 授权；委派；授权式"
                },
                {
                  "hwd": "delegacy",
                  "tran": " 代表团；代表的地位；代表制度；代表的派遣"
                }
              ]
            },
            {
              "pos": "v",
              "words": [
                {
                  "hwd": "delegating",
                  "tran": " 授权（delegate的ing形式）；选举"
                }
              ]
            }
          ],
          "desc": "同根"
        },
        "usspeech": "delegate&type=2",
        "trans": [
          {
            "tranCn": "委派为代表，授权",
            "descOther": "英释",
            "descCn": "中释",
            "pos": "v",
            "tranOther": "to give part of your power or work to someone in a lower position than you"
          },
          {
            "tranCn": "代表",
            "descOther": "英释",
            "descCn": "中释",
            "pos": "n",
            "tranOther": "someone who has been elected or chosen to speak, vote, or take decisions for a group"
          }
        ]
      }
    }
  },
  "bookId": "IELTSluan_2"
}