{
  "wordRank": 1076,
  "headWord": "evade",
  "content": {
    "word": {
      "wordHead": "evade",
      "wordId": "IELTSluan_2_1076",
      "content": {
        "sentence": {
          "sentences": [
            {
              "sContent": "I could tell that he was trying to evade the issue.",
              "sCn": "我看得出他在极力回避这个问题。"
            },
            {
              "sContent": "The minister evaded the question.",
              "sCn": "部长回避了那个问题。"
            }
          ],
          "desc": "例句"
        },
        "usphone": "ɪ'ved",
        "syno": {
          "synos": [
            {
              "pos": "vt",
              "tran": "逃避；规避；逃脱",
              "hwds": [
                {
                  "w": "get out of"
                },
                {
                  "w": "elude"
                }
              ]
            },
            {
              "pos": "vi",
              "tran": "逃避；规避；逃脱",
              "hwds": [
                {
                  "w": "escape"
                },
                {
                  "w": "get out of"
                }
              ]
            }
          ],
          "desc": "同近"
        },
        "ukphone": "ɪ'veɪd",
        "ukspeech": "evade&type=1",
        "star": 0,
        "phrase": {
          "phrases": [
            {
              "pContent": "evade tax",
              "pCn": "逃税"
            }
          ],
          "desc": "短语"
        },
        "phone": "i'veid",
        "speech": "evade",
        "relWord": {
          "rels": [
            {
              "pos": "adj",
              "words": [
                {
                  "hwd": "evasive",
                  "tran": " 逃避的；托辞的；推托的"
                }
              ]
            },
            {
              "pos": "adv",
              "words": [
                {
                  "hwd": "evasively",
                  "tran": " 逃避地；推诿地"
                }
              ]
            },
            {
              "pos": "n",
              "words": [
                {
                  "hwd": "evasion",
                  "tran": " 逃避；回避；借口"
                },
                {
                  "hwd": "evasiveness",
                  "tran": " 逃避，推诿；模棱两可"
                }
              ]
            }
          ],
          "desc": "同根"
        },
        "usspeech": "evade&type=2",
        "trans": [
          {
            "tranCn": "回避, 躲避\"",
            "descOther": "英释",
            "descCn": "中释",
            "pos": "v",
            "tranOther": "to avoid talking about something, especially because you are trying to hide something"
          }
        ]
      }
    }
  },
  "bookId": "IELTSluan_2"
}