{
  "wordRank": 1077,
  "headWord": "hilarious",
  "content": {
    "word": {
      "wordHead": "hilarious",
      "wordId": "IELTSluan_2_1077",
      "content": {
        "sentence": {
          "sentences": [
            {
              "sContent": "a hilarious story",
              "sCn": "极有趣的故事"
            }
          ],
          "desc": "例句"
        },
        "usphone": "hɪ'lɛrɪəs",
        "syno": {
          "synos": [
            {
              "pos": "adj",
              "tran": "欢闹的；非常滑稽的；喜不自禁的",
              "hwds": [
                {
                  "w": "frisky"
                },
                {
                  "w": "riproarious"
                }
              ]
            }
          ],
          "desc": "同近"
        },
        "ukphone": "hɪ'leərɪəs",
        "ukspeech": "hilarious&type=1",
        "star": 0,
        "phone": "hi'lεəriəs",
        "speech": "hilarious",
        "relWord": {
          "rels": [
            {
              "pos": "adv",
              "words": [
                {
                  "hwd": "hilariously",
                  "tran": " 引人发笑地；滑稽地；喜不自禁地"
                }
              ]
            },
            {
              "pos": "n",
              "words": [
                {
                  "hwd": "hilarity",
                  "tran": " 欢喜；高兴；欢闹"
                }
              ]
            }
          ],
          "desc": "同根"
        },
        "usspeech": "hilarious&type=2",
        "trans": [
          {
            "tranCn": "狂欢的，热闹的",
            "descCn": "中释",
            "pos": "adj"
          }
        ]
      }
    }
  },
  "bookId": "IELTSluan_2"
}