{
  "wordRank": 1078,
  "headWord": "septic",
  "content": {
    "word": {
      "wordHead": "septic",
      "wordId": "IELTSluan_2_1078",
      "content": {
        "sentence": {
          "sentences": [
            {
              "sContent": "Put some anti-septic cream on it.",
              "sContent_eng": "Put some anti-<b>septic</b> cream on it.",
              "sSpeech": "Put+some+anti-septic+cream+on+it.&le=eng",
              "sCn": "涂上一些防止败血症的药膏。"
            }
          ],
          "desc": "例句"
        },
        "usphone": "'sɛptɪk",
        "syno": {
          "synos": [
            {
              "pos": "adj",
              "tran": "败血症的；[医]脓毒性的；腐败的",
              "hwds": [
                {
                  "w": "corrupt"
                },
                {
                  "w": "putrid"
                }
              ]
            },
            {
              "pos": "n",
              "tran": "腐烂物",
              "hwds": [
                {
                  "w": "ulcer"
                }
              ]
            }
          ],
          "desc": "同近"
        },
        "ukphone": "'septɪk",
        "ukspeech": "septic&type=1",
        "star": 0,
        "phrase": {
          "phrases": [
            {
              "pContent": "septic shock",
              "pCn": "感染性休克；败血性休克；脓毒性休克"
            },
            {
              "pContent": "septic tank",
              "pCn": "化粪池"
            }
          ],
          "desc": "短语"
        },
        "phone": "'septik",
        "speech": "septic",
        "relWord": {
          "rels": [
            {
              "pos": "adj",
              "words": [
                {
                  "hwd": "septicemic",
                  "tran": " 败血病的"
                }
              ]
            },
            {
              "pos": "n",
              "words": [
                {
                  "hwd": "sepsis",
                  "tran": " 败血症，[医] 脓毒病；腐败作用"
                },
                {
                  "hwd": "septicemia",
                  "tran": " 败血症；败血病"
                },
                {
                  "hwd": "septicaemia",
                  "tran": " 败血症；败血病"
                }
              ]
            }
          ],
          "desc": "同根"
        },
        "usspeech": "septic&type=2",
        "trans": [
          {
            "tranCn": "使腐败的",
            "descCn": "中释",
            "pos": "adj"
          }
        ]
      }
    }
  },
  "bookId": "IELTSluan_2"
}