{
  "wordRank": 1079,
  "headWord": "pave",
  "content": {
    "word": {
      "wordHead": "pave",
      "wordId": "IELTSluan_2_1079",
      "content": {
        "sentence": {
          "sentences": [
            {
              "sContent": "a paved courtyard",
              "sCn": "地面铺砌过的院子"
            }
          ],
          "desc": "例句"
        },
        "usphone": "pev",
        "syno": {
          "synos": [
            {
              "pos": "vt",
              "tran": "铺设；安排；作铺设之用",
              "hwds": [
                {
                  "w": "schedule"
                },
                {
                  "w": "budget"
                },
                {
                  "w": "settle"
                },
                {
                  "w": "place in"
                }
              ]
            }
          ],
          "desc": "同近"
        },
        "ukphone": "peɪv",
        "ukspeech": "pave&type=1",
        "star": 0,
        "phrase": {
          "phrases": [
            {
              "pContent": "pave the way for",
              "pCn": "为…做好准备；为…铺平道路"
            },
            {
              "pContent": "pave the way",
              "pCn": "为...作准备；为...铺平道路"
            },
            {
              "pContent": "paved with good intentions",
              "pCn": "充满着善意的"
            }
          ],
          "desc": "短语"
        },
        "phone": "peiv",
        "speech": "pave",
        "relWord": {
          "rels": [
            {
              "pos": "n",
              "words": [
                {
                  "hwd": "paving",
                  "tran": " [建] 铺砌；铺路材料；块石面路"
                },
                {
                  "hwd": "pavage",
                  "tran": " 铺路；铺设；铺路税"
                }
              ]
            },
            {
              "pos": "v",
              "words": [
                {
                  "hwd": "paving",
                  "tran": " 铺设；为…做准备（pave的ing形式）"
                }
              ]
            }
          ],
          "desc": "同根"
        },
        "usspeech": "pave&type=2",
        "trans": [
          {
            "tranCn": "铺(路等)",
            "descOther": "英释",
            "descCn": "中释",
            "pos": "v",
            "tranOther": "to cover a path, road, area etc with a hard level surface such as blocks of stone or  concrete "
          }
        ]
      }
    }
  },
  "bookId": "IELTSluan_2"
}