{
  "wordRank": 108,
  "headWord": "decorate",
  "content": {
    "word": {
      "wordHead": "decorate",
      "wordId": "IELTSluan_2_108",
      "content": {
        "sentence": {
          "sentences": [
            {
              "sContent": "Children’s pictures decorated the walls of the classroom.",
              "sCn": "教室的墙上装点着儿童画。"
            }
          ],
          "desc": "例句"
        },
        "usphone": "'dɛkəret",
        "ukspeech": "decorate&type=1",
        "star": 0,
        "usspeech": "decorate&type=2",
        "syno": {
          "synos": [
            {
              "pos": "vt",
              "tran": "装饰；布置；授勋给",
              "hwds": [
                {
                  "w": "paint"
                },
                {
                  "w": "hang"
                },
                {
                  "w": "make"
                },
                {
                  "w": "post"
                }
              ]
            },
            {
              "pos": "vi",
              "tran": "装饰；布置",
              "hwds": [
                {
                  "w": "set sth out"
                },
                {
                  "w": "trick out"
                }
              ]
            }
          ],
          "desc": "同近"
        },
        "ukphone": "'dekəreɪt",
        "phrase": {
          "phrases": [
            {
              "pContent": "decorate with",
              "pCn": "以…来装饰"
            },
            {
              "pContent": "decorate the house",
              "pCn": "装饰房间"
            }
          ],
          "desc": "短语"
        },
        "phone": "'dekəreit",
        "speech": "decorate",
        "remMethod": {
          "val": " decor(装饰) + ate(动词后缀) → 装饰， 装潢",
          "desc": "记忆"
        },
        "relWord": {
          "rels": [
            {
              "pos": "adj",
              "words": [
                {
                  "hwd": "decorative",
                  "tran": " 装饰性的；装潢用的"
                },
                {
                  "hwd": "decorated",
                  "tran": " 装饰的，修饰的"
                }
              ]
            },
            {
              "pos": "adv",
              "words": [
                {
                  "hwd": "decoratively",
                  "tran": " 装饰地"
                }
              ]
            },
            {
              "pos": "n",
              "words": [
                {
                  "hwd": "decoration",
                  "tran": " 装饰，装潢；装饰品；奖章"
                },
                {
                  "hwd": "decor",
                  "tran": " 装饰，布置"
                },
                {
                  "hwd": "decorator",
                  "tran": " 装饰者；室内装潢师"
                }
              ]
            },
            {
              "pos": "v",
              "words": [
                {
                  "hwd": "decorated",
                  "tran": " 装饰，修饰（decorate的过去式和过去分词形式）"
                }
              ]
            }
          ],
          "desc": "同根"
        },
        "trans": [
          {
            "tranCn": "装饰；油漆；授勋",
            "descOther": "英释",
            "descCn": "中释",
            "pos": "v",
            "tranOther": "to make something look more attractive by putting something pretty on it"
          }
        ]
      }
    }
  },
  "bookId": "IELTSluan_2"
}