{
  "wordRank": 1080,
  "headWord": "roar",
  "content": {
    "word": {
      "wordHead": "roar",
      "wordId": "IELTSluan_2_1080",
      "content": {
        "sentence": {
          "sentences": [
            {
              "sContent": "We heard a lion roar.",
              "sCn": "我们听到狮子在吼叫。"
            },
            {
              "sContent": "The engines roared.",
              "sCn": "引擎轰鸣。"
            }
          ],
          "desc": "例句"
        },
        "usphone": "rɔr",
        "syno": {
          "synos": [
            {
              "pos": "n",
              "tran": "咆哮；吼；轰鸣",
              "hwds": [
                {
                  "w": "snarl"
                },
                {
                  "w": "rave"
                }
              ]
            },
            {
              "pos": "vi",
              "tran": "咆哮；吼叫；喧闹",
              "hwds": [
                {
                  "w": "gnar"
                },
                {
                  "w": "huff and puff"
                }
              ]
            },
            {
              "pos": "vt",
              "tran": "咆哮；呼喊；使……轰鸣",
              "hwds": [
                {
                  "w": "yell out"
                },
                {
                  "w": "huff and puff"
                }
              ]
            }
          ],
          "desc": "同近"
        },
        "ukphone": "rɔː",
        "ukspeech": "roar&type=1",
        "star": 0,
        "phone": "rɔ:",
        "speech": "roar",
        "relWord": {
          "rels": [
            {
              "pos": "adj",
              "words": [
                {
                  "hwd": "roaring",
                  "tran": " 喧闹的；兴胜的；狂风暴雨的"
                }
              ]
            },
            {
              "pos": "n",
              "words": [
                {
                  "hwd": "roaring",
                  "tran": " 咆哮；怒吼；吼声"
                },
                {
                  "hwd": "roarer",
                  "tran": " 咆哮者；患喘鸣症的马；备受称赞的人或物"
                }
              ]
            },
            {
              "pos": "v",
              "words": [
                {
                  "hwd": "roaring",
                  "tran": " 怒吼（uproar的现在分词）"
                }
              ]
            }
          ],
          "desc": "同根"
        },
        "usspeech": "roar&type=2",
        "trans": [
          {
            "tranCn": "吼叫；轰鸣，怒吼",
            "descOther": "英释",
            "descCn": "中释",
            "pos": "n&v",
            "tranOther": "to make a deep, very loud noise"
          }
        ]
      }
    }
  },
  "bookId": "IELTSluan_2"
}