{
  "wordRank": 1081,
  "headWord": "literature",
  "content": {
    "word": {
      "wordHead": "literature",
      "wordId": "IELTSluan_2_1081",
      "content": {
        "sentence": {
          "sentences": [
            {
              "sContent": "He has read many of the major works of literature.",
              "sCn": "他读过许多重要的文学作品。"
            },
            {
              "sContent": "Italian literature",
              "sCn": "意大利文学"
            }
          ],
          "desc": "例句"
        },
        "usphone": "lɪtərəˌtʃʊr",
        "ukspeech": "literature&type=1",
        "star": 0,
        "usspeech": "literature&type=2",
        "syno": {
          "synos": [
            {
              "pos": "n",
              "tran": "[语]文学；[图情]文献；文艺；著作",
              "hwds": [
                {
                  "w": "writing"
                },
                {
                  "w": "letter"
                }
              ]
            }
          ],
          "desc": "同近"
        },
        "ukphone": "'lɪt(ə)rətʃə",
        "phrase": {
          "phrases": [
            {
              "pContent": "literature review",
              "pCn": "文献回顾；文献综述；文献评论"
            },
            {
              "pContent": "literature and art",
              "pCn": "文艺；文学与艺术"
            },
            {
              "pContent": "english literature",
              "pCn": "英国文学；英语文化"
            },
            {
              "pContent": "contemporary literature",
              "pCn": "n. 现代文学"
            },
            {
              "pContent": "comparative literature",
              "pCn": "比较文学"
            },
            {
              "pContent": "classical literature",
              "pCn": "古典文学"
            },
            {
              "pContent": "ancient literature",
              "pCn": "古代文学"
            },
            {
              "pContent": "medical literature",
              "pCn": "医学文献"
            },
            {
              "pContent": "foreign literature",
              "pCn": "外国文学；国外文献"
            },
            {
              "pContent": "world literature",
              "pCn": "世界文学"
            },
            {
              "pContent": "literature search",
              "pCn": "文献检索；文献研究"
            },
            {
              "pContent": "children's literature",
              "pCn": "儿童文学"
            },
            {
              "pContent": "history of chinese literature",
              "pCn": "中国文学史"
            },
            {
              "pContent": "popular literature",
              "pCn": "n. 大众文学，通俗文学"
            },
            {
              "pContent": "ancient chinese literature",
              "pCn": "中国古代文学"
            },
            {
              "pContent": "scientific literature",
              "pCn": "科学文献"
            },
            {
              "pContent": "literature survey",
              "pCn": "文献调查；文学调研"
            },
            {
              "pContent": "classical chinese literature",
              "pCn": "中国古典文学"
            },
            {
              "pContent": "technical literature",
              "pCn": "技术文献"
            },
            {
              "pContent": "promotional literature",
              "pCn": "宣传刊物"
            }
          ],
          "desc": "短语"
        },
        "phone": "'litərətʃə",
        "speech": "literature",
        "remMethod": {
          "val": " liter(文字) + ature → 文学(作品)； 文献",
          "desc": "记忆"
        },
        "relWord": {
          "rels": [
            {
              "pos": "adj",
              "words": [
                {
                  "hwd": "literary",
                  "tran": " 文学的；书面的；精通文学的"
                },
                {
                  "hwd": "literate",
                  "tran": " 受过教育的；精通文学的"
                }
              ]
            },
            {
              "pos": "n",
              "words": [
                {
                  "hwd": "literacy",
                  "tran": " 读写能力；精通文学"
                },
                {
                  "hwd": "literate",
                  "tran": " 学者"
                }
              ]
            }
          ],
          "desc": "同根"
        },
        "trans": [
          {
            "tranCn": "文学，文学作品，文献，著作",
            "descOther": "英释",
            "descCn": "中释",
            "pos": "n",
            "tranOther": "books, plays, poems etc that people think are important and good"
          }
        ]
      }
    }
  },
  "bookId": "IELTSluan_2"
}