{
  "wordRank": 1082,
  "headWord": "historic",
  "content": {
    "word": {
      "wordHead": "historic",
      "wordId": "IELTSluan_2_1082",
      "content": {
        "sentence": {
          "sentences": [
            {
              "sContent": "a historic meeting of world leaders",
              "sCn": "具有历史意义的世界领导人会议"
            },
            {
              "sContent": "‘It is a historic moment ,’ he told journalists.",
              "sCn": "“那是历史性的一刻。”他告诉新闻记者。"
            }
          ],
          "desc": "例句"
        },
        "usphone": "hɪ'stɔrɪk",
        "ukphone": "hɪ'stɒrɪk",
        "ukspeech": "historic&type=1",
        "star": 0,
        "phrase": {
          "phrases": [
            {
              "pContent": "historic site",
              "pCn": "古迹；历史遗迹；历史地段"
            },
            {
              "pContent": "historic monument",
              "pCn": "历史碑石"
            }
          ],
          "desc": "短语"
        },
        "phone": "his'tɔrik",
        "speech": "historic",
        "relWord": {
          "rels": [
            {
              "pos": "adj",
              "words": [
                {
                  "hwd": "historical",
                  "tran": " 历史的；史学的；基于史实的"
                },
                {
                  "hwd": "historied",
                  "tran": " 有历史的；史上所载的"
                }
              ]
            },
            {
              "pos": "adv",
              "words": [
                {
                  "hwd": "historically",
                  "tran": " 历史上地；从历史观点上说"
                }
              ]
            },
            {
              "pos": "n",
              "words": [
                {
                  "hwd": "history",
                  "tran": " 历史，历史学；历史记录；来历"
                },
                {
                  "hwd": "historian",
                  "tran": " 历史学家"
                },
                {
                  "hwd": "historiography",
                  "tran": " 编史；历史编纂学"
                },
                {
                  "hwd": "historiographer",
                  "tran": " 历史学家；史料编纂者"
                }
              ]
            }
          ],
          "desc": "同根"
        },
        "usspeech": "historic&type=2",
        "trans": [
          {
            "tranCn": "有历史意义的",
            "descOther": "英释",
            "descCn": "中释",
            "pos": "adj",
            "tranOther": "a historic event or act is very important and will be recorded as part of history"
          }
        ]
      }
    }
  },
  "bookId": "IELTSluan_2"
}