{
  "wordRank": 1083,
  "headWord": "tune",
  "content": {
    "word": {
      "wordHead": "tune",
      "wordId": "IELTSluan_2_1083",
      "content": {
        "sentence": {
          "sentences": [
            {
              "sContent": "That’s a nice tune.",
              "sCn": "那曲调很美。"
            },
            {
              "sContent": "She sang some old classics and a few new tunes.",
              "sCn": "她唱了几首经典老歌和一些新曲。"
            }
          ],
          "desc": "例句"
        },
        "usphone": "tun",
        "ukspeech": "tune&type=1",
        "star": 0,
        "usspeech": "tune&type=2",
        "syno": {
          "synos": [
            {
              "pos": "n",
              "tran": "曲调；和谐；心情",
              "hwds": [
                {
                  "w": "accordance"
                },
                {
                  "w": "breast"
                },
                {
                  "w": "air"
                },
                {
                  "w": "concert"
                }
              ]
            },
            {
              "pos": "vt",
              "tran": "调整；使一致；为…调音",
              "hwds": [
                {
                  "w": "adjust"
                },
                {
                  "w": "coordinate"
                },
                {
                  "w": "accord"
                },
                {
                  "w": "restructure"
                }
              ]
            },
            {
              "pos": "vi",
              "tran": "[电子][通信]调谐；协调",
              "hwds": [
                {
                  "w": "sort"
                },
                {
                  "w": "concert"
                }
              ]
            }
          ],
          "desc": "同近"
        },
        "ukphone": "tjuːn",
        "phrase": {
          "phrases": [
            {
              "pContent": "out of tune",
              "pCn": "走调；不协调；（对某事）没有兴趣"
            },
            {
              "pContent": "in tune",
              "pCn": "一致；合调子"
            },
            {
              "pContent": "tune in",
              "pCn": "收听；调谐；使…协调"
            },
            {
              "pContent": "to the tune of",
              "pCn": "达到…数量；价格达…；共计"
            },
            {
              "pContent": "in tune with",
              "pCn": "（与...）一致；（与...）协调"
            },
            {
              "pContent": "fine tune",
              "pCn": "微调，调整"
            },
            {
              "pContent": "carry a tune",
              "pCn": "唱歌不走调，唱得准"
            },
            {
              "pContent": "tune up",
              "pCn": "v. 调整；调音；[口]开始演奏"
            },
            {
              "pContent": "put in tune",
              "pCn": "校准(小提琴等乐器的)音调"
            },
            {
              "pContent": "dance to another tune",
              "pCn": "vi. 改弦易辙，改变看法；改变论调"
            },
            {
              "pContent": "tune out",
              "pCn": "v. 关掉"
            },
            {
              "pContent": "signature tune",
              "pCn": "信号曲；音调"
            },
            {
              "pContent": "out of tune with",
              "pCn": "（与...）不一致；（与...）不协调"
            },
            {
              "pContent": "in good tune",
              "pCn": "◎合调，音调准确"
            }
          ],
          "desc": "短语"
        },
        "phone": "tju:n, tu:n",
        "speech": "tune",
        "remMethod": {
          "val": " 转动(turn)旋钮调音(tune)",
          "desc": "记忆"
        },
        "relWord": {
          "rels": [
            {
              "pos": "adj",
              "words": [
                {
                  "hwd": "tuned",
                  "tran": " 经调谐的；谱好曲的；调好台的"
                },
                {
                  "hwd": "tuneful",
                  "tran": " 和谐的；音调优美的；悦耳的"
                },
                {
                  "hwd": "tuneless",
                  "tran": " 不和谐的；不成调子的"
                }
              ]
            },
            {
              "pos": "adv",
              "words": [
                {
                  "hwd": "tunelessly",
                  "tran": " 不入调地；不悦耳地"
                }
              ]
            },
            {
              "pos": "n",
              "words": [
                {
                  "hwd": "tuning",
                  "tran": " [电子][通信] 调谐；调音，起弦；协调一致；起音，定音"
                },
                {
                  "hwd": "tuner",
                  "tran": " [电子] 调谐器；调音师"
                },
                {
                  "hwd": "tunefulness",
                  "tran": " 音调优美；声音悦耳"
                }
              ]
            },
            {
              "pos": "v",
              "words": [
                {
                  "hwd": "tuned",
                  "tran": " 调整；调音；发出乐音（tune的过去分词）"
                }
              ]
            }
          ],
          "desc": "同根"
        },
        "trans": [
          {
            "tranCn": "曲调，旋律；协调，调动",
            "descOther": "英释",
            "descCn": "中释",
            "pos": "n",
            "tranOther": "a series of musical notes that are played or sung and are nice to listen to"
          }
        ]
      }
    }
  },
  "bookId": "IELTSluan_2"
}