{
  "wordRank": 1084,
  "headWord": "aggressive",
  "content": {
    "word": {
      "wordHead": "aggressive",
      "wordId": "IELTSluan_2_1084",
      "content": {
        "sentence": {
          "sentences": [
            {
              "sContent": "A successful businessman has to be aggressive.",
              "sCn": "成功的实业家必须得有股冲劲。"
            },
            {
              "sContent": "an aggressive marketing campaign",
              "sCn": "志在必得的营销活动"
            }
          ],
          "desc": "例句"
        },
        "usphone": "ə'ɡrɛsɪv",
        "ukspeech": "aggressive&type=1",
        "star": 0,
        "usspeech": "aggressive&type=2",
        "syno": {
          "synos": [
            {
              "pos": "adj",
              "tran": "侵略性的；好斗的；有进取心的；有闯劲的",
              "hwds": [
                {
                  "w": "invasive"
                },
                {
                  "w": "enterprising"
                }
              ]
            }
          ],
          "desc": "同近"
        },
        "ukphone": "ə'gresɪv",
        "phrase": {
          "phrases": [
            {
              "pContent": "aggressive behavior",
              "pCn": "攻击行为；侵犯行为"
            },
            {
              "pContent": "aggressive action",
              "pCn": "侵蚀作用；腐蚀性"
            },
            {
              "pContent": "aggressive attitude",
              "pCn": "侵犯态度"
            },
            {
              "pContent": "aggressive growth",
              "pCn": "积极成长型；进取型的投资管理"
            }
          ],
          "desc": "短语"
        },
        "phone": "ə'ɡresiv",
        "speech": "aggressive",
        "remMethod": {
          "val": " ag + gress(行走) + ive(形容词后缀) → 不断行走， 四处闯荡 → 有进取心的",
          "desc": "记忆"
        },
        "relWord": {
          "rels": [
            {
              "pos": "adv",
              "words": [
                {
                  "hwd": "aggressively",
                  "tran": " 侵略地；攻击地；有闯劲地"
                }
              ]
            },
            {
              "pos": "n",
              "words": [
                {
                  "hwd": "aggression",
                  "tran": " 侵略；进攻；侵犯；侵害"
                },
                {
                  "hwd": "aggressiveness",
                  "tran": " 攻击性；侵犯；进取精神"
                },
                {
                  "hwd": "aggressor",
                  "tran": " 侵略者；侵略国；挑衅者"
                }
              ]
            },
            {
              "pos": "vi",
              "words": [
                {
                  "hwd": "aggress",
                  "tran": " 攻击；侵略"
                }
              ]
            },
            {
              "pos": "vt",
              "words": [
                {
                  "hwd": "aggress",
                  "tran": " 侵犯；挑畔"
                }
              ]
            }
          ],
          "desc": "同根"
        },
        "trans": [
          {
            "tranCn": "侵略的，有闯劲的",
            "descOther": "英释",
            "descCn": "中释",
            "pos": "adj",
            "tranOther": "very determined to succeed or get what you want"
          }
        ]
      }
    }
  },
  "bookId": "IELTSluan_2"
}