{
  "wordRank": 1085,
  "headWord": "identification",
  "content": {
    "word": {
      "wordHead": "identification",
      "wordId": "IELTSluan_2_1085",
      "content": {
        "sentence": {
          "sentences": [
            {
              "sContent": "Do you have any identification?",
              "sCn": "你有什么身份证明文件吗？"
            },
            {
              "sContent": "fingerprinting as a means of identification",
              "sCn": "作为一种身份证明方式的指纹提取"
            }
          ],
          "desc": "例句"
        },
        "usphone": "aɪˌdentɪfɪ'keʃn",
        "ukspeech": "identification&type=1",
        "star": 0,
        "usspeech": "identification&type=2",
        "syno": {
          "synos": [
            {
              "pos": "n",
              "tran": "鉴定，[计]识别；认同；身份证明",
              "hwds": [
                {
                  "w": "authentication"
                },
                {
                  "w": "recognition"
                }
              ]
            }
          ],
          "desc": "同近"
        },
        "ukphone": "aɪ,dentɪfɪ'keɪʃ(ə)n",
        "phrase": {
          "phrases": [
            {
              "pContent": "system identification",
              "pCn": "系统辨识；系统识别"
            },
            {
              "pContent": "fingerprint identification",
              "pCn": "指纹鉴定"
            },
            {
              "pContent": "identification card",
              "pCn": "身份证；[计]标识卡"
            },
            {
              "pContent": "identification number",
              "pCn": "标识号；身份证号码；成套设备编号"
            },
            {
              "pContent": "hazard identification",
              "pCn": "危险标志；危害鉴定；灾难识别"
            },
            {
              "pContent": "identification code",
              "pCn": "标识码"
            },
            {
              "pContent": "method of identification",
              "pCn": "识别法"
            },
            {
              "pContent": "product identification",
              "pCn": "产品鉴定；产品识别"
            },
            {
              "pContent": "personal identification number",
              "pCn": "[计]个人标识号；个人识别号码"
            },
            {
              "pContent": "object identification",
              "pCn": "目标识别；对象的确认，对象标识；物体识别"
            },
            {
              "pContent": "user identification",
              "pCn": "使用者库名；用户标识"
            },
            {
              "pContent": "hazards identification",
              "pCn": "危害确认；危害识别"
            },
            {
              "pContent": "group identification",
              "pCn": "团体认同；团体意识"
            },
            {
              "pContent": "identification test",
              "pCn": "鉴别测验；药物的鉴别试验"
            },
            {
              "pContent": "identification marking",
              "pCn": "打印标号；识别标志"
            },
            {
              "pContent": "identification tag",
              "pCn": "美军官兵套在颈上的军籍号码牌"
            },
            {
              "pContent": "component identification",
              "pCn": "元件识别名"
            },
            {
              "pContent": "opportunity identification",
              "pCn": "机会识别"
            },
            {
              "pContent": "identification mark",
              "pCn": "识别标记；商标"
            }
          ],
          "desc": "短语"
        },
        "phone": "ai,dentifi'keiʃən",
        "speech": "identification",
        "remMethod": {
          "val": " ident(一样的， 相同的) + ific(使…) + tion(名词后缀) → 查看是否相同 → 鉴定； 证明",
          "desc": "记忆"
        },
        "relWord": {
          "rels": [
            {
              "pos": "adj",
              "words": [
                {
                  "hwd": "identified",
                  "tran": " 被识别的；经鉴定的；被认同者"
                },
                {
                  "hwd": "identifiable",
                  "tran": " 可辨认的；可认明的；可证明是同一的"
                }
              ]
            },
            {
              "pos": "n",
              "words": [
                {
                  "hwd": "identity",
                  "tran": " 身份；同一性，一致；特性；恒等式"
                },
                {
                  "hwd": "identifier",
                  "tran": " 标识符，认同者；检验人，鉴定人"
                },
                {
                  "hwd": "identifying",
                  "tran": " 识别，标识；标识关系"
                }
              ]
            },
            {
              "pos": "v",
              "words": [
                {
                  "hwd": "identified",
                  "tran": " 鉴定（identify的过去分词）；辨认"
                },
                {
                  "hwd": "identifying",
                  "tran": " 识别（identify的现在分词）"
                }
              ]
            },
            {
              "pos": "vi",
              "words": [
                {
                  "hwd": "identify",
                  "tran": " 确定；认同；一致"
                }
              ]
            },
            {
              "pos": "vt",
              "words": [
                {
                  "hwd": "identify",
                  "tran": " 确定；识别；使参与；把…看成一样"
                }
              ]
            }
          ],
          "desc": "同根"
        },
        "trans": [
          {
            "tranCn": "认出，识别；身分证明",
            "descOther": "英释",
            "descCn": "中释",
            "pos": "n",
            "tranOther": "official papers or cards, such as your passport, that prove who you are"
          }
        ]
      }
    }
  },
  "bookId": "IELTSluan_2"
}