{
  "wordRank": 1086,
  "headWord": "fuss",
  "content": {
    "word": {
      "wordHead": "fuss",
      "wordId": "IELTSluan_2_1086",
      "content": {
        "sentence": {
          "sentences": [
            {
              "sContent": "James said he’d better be getting back or there’d be a fuss .",
              "sCn": "詹姆斯说他最好回来，否则就会有人小题大做了。"
            },
            {
              "sContent": "The Steamatic enables you to clean any carpet with the minimum of fuss .",
              "sCn": "蒸汽清洁器可以让你轻轻松松地清洁地毯。"
            }
          ],
          "desc": "例句"
        },
        "usphone": "fʌs",
        "syno": {
          "synos": [
            {
              "pos": "vi",
              "tran": "小题大作；忙乱；焦燥；焦急；无事自扰",
              "hwds": [
                {
                  "w": "make a big deal out of"
                },
                {
                  "w": "break a butterfly on the wheel"
                }
              ]
            },
            {
              "pos": "n",
              "tran": "大惊小怪，大惊小怪的人；小题大作；忙乱",
              "hwds": [
                {
                  "w": "alarmism"
                },
                {
                  "w": "hoo-ha"
                }
              ]
            },
            {
              "pos": "vt",
              "tran": "使烦恼，使烦忧",
              "hwds": [
                {
                  "w": "trouble"
                },
                {
                  "w": "irk"
                }
              ]
            }
          ],
          "desc": "同近"
        },
        "ukphone": "fʌs",
        "ukspeech": "fuss&type=1",
        "star": 0,
        "phrase": {
          "phrases": [
            {
              "pContent": "fuss about",
              "pCn": "大惊小怪；忙乱"
            },
            {
              "pContent": "make a fuss",
              "pCn": "大惊小怪，小题大做；吵吵闹闹"
            },
            {
              "pContent": "fuss over",
              "pCn": "焦虑；过分关心，过分体贴"
            },
            {
              "pContent": "make a fuss about",
              "pCn": "小题大作"
            },
            {
              "pContent": "kick up a fuss",
              "pCn": "大吵大闹；起哄，滋事"
            },
            {
              "pContent": "make a fuss over",
              "pCn": "对…大惊小怪"
            }
          ],
          "desc": "短语"
        },
        "phone": "fʌs",
        "speech": "fuss",
        "relWord": {
          "rels": [
            {
              "pos": "adj",
              "words": [
                {
                  "hwd": "fussy",
                  "tran": " 爱挑剔的，难取悦的；易烦恼的"
                }
              ]
            },
            {
              "pos": "adv",
              "words": [
                {
                  "hwd": "fussily",
                  "tran": " 大惊小怪地；无事空扰地；小题大做地"
                }
              ]
            }
          ],
          "desc": "同根"
        },
        "usspeech": "fuss&type=2",
        "trans": [
          {
            "tranCn": "大惊，小怪",
            "descOther": "英释",
            "descCn": "中释",
            "pos": "n",
            "tranOther": "anxious behaviour or activity that is usually about unimportant things"
          },
          {
            "tranCn": "忙乱，使烦躁",
            "descOther": "英释",
            "descCn": "中释",
            "pos": "v",
            "tranOther": "to worry a lot about things that may not be very important"
          }
        ]
      }
    }
  },
  "bookId": "IELTSluan_2"
}