{
  "wordRank": 1087,
  "headWord": "geometry",
  "content": {
    "word": {
      "wordHead": "geometry",
      "wordId": "IELTSluan_2_1087",
      "content": {
        "sentence": {
          "sentences": [
            {
              "sContent": "...the very ordered way in which mathematics and geometry describe nature.",
              "sCn": "…数学和几何学描述自然的条理性。"
            }
          ],
          "desc": "例句"
        },
        "usphone": "dʒɪ'ɑmətri",
        "ukphone": "dʒɪ'ɒmɪtrɪ",
        "ukspeech": "geometry&type=1",
        "star": 0,
        "phrase": {
          "phrases": [
            {
              "pContent": "fractal geometry",
              "pCn": "[数]分形几何；碎形几何；不规则碎片几何体"
            },
            {
              "pContent": "differential geometry",
              "pCn": "微分几何"
            },
            {
              "pContent": "analytic geometry",
              "pCn": "解析几何；分析几何学"
            },
            {
              "pContent": "computational geometry",
              "pCn": "计算几何学"
            },
            {
              "pContent": "projective geometry",
              "pCn": "n. 射影几何；投影几何学"
            },
            {
              "pContent": "plane geometry",
              "pCn": "平面几何"
            },
            {
              "pContent": "variable geometry",
              "pCn": "可变机翼，可变几何尺寸"
            },
            {
              "pContent": "solid geometry",
              "pCn": "[数]立体几何"
            },
            {
              "pContent": "descriptive geometry",
              "pCn": "n. 画法几何学"
            },
            {
              "pContent": "euclidean geometry",
              "pCn": "欧几里德几何"
            },
            {
              "pContent": "space analytic geometry",
              "pCn": "空间解析几何"
            },
            {
              "pContent": "algebraic geometry",
              "pCn": "[数]代数几何"
            },
            {
              "pContent": "epipolar geometry",
              "pCn": "核面几何学；对极几何"
            },
            {
              "pContent": "riemannian geometry",
              "pCn": "黎曼几何；椭圆几何"
            },
            {
              "pContent": "elementary geometry",
              "pCn": "初等几何"
            },
            {
              "pContent": "spherical geometry",
              "pCn": "球面几何学"
            },
            {
              "pContent": "coordinate geometry",
              "pCn": "坐标几何"
            },
            {
              "pContent": "steering geometry",
              "pCn": "转向轮偏转角关系；转向几何图形"
            }
          ],
          "desc": "短语"
        },
        "phone": "dʒi'ɔmitri",
        "speech": "geometry",
        "relWord": {
          "rels": [
            {
              "pos": "adj",
              "words": [
                {
                  "hwd": "geometric",
                  "tran": " 几何学的；[数] 几何学图形的"
                }
              ]
            },
            {
              "pos": "adv",
              "words": [
                {
                  "hwd": "geometrically",
                  "tran": " 用几何学；几何学上地；按几何级数地"
                }
              ]
            },
            {
              "pos": "n",
              "words": [
                {
                  "hwd": "geometer",
                  "tran": " [植保] 尺蠖（一种虫子，行动时身体弯成弧状）；几何学者"
                },
                {
                  "hwd": "geometrician",
                  "tran": " 几何学者"
                }
              ]
            }
          ],
          "desc": "同根"
        },
        "usspeech": "geometry&type=2",
        "trans": [
          {
            "tranCn": "几何学",
            "descOther": "英释",
            "descCn": "中释",
            "pos": "n",
            "tranOther": "the study in  mathematics  of the angles and shapes formed by the relationships of lines, surfaces, and solid objects in space"
          }
        ]
      }
    }
  },
  "bookId": "IELTSluan_2"
}