{
  "wordRank": 1088,
  "headWord": "transit",
  "content": {
    "word": {
      "wordHead": "transit",
      "wordId": "IELTSluan_2_1088",
      "content": {
        "sentence": {
          "sentences": [
            {
              "sContent": "baggage that is lost or damaged in transit",
              "sCn": "在运输过程中丢失或损坏的行李"
            },
            {
              "sContent": "transit by air or sea",
              "sCn": "空运或海运"
            }
          ],
          "desc": "例句"
        },
        "usphone": "'træzɪt",
        "ukspeech": "transit&type=1",
        "star": 0,
        "usspeech": "transit&type=2",
        "syno": {
          "synos": [
            {
              "pos": "n",
              "tran": "运输；经过",
              "hwds": [
                {
                  "w": "carriage"
                },
                {
                  "w": "traffic"
                },
                {
                  "w": "pass"
                },
                {
                  "w": "conveyance"
                }
              ]
            },
            {
              "pos": "vt",
              "tran": "运送",
              "hwds": [
                {
                  "w": "freight"
                },
                {
                  "w": "ship"
                },
                {
                  "w": "forward"
                },
                {
                  "w": "to transport"
                }
              ]
            },
            {
              "pos": "vi",
              "tran": "经过",
              "hwds": [
                {
                  "w": "travel through"
                },
                {
                  "w": "go by"
                }
              ]
            }
          ],
          "desc": "同近"
        },
        "ukphone": "'trænsɪt; 'trɑːns-; -nz-",
        "phrase": {
          "phrases": [
            {
              "pContent": "in transit",
              "pCn": "在运输中；在途中"
            },
            {
              "pContent": "rail transit",
              "pCn": "城市轨道交通；铁路直达运输"
            },
            {
              "pContent": "mass transit",
              "pCn": "公共交通；集体运输，大众运输"
            },
            {
              "pContent": "public transit",
              "pCn": "公共交通系统；大众运输"
            },
            {
              "pContent": "rapid transit",
              "pCn": "高速交通；高速铁路交通；快速运输"
            },
            {
              "pContent": "transit time",
              "pCn": "通过时间；转接时间"
            },
            {
              "pContent": "transit line",
              "pCn": "运输路线"
            },
            {
              "pContent": "bus rapid transit",
              "pCn": "快速公交系统；高速汽车运行系统；公车捷运"
            },
            {
              "pContent": "transit station",
              "pCn": "经纬仪测站；中转站"
            },
            {
              "pContent": "road transit",
              "pCn": "公路运输"
            },
            {
              "pContent": "transit trade",
              "pCn": "转口贸易；过境贸易"
            },
            {
              "pContent": "goods in transit",
              "pCn": "运送中的商品"
            },
            {
              "pContent": "transit route",
              "pCn": "[电]转接路径；中继路线"
            },
            {
              "pContent": "transit passenger",
              "pCn": "n. 过境旅客"
            },
            {
              "pContent": "transit visa",
              "pCn": "过境签证"
            }
          ],
          "desc": "短语"
        },
        "phone": "'trænsit, -zit, 'trɑ:n-",
        "speech": "transit",
        "remMethod": {
          "val": " trans(越过， 穿过) + it(走) → 从一地走到另一地 → 运输， 运载； 通过， 经过",
          "desc": "记忆"
        },
        "relWord": {
          "rels": [
            {
              "pos": "adj",
              "words": [
                {
                  "hwd": "transitional",
                  "tran": " 变迁的；过渡期的"
                },
                {
                  "hwd": "transitive",
                  "tran": " 及物的；过渡的；可迁的"
                }
              ]
            },
            {
              "pos": "n",
              "words": [
                {
                  "hwd": "transition",
                  "tran": " 过渡；转变；[分子生物] 转换；变调"
                },
                {
                  "hwd": "transitive",
                  "tran": " 传递；及物动词"
                }
              ]
            }
          ],
          "desc": "同根"
        },
        "trans": [
          {
            "tranCn": "运输，搬运",
            "descOther": "英释",
            "descCn": "中释",
            "pos": "n",
            "tranOther": "the process of moving goods or people from one place to another"
          }
        ]
      }
    }
  },
  "bookId": "IELTSluan_2"
}