{
  "wordRank": 1089,
  "headWord": "potent",
  "content": {
    "word": {
      "wordHead": "potent",
      "wordId": "IELTSluan_2_1089",
      "content": {
        "sentence": {
          "sentences": [
            {
              "sContent": "potent drugs",
              "sCn": "强效药物"
            },
            {
              "sContent": "a potent symbol of oppression",
              "sCn": "压迫的有力象征"
            },
            {
              "sContent": "Advertising is a potent force in showing smoking as a socially acceptable habit.",
              "sCn": "广告的力量很大，把吸烟说成为社会所接受的习惯。"
            },
            {
              "sContent": "A good company pension scheme remains a potent weapon for attracting staff.",
              "sCn": "良好的公司养老金计划依然是吸引员工的有效武器。"
            }
          ],
          "desc": "例句"
        },
        "usphone": "'potnt",
        "syno": {
          "synos": [
            {
              "pos": "adj",
              "tran": "有效的；强有力的，有权势的；有说服力的",
              "hwds": [
                {
                  "w": "valid"
                },
                {
                  "w": "available"
                },
                {
                  "w": "effective"
                },
                {
                  "w": "virtual"
                },
                {
                  "w": "telling"
                }
              ]
            }
          ],
          "desc": "同近"
        },
        "ukphone": "'pəʊt(ə)nt",
        "ukspeech": "potent&type=1",
        "star": 0,
        "phone": "'pəutənt",
        "speech": "potent",
        "relWord": {
          "rels": [
            {
              "pos": "adv",
              "words": [
                {
                  "hwd": "potently",
                  "tran": " 有说服力地；强有力地；有效力地"
                }
              ]
            },
            {
              "pos": "n",
              "words": [
                {
                  "hwd": "potency",
                  "tran": " 效能；力量；潜力；权势"
                },
                {
                  "hwd": "potentate",
                  "tran": " 统治者，君主；有权势的人"
                }
              ]
            }
          ],
          "desc": "同根"
        },
        "usspeech": "potent&type=2",
        "trans": [
          {
            "tranCn": "有力的，有效的",
            "descOther": "英释",
            "descCn": "中释",
            "pos": "adj",
            "tranOther": "having a very powerful effect or influence on your body or mind"
          }
        ]
      }
    }
  },
  "bookId": "IELTSluan_2"
}