{
  "wordRank": 109,
  "headWord": "infinite",
  "content": {
    "word": {
      "wordHead": "infinite",
      "wordId": "IELTSluan_2_109",
      "content": {
        "sentence": {
          "sentences": [
            {
              "sContent": "The universe is infinite.",
              "sCn": "宇宙是无限的。"
            }
          ],
          "desc": "例句"
        },
        "usphone": "'ɪnfɪnət",
        "syno": {
          "synos": [
            {
              "pos": "adj",
              "tran": "无限的，[数]无穷的；无数的；极大的",
              "hwds": [
                {
                  "w": "huge"
                },
                {
                  "w": "tremendous"
                },
                {
                  "w": "thousand"
                },
                {
                  "w": "million"
                },
                {
                  "w": "boundless"
                }
              ]
            },
            {
              "pos": "n",
              "tran": "无限；[数]无穷大；无限的东西（如空间，时间）",
              "hwds": [
                {
                  "w": "Mugen"
                },
                {
                  "w": "immenseness"
                }
              ]
            }
          ],
          "desc": "同近"
        },
        "ukphone": "'ɪnfɪnət",
        "ukspeech": "infinite&type=1",
        "star": 0,
        "phrase": {
          "phrases": [
            {
              "pContent": "infinite loop",
              "pCn": "无限循环"
            },
            {
              "pContent": "infinite space",
              "pCn": "无限空间"
            },
            {
              "pContent": "infinite variety",
              "pCn": "多种多样"
            },
            {
              "pContent": "infinite bus",
              "pCn": "无限大容量母线；无限汇流排"
            },
            {
              "pContent": "infinite dimensional",
              "pCn": "无限维的"
            },
            {
              "pContent": "infinite medium",
              "pCn": "无限介质，无限媒质"
            },
            {
              "pContent": "infinite distance",
              "pCn": "无限远距离，无穷远"
            }
          ],
          "desc": "短语"
        },
        "phone": "'infinət",
        "speech": "infinite",
        "relWord": {
          "rels": [
            {
              "pos": "adj",
              "words": [
                {
                  "hwd": "infinitive",
                  "tran": " 不定式的"
                },
                {
                  "hwd": "infinitesimal",
                  "tran": " 无穷小的；无限小的；极小的"
                }
              ]
            },
            {
              "pos": "adv",
              "words": [
                {
                  "hwd": "infinitely",
                  "tran": " 无限地；极其"
                }
              ]
            },
            {
              "pos": "n",
              "words": [
                {
                  "hwd": "infinity",
                  "tran": " 无穷；无限大；无限距"
                },
                {
                  "hwd": "infinitive",
                  "tran": " 不定式"
                },
                {
                  "hwd": "infinitesimal",
                  "tran": " 无限小；极微量；极小量"
                },
                {
                  "hwd": "infinitude",
                  "tran": " 无限；无穷"
                },
                {
                  "hwd": "infiniteness",
                  "tran": " 无限；无限性"
                }
              ]
            }
          ],
          "desc": "同根"
        },
        "usspeech": "infinite&type=2",
        "trans": [
          {
            "tranCn": "无限的，无穷的",
            "descOther": "英释",
            "descCn": "中释",
            "pos": "adj",
            "tranOther": "without limits in space or time"
          }
        ]
      }
    }
  },
  "bookId": "IELTSluan_2"
}