{
  "wordRank": 1090,
  "headWord": "transition",
  "content": {
    "word": {
      "wordHead": "transition",
      "wordId": "IELTSluan_2_1090",
      "content": {
        "sentence": {
          "sentences": [
            {
              "sContent": "Making the transition from youth to adulthood can be very painful.",
              "sCn": "从青少年过渡到成年有时是一个非常痛苦的过程。"
            },
            {
              "sContent": "a society that is in transition",
              "sCn": "一个正在转型的社会"
            },
            {
              "sContent": "the period of transition to full democracy",
              "sCn": "向全面民主的过渡时期"
            }
          ],
          "desc": "例句"
        },
        "usphone": "træn'zɪʃən",
        "ukspeech": "transition&type=1",
        "star": 0,
        "usspeech": "transition&type=2",
        "syno": {
          "synos": [
            {
              "pos": "n",
              "tran": "过渡；转变；[分子生物]转换；变调",
              "hwds": [
                {
                  "w": "conversion"
                },
                {
                  "w": "switching"
                },
                {
                  "w": "changing"
                }
              ]
            }
          ],
          "desc": "同近"
        },
        "ukphone": "træn'zɪʃ(ə)n; trɑːn-; -'sɪʃ-",
        "phrase": {
          "phrases": [
            {
              "pContent": "transition period",
              "pCn": "过渡时期"
            },
            {
              "pContent": "phase transition",
              "pCn": "相变"
            },
            {
              "pContent": "transition temperature",
              "pCn": "[电]转移温度"
            },
            {
              "pContent": "transition metal",
              "pCn": "过渡金属"
            },
            {
              "pContent": "glass transition",
              "pCn": "[物]玻璃转化"
            },
            {
              "pContent": "glass transition temperature",
              "pCn": "玻璃化温度；玻璃转换温度"
            },
            {
              "pContent": "transition zone",
              "pCn": "过渡区；转变区；移行区"
            },
            {
              "pContent": "smooth transition",
              "pCn": "顺利过渡，平稳过渡"
            },
            {
              "pContent": "state transition",
              "pCn": "状态转换"
            },
            {
              "pContent": "transition state",
              "pCn": "过渡状态，转变状态"
            },
            {
              "pContent": "transition probability",
              "pCn": "转移概率；跃迁概率"
            },
            {
              "pContent": "transition layer",
              "pCn": "过渡层；转变层"
            },
            {
              "pContent": "transition region",
              "pCn": "[植]过渡区；[物]渡越区"
            },
            {
              "pContent": "transition curve",
              "pCn": "过渡曲线，介曲线；缓和曲线；转变曲线"
            },
            {
              "pContent": "transition economy",
              "pCn": "转轨经济"
            },
            {
              "pContent": "transition matrix",
              "pCn": "跃迁矩阵"
            },
            {
              "pContent": "transition point",
              "pCn": "[电]转移点"
            },
            {
              "pContent": "transition time",
              "pCn": "瞬变时间，渡越时间；迁移时间"
            },
            {
              "pContent": "gradual transition",
              "pCn": "渐变；逐次跃迁；缓变结"
            },
            {
              "pContent": "phase transition temperature",
              "pCn": "相变温度；相转变湿度"
            }
          ],
          "desc": "短语"
        },
        "phone": "træn'siʒən, -'ziʃən, trɑ:n-",
        "speech": "transition",
        "remMethod": {
          "val": " trans(穿过) + it(走) + ion → 穿过一地走到另一地 → 转变",
          "desc": "记忆"
        },
        "relWord": {
          "rels": [
            {
              "pos": "adj",
              "words": [
                {
                  "hwd": "transitional",
                  "tran": " 变迁的；过渡期的"
                },
                {
                  "hwd": "transitive",
                  "tran": " 及物的；过渡的；可迁的"
                }
              ]
            },
            {
              "pos": "n",
              "words": [
                {
                  "hwd": "transit",
                  "tran": " 运输；经过"
                },
                {
                  "hwd": "transitive",
                  "tran": " 传递；及物动词"
                },
                {
                  "hwd": "transitivity",
                  "tran": " 传递性；动词的及物性；转移性"
                }
              ]
            },
            {
              "pos": "vi",
              "words": [
                {
                  "hwd": "transit",
                  "tran": " 经过"
                }
              ]
            },
            {
              "pos": "vt",
              "words": [
                {
                  "hwd": "transit",
                  "tran": " 运送"
                }
              ]
            }
          ],
          "desc": "同根"
        },
        "trans": [
          {
            "tranCn": "转变，过渡",
            "descOther": "英释",
            "descCn": "中释",
            "pos": "n",
            "tranOther": "when something changes from one form or state to another"
          }
        ]
      }
    }
  },
  "bookId": "IELTSluan_2"
}