{
  "wordRank": 1091,
  "headWord": "commotion",
  "content": {
    "word": {
      "wordHead": "commotion",
      "wordId": "IELTSluan_2_1091",
      "content": {
        "sentence": {
          "sentences": [
            {
              "sContent": "They heard a commotion downstairs.",
              "sCn": "他们听见楼下一阵骚动。"
            },
            {
              "sContent": "Everyone looked to see what was causing the commotion .",
              "sCn": "大家都在看是什么引起了喧闹。"
            }
          ],
          "desc": "例句"
        },
        "usphone": "kə'moʃən",
        "syno": {
          "synos": [
            {
              "pos": "n",
              "tran": "骚动；暴乱",
              "hwds": [
                {
                  "w": "combustion"
                },
                {
                  "w": "turmoil"
                }
              ]
            }
          ],
          "desc": "同近"
        },
        "ukphone": "kə'məʊʃ(ə)n",
        "ukspeech": "commotion&type=1",
        "star": 0,
        "phrase": {
          "phrases": [
            {
              "pContent": "civil commotion",
              "pCn": "民众骚乱"
            }
          ],
          "desc": "短语"
        },
        "phone": "kə'məuʃən",
        "speech": "commotion",
        "usspeech": "commotion&type=2",
        "trans": [
          {
            "tranCn": "混乱，动乱",
            "descOther": "英释",
            "descCn": "中释",
            "pos": "n",
            "tranOther": "sudden noisy activity"
          }
        ]
      }
    }
  },
  "bookId": "IELTSluan_2"
}