{
  "wordRank": 1092,
  "headWord": "tropic",
  "content": {
    "word": {
      "wordHead": "tropic",
      "wordId": "IELTSluan_2_1092",
      "content": {
        "usphone": "'trɑpɪk",
        "syno": {
          "synos": [
            {
              "pos": "n",
              "tran": "[地理]热带；[天]回归线",
              "hwds": [
                {
                  "w": "torrid zone"
                },
                {
                  "w": "regression line"
                }
              ]
            },
            {
              "pos": "adj",
              "tran": "[地理]热带的",
              "hwds": [
                {
                  "w": "intertropical"
                },
                {
                  "w": "subsolar"
                }
              ]
            }
          ],
          "desc": "同近"
        },
        "ukphone": "'trɒpɪk",
        "ukspeech": "tropic&type=1",
        "star": 0,
        "phrase": {
          "phrases": [
            {
              "pContent": "tropic of cancer",
              "pCn": "北回归线"
            },
            {
              "pContent": "tropic of capricorn",
              "pCn": "[天]南回归线"
            }
          ],
          "desc": "短语"
        },
        "phone": "'trɔpik",
        "speech": "tropic",
        "relWord": {
          "rels": [
            {
              "pos": "adj",
              "words": [
                {
                  "hwd": "tropical",
                  "tran": " 热带的；热情的；酷热的"
                }
              ]
            },
            {
              "pos": "adv",
              "words": [
                {
                  "hwd": "tropically",
                  "tran": " 关于热带方面"
                }
              ]
            },
            {
              "pos": "n",
              "words": [
                {
                  "hwd": "tropics",
                  "tran": " 热带地区"
                }
              ]
            }
          ],
          "desc": "同根"
        },
        "usspeech": "tropic&type=2",
        "trans": [
          {
            "tranCn": "回归线",
            "descOther": "英释",
            "descCn": "中释",
            "pos": "n",
            "tranOther": "one of the two imaginary lines around the world, either the Tropic of Cancer which is 23.5˚ north of the  equator  , or the Tropic of Capricorn which is 23.5˚ south of the equator"
          }
        ]
      }
    }
  },
  "bookId": "IELTSluan_2"
}