{
  "wordRank": 1093,
  "headWord": "assert",
  "content": {
    "word": {
      "wordHead": "assert",
      "wordId": "IELTSluan_2_1093",
      "content": {
        "usphone": "ə'sɝt",
        "antos": {
          "anto": [
            {
              "hwd": "controvert"
            }
          ],
          "desc": "反义"
        },
        "ukspeech": "assert&type=1",
        "star": 0,
        "usspeech": "assert&type=2",
        "syno": {
          "synos": [
            {
              "pos": "vt",
              "tran": "维护，坚持；断言；主张；声称",
              "hwds": [
                {
                  "w": "maintain"
                },
                {
                  "w": "say"
                },
                {
                  "w": "submit"
                },
                {
                  "w": "stay"
                },
                {
                  "w": "advocate"
                }
              ]
            }
          ],
          "desc": "同近"
        },
        "ukphone": "ə'sɜːt",
        "phrase": {
          "phrases": [
            {
              "pContent": "assert oneself",
              "pCn": "坚持自己的权利或意见"
            }
          ],
          "desc": "短语"
        },
        "phone": "ə'sə:t",
        "speech": "assert",
        "remMethod": {
          "val": " as(表加强) + sert(放置) → 强行放入 → 断言",
          "desc": "记忆"
        },
        "relWord": {
          "rels": [
            {
              "pos": "adj",
              "words": [
                {
                  "hwd": "assertive",
                  "tran": " 肯定的；独断的；坚定而自信的"
                },
                {
                  "hwd": "asserted",
                  "tran": " 宣称的；声称的"
                },
                {
                  "hwd": "assertable",
                  "tran": " 可断言的"
                }
              ]
            },
            {
              "pos": "adv",
              "words": [
                {
                  "hwd": "assertively",
                  "tran": " 独断地；断言地"
                }
              ]
            },
            {
              "pos": "n",
              "words": [
                {
                  "hwd": "assertion",
                  "tran": " 断言，声明；主张，要求；坚持"
                }
              ]
            },
            {
              "pos": "v",
              "words": [
                {
                  "hwd": "asserted",
                  "tran": " 宣称；声称（assert的过去分词）"
                }
              ]
            }
          ],
          "desc": "同根"
        },
        "trans": [
          {
            "tranCn": "宣称；维护",
            "descCn": "中释",
            "pos": "v"
          }
        ]
      }
    }
  },
  "bookId": "IELTSluan_2"
}