{
  "wordRank": 1094,
  "headWord": "malleable",
  "content": {
    "word": {
      "wordHead": "malleable",
      "wordId": "IELTSluan_2_1094",
      "content": {
        "sentence": {
          "sentences": [
            {
              "sContent": "malleable steel",
              "sCn": "展性钢"
            }
          ],
          "desc": "例句"
        },
        "usphone": "'mælɪəbl",
        "ukspeech": "malleable&type=1",
        "star": 0,
        "usspeech": "malleable&type=2",
        "syno": {
          "synos": [
            {
              "pos": "adj",
              "tran": "[材]可锻的；可塑的；有延展性的；易适应的",
              "hwds": [
                {
                  "w": "plastic"
                },
                {
                  "w": "mouldable"
                }
              ]
            }
          ],
          "desc": "同近"
        },
        "ukphone": "'mælɪəb(ə)l",
        "phrase": {
          "phrases": [
            {
              "pContent": "malleable iron",
              "pCn": "展性铸铁，可锻铸铁"
            },
            {
              "pContent": "malleable cast iron",
              "pCn": "可锻铸铁；展性铸铁"
            }
          ],
          "desc": "短语"
        },
        "phone": "'mæliəbl",
        "speech": "malleable",
        "remMethod": {
          "val": " malle(锤子) + able → 可锤打的 → 易改变的",
          "desc": "记忆"
        },
        "relWord": {
          "rels": [
            {
              "pos": "n",
              "words": [
                {
                  "hwd": "malleability",
                  "tran": " 顺从；可锻性；展延性"
                }
              ]
            }
          ],
          "desc": "同根"
        },
        "trans": [
          {
            "tranCn": "(金属)可锻的;有延展性的;(性格)可训练的",
            "descOther": "英释",
            "descCn": "中释",
            "pos": "adj",
            "tranOther": "something that is malleable is easy to press or pull into a new shape"
          }
        ]
      }
    }
  },
  "bookId": "IELTSluan_2"
}