{
  "wordRank": 1095,
  "headWord": "resolution",
  "content": {
    "word": {
      "wordHead": "resolution",
      "wordId": "IELTSluan_2_1095",
      "content": {
        "sentence": {
          "sentences": [
            {
              "sContent": "a resolution calling for a ban on dumping nuclear waste",
              "sCn": "要求禁止倾倒核废物的决议"
            },
            {
              "sContent": "They have failed to comply with the resolution.",
              "sCn": "他们没有遵守决议。"
            }
          ],
          "desc": "例句"
        },
        "usphone": ",rɛzə'luʃən",
        "syno": {
          "synos": [
            {
              "pos": "n",
              "tran": "[物][电子][光]分辨率；决议；解决；决心",
              "hwds": [
                {
                  "w": "settlement"
                },
                {
                  "w": "decision"
                },
                {
                  "w": "determination"
                },
                {
                  "w": "push"
                },
                {
                  "w": "backbone"
                }
              ]
            }
          ],
          "desc": "同近"
        },
        "ukphone": "rezə'luːʃ(ə)n",
        "ukspeech": "resolution&type=1",
        "star": 0,
        "phrase": {
          "phrases": [
            {
              "pContent": "high resolution",
              "pCn": "高分辨；高分辨率"
            },
            {
              "pContent": "spatial resolution",
              "pCn": "空间分辨率；空间解析度"
            },
            {
              "pContent": "dispute resolution",
              "pCn": "[法律]调解纠纷"
            },
            {
              "pContent": "conflict resolution",
              "pCn": "冲突解决；冲突消除"
            },
            {
              "pContent": "low resolution",
              "pCn": "低分辨率，低解晰度"
            },
            {
              "pContent": "draft resolution",
              "pCn": "提案；决议草案"
            },
            {
              "pContent": "frequency resolution",
              "pCn": "频率分解"
            },
            {
              "pContent": "vertical resolution",
              "pCn": "垂直分辨率；垂直分解"
            },
            {
              "pContent": "resolution ratio",
              "pCn": "分辨率；分解率"
            },
            {
              "pContent": "image resolution",
              "pCn": "图像分辨率；影像解析度；影像分辨力；图像清晰度"
            },
            {
              "pContent": "range resolution",
              "pCn": "距离分辨率；测距角像力"
            },
            {
              "pContent": "spectral resolution",
              "pCn": "光谱分辨率，谱分解"
            },
            {
              "pContent": "time resolution",
              "pCn": "时间分辨率；时间分辨能力；时间分辨本领"
            },
            {
              "pContent": "temporal resolution",
              "pCn": "时间分辨率；瞬时分辨力；瞬时清晰度"
            },
            {
              "pContent": "address resolution",
              "pCn": "地址解析"
            },
            {
              "pContent": "display resolution",
              "pCn": "显示解析度"
            },
            {
              "pContent": "azimuth resolution",
              "pCn": "方位分解度，方位分辨率；方位角分辨"
            },
            {
              "pContent": "resolution power",
              "pCn": "分辨能力；析象能力"
            },
            {
              "pContent": "good resolutions",
              "pCn": "改正的决心"
            },
            {
              "pContent": "resolution capability",
              "pCn": "分辨本领；分辨能力；分解能力"
            }
          ],
          "desc": "短语"
        },
        "phone": ",rezə'lu:ʃən, -,lju:-",
        "speech": "resolution",
        "relWord": {
          "rels": [
            {
              "pos": "adj",
              "words": [
                {
                  "hwd": "resolute",
                  "tran": " 坚决的；果断的"
                },
                {
                  "hwd": "resolved",
                  "tran": " 下定决心的；已解决的；断然的"
                },
                {
                  "hwd": "resolvable",
                  "tran": " 可分解的；可解决的；可溶解的"
                }
              ]
            },
            {
              "pos": "adv",
              "words": [
                {
                  "hwd": "resolutely",
                  "tran": " 坚决地；毅然地"
                }
              ]
            },
            {
              "pos": "n",
              "words": [
                {
                  "hwd": "resolve",
                  "tran": " 坚决；决定要做的事"
                },
                {
                  "hwd": "resolving",
                  "tran": " 分解；解析"
                }
              ]
            },
            {
              "pos": "v",
              "words": [
                {
                  "hwd": "resolved",
                  "tran": " 解决；决定；分解；转变（resolve的过去分词）"
                },
                {
                  "hwd": "resolving",
                  "tran": " 分辨（resolve的ing形式）；分解；决定；解决矛盾"
                }
              ]
            },
            {
              "pos": "vi",
              "words": [
                {
                  "hwd": "resolve",
                  "tran": " 解决；决心；分解"
                }
              ]
            },
            {
              "pos": "vt",
              "words": [
                {
                  "hwd": "resolve",
                  "tran": " 决定；溶解；使…分解；决心要做…"
                }
              ]
            }
          ],
          "desc": "同根"
        },
        "usspeech": "resolution&type=2",
        "trans": [
          {
            "tranCn": "坚决，坚定；决定，决议；决心，解决",
            "descOther": "英释",
            "descCn": "中释",
            "pos": "n",
            "tranOther": "a formal decision or statement agreed on by a group of people, especially after a vote"
          }
        ]
      }
    }
  },
  "bookId": "IELTSluan_2"
}