{
  "wordRank": 1096,
  "headWord": "fleet",
  "content": {
    "word": {
      "wordHead": "fleet",
      "wordId": "IELTSluan_2_1096",
      "content": {
        "sentence": {
          "sentences": [
            {
              "sContent": "the US seventh fleet",
              "sCn": "美国第七舰队"
            }
          ],
          "desc": "例句"
        },
        "usphone": "flit",
        "ukspeech": "fleet&type=1",
        "star": 0,
        "usspeech": "fleet&type=2",
        "syno": {
          "synos": [
            {
              "pos": "adj",
              "tran": "快速的，敏捷的",
              "hwds": [
                {
                  "w": "fast"
                },
                {
                  "w": "sudden"
                },
                {
                  "w": "sharp"
                },
                {
                  "w": "fly"
                },
                {
                  "w": "quick"
                }
              ]
            },
            {
              "pos": "n",
              "tran": "[军]舰队；港湾；小河",
              "hwds": [
                {
                  "w": "marine"
                },
                {
                  "w": "navarchy"
                }
              ]
            },
            {
              "pos": "vi",
              "tran": "飞逝；疾驰；掠过",
              "hwds": [
                {
                  "w": "brush"
                },
                {
                  "w": "fly by"
                }
              ]
            },
            {
              "pos": "vt",
              "tran": "消磨",
              "hwds": [
                {
                  "w": "spend"
                },
                {
                  "w": "while away"
                }
              ]
            }
          ],
          "desc": "同近"
        },
        "ukphone": "fliːt",
        "phrase": {
          "phrases": [
            {
              "pContent": "a fleet of",
              "pCn": "机群；一队…"
            },
            {
              "pContent": "fleet management",
              "pCn": "车队管理；船队管理"
            },
            {
              "pContent": "fleet street",
              "pCn": "佛里特街（英国几家报馆办事处所在地）；伦敦报业；伦敦新闻界"
            },
            {
              "pContent": "merchant fleet",
              "pCn": "商船队"
            }
          ],
          "desc": "短语"
        },
        "phone": "fli:t",
        "speech": "fleet",
        "remMethod": {
          "val": " 舰队(fleet)遇到问题赶紧逃跑(flee)",
          "desc": "记忆"
        },
        "relWord": {
          "rels": [
            {
              "pos": "adj",
              "words": [
                {
                  "hwd": "fleeting",
                  "tran": " 飞逝的；转瞬间的"
                }
              ]
            },
            {
              "pos": "adv",
              "words": [
                {
                  "hwd": "fleetly",
                  "tran": " 快速地；转瞬即逝地"
                }
              ]
            },
            {
              "pos": "n",
              "words": [
                {
                  "hwd": "fleetness",
                  "tran": " 快速；无常"
                }
              ]
            },
            {
              "pos": "v",
              "words": [
                {
                  "hwd": "fleeting",
                  "tran": " 迅速移动（fleet的ing形式）"
                }
              ]
            }
          ],
          "desc": "同根"
        },
        "trans": [
          {
            "tranCn": "舰队；船队",
            "descOther": "英释",
            "descCn": "中释",
            "pos": "n",
            "tranOther": "a group of ships, or all the ships in a navy"
          }
        ]
      }
    }
  },
  "bookId": "IELTSluan_2"
}