{
  "wordRank": 1097,
  "headWord": "summary",
  "content": {
    "word": {
      "wordHead": "summary",
      "wordId": "IELTSluan_2_1097",
      "content": {
        "sentence": {
          "sentences": [
            {
              "sContent": "A brief summary is given on a separate sheet.",
              "sCn": "摘要另写一页。"
            }
          ],
          "desc": "例句"
        },
        "usphone": "'sʌməri",
        "syno": {
          "synos": [
            {
              "pos": "adj",
              "tran": "简易的；扼要的",
              "hwds": [
                {
                  "w": "condensed"
                },
                {
                  "w": "terse"
                }
              ]
            },
            {
              "pos": "n",
              "tran": "概要，[图情]摘要",
              "hwds": [
                {
                  "w": "abstract"
                },
                {
                  "w": "brief"
                },
                {
                  "w": "resume"
                }
              ]
            }
          ],
          "desc": "同近"
        },
        "ukphone": "'sʌm(ə)rɪ",
        "ukspeech": "summary&type=1",
        "star": 0,
        "phrase": {
          "phrases": [
            {
              "pContent": "in summary",
              "pCn": "总之；概括起来"
            },
            {
              "pContent": "summary procedure",
              "pCn": "简易程序；即决裁判程序"
            },
            {
              "pContent": "summary report",
              "pCn": "汇总报表；概要报表"
            },
            {
              "pContent": "executive summary",
              "pCn": "执行摘要，概要；行动纲要；经营综合报告"
            },
            {
              "pContent": "summary judgment",
              "pCn": "即决审判"
            },
            {
              "pContent": "summary table",
              "pCn": "摘要表；总计表，一览表"
            },
            {
              "pContent": "summary account",
              "pCn": "汇总帐户"
            },
            {
              "pContent": "summary statement",
              "pCn": "[经]总表；汇总表"
            },
            {
              "pContent": "summary sheet",
              "pCn": "汇总表；观察记录表；总结报告表"
            },
            {
              "pContent": "data summary",
              "pCn": "资料汇总"
            },
            {
              "pContent": "annual summary",
              "pCn": "年度总结；年度摘要"
            }
          ],
          "desc": "短语"
        },
        "speech": "summary",
        "remMethod": {
          "val": " summ(＝sum 总的) + ary → 摘要， 概要",
          "desc": "记忆"
        },
        "relWord": {
          "rels": [
            {
              "pos": "adv",
              "words": [
                {
                  "hwd": "summarily",
                  "tran": " 概要地；立刻；概略地"
                }
              ]
            },
            {
              "pos": "n",
              "words": [
                {
                  "hwd": "summarization",
                  "tran": " [图情] 摘要；概要"
                }
              ]
            }
          ],
          "desc": "同根"
        },
        "usspeech": "summary&type=2",
        "trans": [
          {
            "tranCn": "摘要，概要",
            "descOther": "英释",
            "descCn": "中释",
            "pos": "n",
            "tranOther": "a short statement that gives the main information about something, without giving all the details"
          },
          {
            "tranCn": "概括的；即时的",
            "descOther": "英释",
            "descCn": "中释",
            "pos": "adj",
            "tranOther": "done immediately, and not following the normal process"
          }
        ]
      }
    }
  },
  "bookId": "IELTSluan_2"
}