{
  "wordRank": 1098,
  "headWord": "irony",
  "content": {
    "word": {
      "wordHead": "irony",
      "wordId": "IELTSluan_2_1098",
      "content": {
        "sentence": {
          "sentences": [
            {
              "sContent": "Life is full of little ironies.",
              "sCn": "生活中充满了小小的讽刺。"
            }
          ],
          "desc": "例句"
        },
        "usphone": "'aɪrəni",
        "syno": {
          "synos": [
            {
              "pos": "n",
              "tran": "讽刺；反语；具有讽刺意味的事",
              "hwds": [
                {
                  "w": "hit"
                },
                {
                  "w": "satire"
                }
              ]
            },
            {
              "pos": "adj",
              "tran": "铁的；似铁的",
              "hwds": [
                {
                  "w": "ferrous"
                }
              ]
            }
          ],
          "desc": "同近"
        },
        "ukphone": "'aɪrənɪ",
        "ukspeech": "irony&type=1",
        "star": 0,
        "phone": "'aiərəni",
        "speech": "irony",
        "remMethod": {
          "val": " iron(铁) + y → 像铁一样冷冰冰的话 → 反话， 讽刺",
          "desc": "记忆"
        },
        "relWord": {
          "rels": [
            {
              "pos": "adj",
              "words": [
                {
                  "hwd": "iron",
                  "tran": " 铁的；残酷的；刚强的"
                },
                {
                  "hwd": "ironic",
                  "tran": " 讽刺的；反话的"
                },
                {
                  "hwd": "ironical",
                  "tran": " 讽刺的（等于ironic）；用反语的"
                }
              ]
            },
            {
              "pos": "adv",
              "words": [
                {
                  "hwd": "ironically",
                  "tran": " 讽刺地；说反话地"
                }
              ]
            },
            {
              "pos": "n",
              "words": [
                {
                  "hwd": "iron",
                  "tran": " 熨斗；烙铁；坚强"
                },
                {
                  "hwd": "ironist",
                  "tran": " 讽刺家；讽刺作家"
                }
              ]
            },
            {
              "pos": "vi",
              "words": [
                {
                  "hwd": "iron",
                  "tran": " 熨衣；烫平"
                }
              ]
            },
            {
              "pos": "vt",
              "words": [
                {
                  "hwd": "iron",
                  "tran": " 熨；用铁铸成"
                }
              ]
            }
          ],
          "desc": "同根"
        },
        "usspeech": "irony&type=2",
        "trans": [
          {
            "tranCn": "反话，冷嘲，讽刺性的事件、情况等",
            "descOther": "英释",
            "descCn": "中释",
            "pos": "n",
            "tranOther": "a situation that is unusual or amusing because something strange happens, or the opposite of what is expected happens or is true"
          }
        ]
      }
    }
  },
  "bookId": "IELTSluan_2"
}