{
  "wordRank": 1099,
  "headWord": "perspective",
  "content": {
    "word": {
      "wordHead": "perspective",
      "wordId": "IELTSluan_2_1099",
      "content": {
        "sentence": {
          "sentences": [
            {
              "sContent": "the artist’s use of perspective",
              "sCn": "那位画家对透视法的运用"
            }
          ],
          "desc": "例句"
        },
        "usphone": "pɚ'spɛktɪv",
        "syno": {
          "synos": [
            {
              "pos": "n",
              "tran": "观点；远景；[数]透视图",
              "hwds": [
                {
                  "w": "viewpoint"
                },
                {
                  "w": "outlook"
                },
                {
                  "w": "eye"
                },
                {
                  "w": "sentiment"
                },
                {
                  "w": "standpoint"
                }
              ]
            },
            {
              "pos": "adj",
              "tran": "[数]透视的",
              "hwds": [
                {
                  "w": "clairvoyant"
                }
              ]
            }
          ],
          "desc": "同近"
        },
        "ukphone": "pə'spektɪv",
        "ukspeech": "perspective&type=1",
        "star": 0,
        "phrase": {
          "phrases": [
            {
              "pContent": "in perspective",
              "pCn": "正确地；符合透视法地"
            },
            {
              "pContent": "new perspective",
              "pCn": "新观点"
            },
            {
              "pContent": "historical perspective",
              "pCn": "历史展望"
            },
            {
              "pContent": "perspective projection",
              "pCn": "透视投影；中心投影法"
            },
            {
              "pContent": "perspective drawing",
              "pCn": "透视图"
            },
            {
              "pContent": "perspective view",
              "pCn": "透视图"
            },
            {
              "pContent": "out of perspective",
              "pCn": "不成比例的(地)；不按透视法的(地)"
            },
            {
              "pContent": "linear perspective",
              "pCn": "线条透视；直线透视图"
            }
          ],
          "desc": "短语"
        },
        "phone": "pə'spektiv",
        "speech": "perspective",
        "remMethod": {
          "val": " per(贯穿) + spect(看) + ive → 贯穿看 → 角度， 方法； 透视法",
          "desc": "记忆"
        },
        "usspeech": "perspective&type=2",
        "trans": [
          {
            "tranCn": "透视；透视画法；视角，观点",
            "descOther": "英释",
            "descCn": "中释",
            "pos": "n",
            "tranOther": "a way of thinking about something, especially one which is influenced by the type of person you are or by your experiences"
          }
        ]
      }
    }
  },
  "bookId": "IELTSluan_2"
}