{
  "wordRank": 11,
  "headWord": "lofty",
  "content": {
    "word": {
      "wordHead": "lofty",
      "wordId": "IELTSluan_2_11",
      "content": {
        "sentence": {
          "sentences": [
            {
              "sContent": "He stayed at the Four Seasons Hotel, from whose lofty heights he could see across New York.",
              "sCn": "他住在四季酒店，从酒店高处可以看到纽约的全景。"
            }
          ],
          "desc": "例句"
        },
        "usphone": "'lɔfti",
        "syno": {
          "synos": [
            {
              "pos": "adj",
              "tran": "高的；崇高的；高级的；高傲的",
              "hwds": [
                {
                  "w": "high"
                },
                {
                  "w": "tall"
                },
                {
                  "w": "senior"
                },
                {
                  "w": "advanced"
                },
                {
                  "w": "superior"
                }
              ]
            }
          ],
          "desc": "同近"
        },
        "ukphone": "'lɒftɪ",
        "ukspeech": "lofty&type=1",
        "star": 0,
        "phone": "'lɔfti, 'lɔ:f-",
        "speech": "lofty",
        "relWord": {
          "rels": [
            {
              "pos": "adv",
              "words": [
                {
                  "hwd": "loftily",
                  "tran": " 高尚地；傲慢地"
                }
              ]
            },
            {
              "pos": "n",
              "words": [
                {
                  "hwd": "loft",
                  "tran": " 阁楼；顶楼；鸽房"
                },
                {
                  "hwd": "loftiness",
                  "tran": " 高；崇高；高傲"
                }
              ]
            },
            {
              "pos": "vi",
              "words": [
                {
                  "hwd": "loft",
                  "tran": " 将球高击"
                }
              ]
            },
            {
              "pos": "vt",
              "words": [
                {
                  "hwd": "loft",
                  "tran": " 把…储放在阁楼内"
                }
              ]
            }
          ],
          "desc": "同根"
        },
        "usspeech": "lofty&type=2",
        "trans": [
          {
            "tranCn": "极高的，高尚的，高傲的",
            "descOther": "英释",
            "descCn": "中释",
            "pos": "adj",
            "tranOther": "lofty mountains, buildings etc are very high and impressive"
          }
        ]
      }
    }
  },
  "bookId": "IELTSluan_2"
}