{
  "wordRank": 110,
  "headWord": "perplex",
  "content": {
    "word": {
      "wordHead": "perplex",
      "wordId": "IELTSluan_2_110",
      "content": {
        "sentence": {
          "sentences": [
            {
              "sContent": "Shea’s symptoms perplexed the doctors.",
              "sCn": "谢伊的症状令医生们困惑。"
            }
          ],
          "desc": "例句"
        },
        "usphone": "pɚ'plɛks",
        "syno": {
          "synos": [
            {
              "pos": "vt",
              "tran": "使困惑，使为难；使复杂化",
              "hwds": [
                {
                  "w": "bepuzzle"
                },
                {
                  "w": "confuse"
                }
              ]
            }
          ],
          "desc": "同近"
        },
        "ukphone": "pə'pleks",
        "ukspeech": "perplex&type=1",
        "star": 0,
        "phone": "pə'pleks",
        "speech": "perplex",
        "remMethod": {
          "val": " per(完全) + plex(重叠) → 完全重叠在一起 → 使困惑； 使复杂化",
          "desc": "记忆"
        },
        "relWord": {
          "rels": [
            {
              "pos": "adj",
              "words": [
                {
                  "hwd": "perplexing",
                  "tran": " 复杂的，令人费解的；令人困惑的"
                },
                {
                  "hwd": "perplexed",
                  "tran": " 困惑的；不知所措的"
                }
              ]
            },
            {
              "pos": "adv",
              "words": [
                {
                  "hwd": "perplexedly",
                  "tran": " 为难地；困窘地"
                }
              ]
            },
            {
              "pos": "n",
              "words": [
                {
                  "hwd": "perplexity",
                  "tran": " 困惑；混乱"
                }
              ]
            }
          ],
          "desc": "同根"
        },
        "usspeech": "perplex&type=2",
        "trans": [
          {
            "tranCn": "迷惑，困惑",
            "descOther": "英释",
            "descCn": "中释",
            "pos": "v",
            "tranOther": "if something perplexes you, it makes you feel confused and worried because it is difficult to understand"
          }
        ]
      }
    }
  },
  "bookId": "IELTSluan_2"
}