{
  "wordRank": 1100,
  "headWord": "polar",
  "content": {
    "word": {
      "wordHead": "polar",
      "wordId": "IELTSluan_2_1100",
      "content": {
        "sentence": {
          "sentences": [
            {
              "sContent": "As our climate warms up, the polar ice caps will begin to melt.",
              "sCn": "随着地球气候逐渐变暖，极地的冰冠将开始融化。"
            }
          ],
          "desc": "例句"
        },
        "usphone": "'polɚ",
        "syno": {
          "synos": [
            {
              "pos": "adj",
              "tran": "[数]极地的；两极的；正好相反的",
              "hwds": [
                {
                  "w": "dipolar"
                },
                {
                  "w": "diametrical"
                }
              ]
            }
          ],
          "desc": "同近"
        },
        "ukphone": "'pəʊlə",
        "ukspeech": "polar&type=1",
        "star": 0,
        "phrase": {
          "phrases": [
            {
              "pContent": "polar bear",
              "pCn": "北极熊"
            },
            {
              "pContent": "polar coordinate",
              "pCn": "极坐标；极座标；极坐标系统"
            },
            {
              "pContent": "polar region",
              "pCn": "极地；近极区域"
            },
            {
              "pContent": "polar ice",
              "pCn": "极地冰"
            },
            {
              "pContent": "polar solvent",
              "pCn": "[化]极性溶剂"
            },
            {
              "pContent": "polar fleece",
              "pCn": "摇粒绒"
            },
            {
              "pContent": "polar group",
              "pCn": "极性基团"
            },
            {
              "pContent": "polar body",
              "pCn": "极体"
            },
            {
              "pContent": "polar angle",
              "pCn": "极角"
            },
            {
              "pContent": "polar cap",
              "pCn": "[地]极地冰冠；[天]火星表面的极冠；高山冰冠"
            },
            {
              "pContent": "polar axis",
              "pCn": "[天]极轴"
            },
            {
              "pContent": "polar molecule",
              "pCn": "极性有极分子"
            }
          ],
          "desc": "短语"
        },
        "phone": "'pəulə",
        "speech": "polar",
        "relWord": {
          "rels": [
            {
              "pos": "n",
              "words": [
                {
                  "hwd": "polarity",
                  "tran": " [物] 极性；两极；对立"
                },
                {
                  "hwd": "polarization",
                  "tran": " 极化；偏振；两极分化"
                }
              ]
            },
            {
              "pos": "vi",
              "words": [
                {
                  "hwd": "polarize",
                  "tran": " 极化；偏振；两极分化"
                }
              ]
            },
            {
              "pos": "vt",
              "words": [
                {
                  "hwd": "polarize",
                  "tran": " （使）极化；（使）偏振；（使）两极分化"
                },
                {
                  "hwd": "polarise",
                  "tran": " 极化（等于polarize）"
                }
              ]
            }
          ],
          "desc": "同根"
        },
        "usspeech": "polar&type=2",
        "trans": [
          {
            "tranCn": "南(北)极的；极端相反的",
            "descOther": "英释",
            "descCn": "中释",
            "pos": "adj",
            "tranOther": "close to or relating to the North Pole or the South Pole"
          }
        ]
      }
    }
  },
  "bookId": "IELTSluan_2"
}