{
  "wordRank": 1101,
  "headWord": "attendant",
  "content": {
    "word": {
      "wordHead": "attendant",
      "wordId": "IELTSluan_2_1101",
      "content": {
        "sentence": {
          "sentences": [
            {
              "sContent": "a car park attendant",
              "sCn": "停车场的服务员"
            }
          ],
          "desc": "例句"
        },
        "usphone": "ə'tɛndənt",
        "syno": {
          "synos": [
            {
              "pos": "adj",
              "tran": "伴随的；侍候的",
              "hwds": [
                {
                  "w": "accompanied"
                }
              ]
            },
            {
              "pos": "n",
              "tran": "服务员，侍者；随员，陪从",
              "hwds": [
                {
                  "w": "waiter"
                },
                {
                  "w": "suite"
                }
              ]
            }
          ],
          "desc": "同近"
        },
        "ukphone": "ə'tend(ə)nt",
        "ukspeech": "attendant&type=1",
        "star": 0,
        "phrase": {
          "phrases": [
            {
              "pContent": "flight attendant",
              "pCn": "空中服务人员"
            },
            {
              "pContent": "room attendant",
              "pCn": "客房服务员"
            },
            {
              "pContent": "train attendant",
              "pCn": "列车服务员"
            }
          ],
          "desc": "短语"
        },
        "phone": "ə'tendənt",
        "speech": "attendant",
        "relWord": {
          "rels": [
            {
              "pos": "n",
              "words": [
                {
                  "hwd": "attendance",
                  "tran": " 出席；到场；出席人数"
                }
              ]
            },
            {
              "pos": "vi",
              "words": [
                {
                  "hwd": "attend",
                  "tran": " 出席；致力于；照料；照顾"
                }
              ]
            },
            {
              "pos": "vt",
              "words": [
                {
                  "hwd": "attend",
                  "tran": " 出席；上（大学等）；照料；招待；陪伴"
                }
              ]
            }
          ],
          "desc": "同根"
        },
        "usspeech": "attendant&type=2",
        "trans": [
          {
            "tranCn": "服务员；仆人",
            "descOther": "英释",
            "descCn": "中释",
            "pos": "n",
            "tranOther": "someone whose job is to look after or help customers in a public place"
          }
        ]
      }
    }
  },
  "bookId": "IELTSluan_2"
}