{
  "wordRank": 1102,
  "headWord": "handicap",
  "content": {
    "word": {
      "wordHead": "handicap",
      "wordId": "IELTSluan_2_1102",
      "content": {
        "sentence": {
          "sentences": [
            {
              "sContent": "The charity is handicapped by lack of funds.",
              "sCn": "这个慈善机构因为缺乏资金难以开展工作。"
            }
          ],
          "desc": "例句"
        },
        "usphone": "'hændɪ'kæp",
        "syno": {
          "synos": [
            {
              "pos": "n",
              "tran": "障碍；不利条件，不利的因素",
              "hwds": [
                {
                  "w": "obstacle"
                },
                {
                  "w": "let"
                },
                {
                  "w": "bar"
                },
                {
                  "w": "dam"
                },
                {
                  "w": "disadvantage"
                }
              ]
            },
            {
              "pos": "vt",
              "tran": "妨碍，阻碍；使不利",
              "hwds": [
                {
                  "w": "let"
                },
                {
                  "w": "slow"
                }
              ]
            }
          ],
          "desc": "同近"
        },
        "ukphone": "'hændɪkæp",
        "ukspeech": "handicap&type=1",
        "star": 0,
        "phrase": {
          "phrases": [
            {
              "pContent": "mental handicap",
              "pCn": "心理缺陷；心智障碍"
            },
            {
              "pContent": "physical handicap",
              "pCn": "身体缺陷；生理缺陷"
            }
          ],
          "desc": "短语"
        },
        "phone": "'hændikæp",
        "speech": "handicap",
        "relWord": {
          "rels": [
            {
              "pos": "n",
              "words": [
                {
                  "hwd": "handicapper",
                  "tran": " 裁判人员；（赛马时）决定优劣条件之人"
                }
              ]
            }
          ],
          "desc": "同根"
        },
        "usspeech": "handicap&type=2",
        "trans": [
          {
            "tranCn": "妨碍",
            "descOther": "英释",
            "descCn": "中释",
            "pos": "v",
            "tranOther": "to make it difficult for someone to do something that they want or need to do"
          },
          {
            "tranCn": "障碍，残废",
            "descOther": "英释",
            "descCn": "中释",
            "pos": "n",
            "tranOther": "if someone has a handicap, a part of their body or their mind has been permanently injured or damaged. Many people think that this word is offensive."
          }
        ]
      }
    }
  },
  "bookId": "IELTSluan_2"
}