{
  "wordRank": 1103,
  "headWord": "eligible",
  "content": {
    "word": {
      "wordHead": "eligible",
      "wordId": "IELTSluan_2_1103",
      "content": {
        "sentence": {
          "sentences": [
            {
              "sContent": "Stephen was regarded as an eligible bachelor.",
              "sCn": "斯蒂芬被认为是一个钻石王老五。"
            }
          ],
          "desc": "例句"
        },
        "usphone": "'ɛlɪdʒəbl",
        "ukspeech": "eligible&type=1",
        "star": 0,
        "usspeech": "eligible&type=2",
        "syno": {
          "synos": [
            {
              "pos": "adj",
              "tran": "合格的，合适的；符合条件的；有资格当选的",
              "hwds": [
                {
                  "w": "qualified"
                },
                {
                  "w": "applicable"
                },
                {
                  "w": "becoming"
                },
                {
                  "w": "shaped"
                },
                {
                  "w": "likely"
                }
              ]
            },
            {
              "pos": "n",
              "tran": "合格者；适任者；有资格者",
              "hwds": [
                {
                  "w": "acceptee"
                }
              ]
            }
          ],
          "desc": "同近"
        },
        "ukphone": "'elɪdʒɪb(ə)l",
        "phrase": {
          "phrases": [
            {
              "pContent": "eligible for",
              "pCn": "合格；够资格"
            },
            {
              "pContent": "eligible bidders",
              "pCn": "合格的投标商"
            },
            {
              "pContent": "eligible products",
              "pCn": "合格产品"
            }
          ],
          "desc": "短语"
        },
        "phone": "'elidʒəbl",
        "speech": "eligible",
        "remMethod": {
          "val": "e + lig(=lect选择) + ible → 能被选择出来的 → 符合条件的",
          "desc": "记忆"
        },
        "relWord": {
          "rels": [
            {
              "pos": "n",
              "words": [
                {
                  "hwd": "eligibility",
                  "tran": " 适任，合格；被选举资格"
                }
              ]
            }
          ],
          "desc": "同根"
        },
        "trans": [
          {
            "tranCn": "合格的，适宜的",
            "descOther": "英释",
            "descCn": "中释",
            "pos": "adj",
            "tranOther": "someone who is eligible for something is able or allowed to do it, for example because they are the right age"
          }
        ]
      }
    }
  },
  "bookId": "IELTSluan_2"
}