{
  "wordRank": 1104,
  "headWord": "crooked",
  "content": {
    "word": {
      "wordHead": "crooked",
      "wordId": "IELTSluan_2_1104",
      "content": {
        "sentence": {
          "sentences": [
            {
              "sContent": "Your tie’s crooked.",
              "sCn": "你的领带歪了。"
            },
            {
              "sContent": "narrow crooked streets",
              "sCn": "狭窄曲折的街道"
            }
          ],
          "desc": "例句"
        },
        "usphone": "'krʊkɪd",
        "syno": {
          "synos": [
            {
              "pos": "adj",
              "tran": "弯曲的；歪的；不正当的",
              "hwds": [
                {
                  "w": "curve"
                },
                {
                  "w": "winding"
                },
                {
                  "w": "flexural"
                }
              ]
            }
          ],
          "desc": "同近"
        },
        "ukphone": "'krʊkɪd",
        "ukspeech": "crooked&type=1",
        "star": 0,
        "phrase": {
          "phrases": [
            {
              "pContent": "crooked line",
              "pCn": "曲线；弯曲测线"
            }
          ],
          "desc": "短语"
        },
        "phone": "'krukid",
        "speech": "crooked",
        "relWord": {
          "rels": [
            {
              "pos": "adv",
              "words": [
                {
                  "hwd": "crookedly",
                  "tran": " 弯曲地；不诚实地"
                }
              ]
            },
            {
              "pos": "n",
              "words": [
                {
                  "hwd": "crook",
                  "tran": " 骗子，坏蛋；弯处，弯曲部分；钩状物"
                },
                {
                  "hwd": "crookedness",
                  "tran": " 弯曲；不诚实"
                },
                {
                  "hwd": "crookneck",
                  "tran": " （美）一种颈长而弯曲的南瓜"
                }
              ]
            },
            {
              "pos": "vi",
              "words": [
                {
                  "hwd": "crook",
                  "tran": " 弯曲，成钩形"
                }
              ]
            },
            {
              "pos": "vt",
              "words": [
                {
                  "hwd": "crook",
                  "tran": " 使弯曲；欺骗，诈骗"
                }
              ]
            }
          ],
          "desc": "同根"
        },
        "usspeech": "crooked&type=2",
        "trans": [
          {
            "tranCn": "弯曲的，欺诈的",
            "descOther": "英释",
            "descCn": "中释",
            "pos": "adj",
            "tranOther": "bent, twisted, or not in a straight line"
          }
        ]
      }
    }
  },
  "bookId": "IELTSluan_2"
}