{
  "wordRank": 1105,
  "headWord": "diplomatic",
  "content": {
    "word": {
      "wordHead": "diplomatic",
      "wordId": "IELTSluan_2_1105",
      "content": {
        "sentence": {
          "sentences": [
            {
              "sContent": "Diplomatic efforts to end the fighting began on October 25.",
              "sCn": "停战的外交努力于10月25日开始。"
            }
          ],
          "desc": "例句"
        },
        "usphone": ",dɪplə'mætɪk",
        "syno": {
          "synos": [
            {
              "pos": "adj",
              "tran": "外交的；外交上的；老练的",
              "hwds": [
                {
                  "w": "foreign"
                },
                {
                  "w": "experienced"
                }
              ]
            }
          ],
          "desc": "同近"
        },
        "ukphone": "dɪplə'mætɪk",
        "ukspeech": "diplomatic&type=1",
        "star": 0,
        "phrase": {
          "phrases": [
            {
              "pContent": "diplomatic relations",
              "pCn": "外交关系"
            },
            {
              "pContent": "diplomatic ties",
              "pCn": "外交关系；邦交"
            },
            {
              "pContent": "diplomatic mission",
              "pCn": "使馆；外交使团"
            },
            {
              "pContent": "establishment of diplomatic relations",
              "pCn": "建交；建立外交关系"
            },
            {
              "pContent": "diplomatic immunity",
              "pCn": "n. 外交豁免权"
            },
            {
              "pContent": "diplomatic channels",
              "pCn": "外交途径"
            },
            {
              "pContent": "diplomatic recognition",
              "pCn": "外交承认"
            },
            {
              "pContent": "diplomatic service",
              "pCn": "n. 外交部门；驻外部门"
            },
            {
              "pContent": "diplomatic practice",
              "pCn": "外交惯例"
            },
            {
              "pContent": "diplomatic courier",
              "pCn": "外交信使"
            }
          ],
          "desc": "短语"
        },
        "phone": ",diplə'mætik",
        "speech": "diplomatic",
        "relWord": {
          "rels": [
            {
              "pos": "adv",
              "words": [
                {
                  "hwd": "diplomatically",
                  "tran": " 在外交上；靠外交途径；圆滑地；婉转地"
                }
              ]
            },
            {
              "pos": "n",
              "words": [
                {
                  "hwd": "diplomat",
                  "tran": " 外交家，外交官；有外交手腕的人；处事圆滑机敏的人"
                },
                {
                  "hwd": "diplomacy",
                  "tran": " 外交；外交手腕；交际手段"
                },
                {
                  "hwd": "diplomatist",
                  "tran": " 外交家；外交官"
                }
              ]
            }
          ],
          "desc": "同根"
        },
        "usspeech": "diplomatic&type=2",
        "trans": [
          {
            "tranCn": "外交的；外交手腕的",
            "descOther": "英释",
            "descCn": "中释",
            "pos": "adj",
            "tranOther": "relating to or involving the work of diplomats"
          }
        ]
      }
    }
  },
  "bookId": "IELTSluan_2"
}