{
  "wordRank": 1106,
  "headWord": "plough",
  "content": {
    "word": {
      "wordHead": "plough",
      "wordId": "IELTSluan_2_1106",
      "content": {
        "sentence": {
          "sentences": [
            {
              "sContent": "In those days the land was plowed by oxen.",
              "sCn": "在那个年代是用公牛来犁地的。"
            }
          ],
          "desc": "例句"
        },
        "usphone": "plaʊ",
        "syno": {
          "synos": [
            {
              "pos": "vt",
              "tran": "[农机]犁；耕",
              "hwds": [
                {
                  "w": "till"
                },
                {
                  "w": "plow"
                }
              ]
            },
            {
              "pos": "vi",
              "tran": "用犁耕田；开路",
              "hwds": [
                {
                  "w": "open circuit"
                },
                {
                  "w": "clear the way for"
                }
              ]
            },
            {
              "pos": "n",
              "tran": "[农机]犁；耕地（等于plow）",
              "hwds": [
                {
                  "w": "cultivated land"
                },
                {
                  "w": "arable land"
                }
              ]
            }
          ],
          "desc": "同近"
        },
        "ukphone": "plaʊ",
        "ukspeech": "plough&type=1",
        "star": 0,
        "phrase": {
          "phrases": [
            {
              "pContent": "disc plough",
              "pCn": "圆盘犁"
            }
          ],
          "desc": "短语"
        },
        "phone": "plau",
        "speech": "plough",
        "usspeech": "plough&type=2",
        "trans": [
          {
            "tranCn": "犁，犁形器具；犁地",
            "descOther": "英释",
            "descCn": "中释",
            "pos": "n&v",
            "tranOther": "a piece of farm equipment used to turn over the earth so that seeds can be planted"
          }
        ]
      }
    }
  },
  "bookId": "IELTSluan_2"
}