{
  "wordRank": 1107,
  "headWord": "riot",
  "content": {
    "word": {
      "wordHead": "riot",
      "wordId": "IELTSluan_2_1107",
      "content": {
        "sentence": {
          "sentences": [
            {
              "sContent": "urban riots",
              "sCn": "城市骚乱"
            },
            {
              "sContent": "prison riots",
              "sCn": "监狱暴乱"
            },
            {
              "sContent": "His murder triggered vicious race riots (= caused by a problem between different races ) .",
              "sCn": "他的被杀引发了严重的种族骚乱。"
            },
            {
              "sContent": "police wearing riot gear",
              "sCn": "配有防暴装备的警察"
            },
            {
              "sContent": "police in bullet-proof vests and carrying riot shields",
              "sCn": "穿防弹背心、持防暴盾牌的警察"
            }
          ],
          "desc": "例句"
        },
        "usphone": "'raɪət",
        "syno": {
          "synos": [
            {
              "pos": "n",
              "tran": "暴乱；放纵；蔓延",
              "hwds": [
                {
                  "w": "loose"
                },
                {
                  "w": "commotion"
                }
              ]
            },
            {
              "pos": "vi",
              "tran": "骚乱；放荡",
              "hwds": [
                {
                  "w": "sow one's wild oats"
                },
                {
                  "w": "easy virtue"
                }
              ]
            },
            {
              "pos": "vt",
              "tran": "浪费，挥霍",
              "hwds": [
                {
                  "w": "lose"
                },
                {
                  "w": "spend"
                },
                {
                  "w": "consume"
                }
              ]
            }
          ],
          "desc": "同近"
        },
        "ukphone": "'raɪət",
        "ukspeech": "riot&type=1",
        "star": 0,
        "phrase": {
          "phrases": [
            {
              "pContent": "riot police",
              "pCn": "防暴警察"
            },
            {
              "pContent": "riot in",
              "pCn": "沉湎于；热衷于"
            },
            {
              "pContent": "run riot",
              "pCn": "茂盛；跟错踪迹；胡闹"
            },
            {
              "pContent": "riot act",
              "pCn": "（英）取缔暴动法"
            },
            {
              "pContent": "riot gear",
              "pCn": "防暴装备"
            }
          ],
          "desc": "短语"
        },
        "phone": "'raiət",
        "speech": "riot",
        "relWord": {
          "rels": [
            {
              "pos": "adj",
              "words": [
                {
                  "hwd": "riotous",
                  "tran": " 暴乱的；狂欢的；不受约束的；放荡的；茂盛的"
                }
              ]
            },
            {
              "pos": "adv",
              "words": [
                {
                  "hwd": "riotously",
                  "tran": " 暴乱地；骚动地；放纵地"
                }
              ]
            },
            {
              "pos": "n",
              "words": [
                {
                  "hwd": "rioting",
                  "tran": " 暴乱"
                },
                {
                  "hwd": "rioter",
                  "tran": " 暴徒；暴民；骚乱者"
                }
              ]
            },
            {
              "pos": "v",
              "words": [
                {
                  "hwd": "rioting",
                  "tran": " 骚乱（riot的ing形式）"
                }
              ]
            }
          ],
          "desc": "同根"
        },
        "usspeech": "riot&type=2",
        "trans": [
          {
            "tranCn": "暴乱；骚动；放纵",
            "descOther": "英释",
            "descCn": "中释",
            "pos": "n",
            "tranOther": "a situation in which a large crowd of people are behaving in a violent and uncontrolled way, especially when they are protesting about something"
          }
        ]
      }
    }
  },
  "bookId": "IELTSluan_2"
}