{
  "wordRank": 1108,
  "headWord": "absorb",
  "content": {
    "word": {
      "wordHead": "absorb",
      "wordId": "IELTSluan_2_1108",
      "content": {
        "sentence": {
          "sentences": [
            {
              "sContent": "Plants absorb nutrients from the soil.",
              "sCn": "植物从土壤中吸收养分。"
            }
          ],
          "desc": "例句"
        },
        "usphone": "æbˈsɔrb; æbˈzɔrb; əbˈsɔrb",
        "ukspeech": "absorb&type=1",
        "star": 0,
        "usspeech": "absorb&type=2",
        "syno": {
          "synos": [
            {
              "pos": "vt",
              "tran": "吸收；吸引；承受；理解；使…全神贯注",
              "hwds": [
                {
                  "w": "attract"
                },
                {
                  "w": "engage"
                },
                {
                  "w": "see"
                },
                {
                  "w": "read"
                },
                {
                  "w": "seize"
                }
              ]
            }
          ],
          "desc": "同近"
        },
        "ukphone": "əb'zɔːb; -'sɔːb",
        "phrase": {
          "phrases": [
            {
              "pContent": "absorb in",
              "pCn": "集中精力做某事；全神贯注于"
            }
          ],
          "desc": "短语"
        },
        "phone": "əb'sɔ:b, -'zɔ:b",
        "speech": "absorb",
        "remMethod": {
          "val": " ab(离去) + sorb(吸收) → 吸收掉 → 吸收",
          "desc": "记忆"
        },
        "relWord": {
          "rels": [
            {
              "pos": "adj",
              "words": [
                {
                  "hwd": "absorbed",
                  "tran": " 被吸收的；一心一意的"
                },
                {
                  "hwd": "absorbent",
                  "tran": " 能吸收的"
                },
                {
                  "hwd": "absorbing",
                  "tran": " 吸引人的；极有趣的"
                },
                {
                  "hwd": "absorptive",
                  "tran": " 吸收性的；有吸收力的"
                },
                {
                  "hwd": "absorbable",
                  "tran": " 可吸收的；容易被吸收的"
                },
                {
                  "hwd": "absorbefacient",
                  "tran": " 吸收性的"
                }
              ]
            },
            {
              "pos": "n",
              "words": [
                {
                  "hwd": "absorption",
                  "tran": " 吸收；全神贯注，专心致志"
                },
                {
                  "hwd": "absorbent",
                  "tran": " [化工][核][化学] 吸收剂"
                },
                {
                  "hwd": "absorber",
                  "tran": " 减震器；吸收器；吸收体"
                },
                {
                  "hwd": "absorbency",
                  "tran": " 吸收能力；吸收性；吸墨性；[物化] 吸光率"
                },
                {
                  "hwd": "absorbefacient",
                  "tran": " 吸收剂"
                },
                {
                  "hwd": "absorptance",
                  "tran": " [物] 吸收率；吸收比"
                }
              ]
            },
            {
              "pos": "v",
              "words": [
                {
                  "hwd": "absorbed",
                  "tran": " 吸收；使全神贯注（absorb的过去分词形式）"
                },
                {
                  "hwd": "absorbing",
                  "tran": " 吸收（absorb的ing形式）"
                }
              ]
            }
          ],
          "desc": "同根"
        },
        "trans": [
          {
            "tranCn": "吸收；吸引",
            "descOther": "英释",
            "descCn": "中释",
            "pos": "v",
            "tranOther": "to take in liquid, gas, or another substance from the surface or space around something"
          }
        ]
      }
    }
  },
  "bookId": "IELTSluan_2"
}