{
  "wordRank": 1109,
  "headWord": "parody",
  "content": {
    "word": {
      "wordHead": "parody",
      "wordId": "IELTSluan_2_1109",
      "content": {
        "sentence": {
          "sentences": [
            {
              "sContent": "Her performance contains a strong element of self-parody (= when someone makes fun of their own style ) .",
              "sCn": "她的表演包含了强烈的自嘲元素。"
            }
          ],
          "desc": "例句"
        },
        "usphone": "'pærədi",
        "ukphone": "'pærədɪ",
        "ukspeech": "parody&type=1",
        "star": 0,
        "phone": "'pærədi",
        "speech": "parody",
        "relWord": {
          "rels": [
            {
              "pos": "n",
              "words": [
                {
                  "hwd": "parodist",
                  "tran": " 诙谐文作者；打油诗作者"
                }
              ]
            }
          ],
          "desc": "同根"
        },
        "usspeech": "parody&type=2",
        "trans": [
          {
            "tranCn": "模仿，拙劣的模仿",
            "descOther": "英释",
            "descCn": "中释",
            "pos": "n",
            "tranOther": "a piece of writing, music etc or an action that copies someone or something in an amusing way"
          }
        ]
      }
    }
  },
  "bookId": "IELTSluan_2"
}