{
  "wordRank": 111,
  "headWord": "snatch",
  "content": {
    "word": {
      "wordHead": "snatch",
      "wordId": "IELTSluan_2_111",
      "content": {
        "sentence": {
          "sentences": [
            {
              "sContent": "Mick snatched the cards from Archie's hand.",
              "sCn": "米克一把夺过阿彻手里的牌。"
            },
            {
              "sContent": "He snatched up the telephone.",
              "sCn": "他一把抓起了电话。"
            }
          ],
          "desc": "例句"
        },
        "usphone": "snætʃ",
        "syno": {
          "synos": [
            {
              "pos": "n",
              "tran": "抢夺；抓举；小量",
              "hwds": [
                {
                  "w": "reif"
                },
                {
                  "w": "despoilment"
                }
              ]
            },
            {
              "pos": "vt",
              "tran": "夺得；抽空做；及时救助",
              "hwds": [
                {
                  "w": "capture"
                }
              ]
            },
            {
              "pos": "vi",
              "tran": "抢走；很快接受",
              "hwds": [
                {
                  "w": "reave"
                }
              ]
            }
          ],
          "desc": "同近"
        },
        "ukphone": "snætʃ",
        "ukspeech": "snatch&type=1",
        "star": 0,
        "phrase": {
          "phrases": [
            {
              "pContent": "snatch at",
              "pCn": "抓取"
            }
          ],
          "desc": "短语"
        },
        "phone": "snætʃ",
        "speech": "snatch",
        "relWord": {
          "rels": [
            {
              "pos": "n",
              "words": [
                {
                  "hwd": "snatcher",
                  "tran": " 绑架者；抢夺贼"
                }
              ]
            }
          ],
          "desc": "同根"
        },
        "usspeech": "snatch&type=2",
        "trans": [
          {
            "tranCn": "抢夺，迅速获得",
            "descOther": "英释",
            "descCn": "中释",
            "pos": "vt&vi",
            "tranOther": "If you snatch something or snatch at something, you take it or pull it away quickly"
          }
        ]
      }
    }
  },
  "bookId": "IELTSluan_2"
}