{
  "wordRank": 1110,
  "headWord": "gear",
  "content": {
    "word": {
      "wordHead": "gear",
      "wordId": "IELTSluan_2_1110",
      "content": {
        "sentence": {
          "sentences": [
            {
              "sContent": "The typical career pattern was geared to men whose wives didn’t work.",
              "sCn": "这种典型的职业模式是为妻子不工作的男性设计的。"
            }
          ],
          "desc": "例句"
        },
        "usphone": "ɡɪr",
        "syno": {
          "synos": [
            {
              "pos": "n",
              "tran": "[机]齿轮；装置，工具；传动装置",
              "hwds": [
                {
                  "w": "apparatus"
                },
                {
                  "w": "installation"
                },
                {
                  "w": "facilities"
                },
                {
                  "w": "vehicle"
                },
                {
                  "w": "engine"
                }
              ]
            },
            {
              "pos": "vi",
              "tran": "适合；搭上齿轮；开始工作",
              "hwds": [
                {
                  "w": "serve"
                },
                {
                  "w": "adapt to something"
                }
              ]
            },
            {
              "pos": "vt",
              "tran": "开动；搭上齿轮；使……适合；使……准备好",
              "hwds": [
                {
                  "w": "actuate"
                },
                {
                  "w": "get under way"
                }
              ]
            }
          ],
          "desc": "同近"
        },
        "ukphone": "gɪə",
        "ukspeech": "gear&type=1",
        "star": 0,
        "phrase": {
          "phrases": [
            {
              "pContent": "bevel gear",
              "pCn": "锥齿轮，锥形齿轮；伞齿轮"
            },
            {
              "pContent": "gear box",
              "pCn": "齿轮箱"
            },
            {
              "pContent": "gear transmission",
              "pCn": "齿轮传动"
            },
            {
              "pContent": "worm gear",
              "pCn": "蜗轮；螺旋齿"
            },
            {
              "pContent": "planetary gear",
              "pCn": "行星齿轮"
            },
            {
              "pContent": "gear reducer",
              "pCn": "减速器；齿轮减速箱；齿轮减速装置"
            },
            {
              "pContent": "in gear",
              "pCn": "处于正常状态；处于就绪状态"
            },
            {
              "pContent": "gear drive",
              "pCn": "齿轮传动"
            },
            {
              "pContent": "gear with",
              "pCn": "v. 适合；一致"
            },
            {
              "pContent": "gear pump",
              "pCn": "齿轮泵"
            },
            {
              "pContent": "spur gear",
              "pCn": "n. [机]正齿轮"
            },
            {
              "pContent": "helical gear",
              "pCn": "斜齿轮"
            },
            {
              "pContent": "landing gear",
              "pCn": "起落架；起落装置，着陆装置"
            },
            {
              "pContent": "spiral bevel gear",
              "pCn": "弧齿锥齿轮；螺旋伞齿轮"
            },
            {
              "pContent": "gear wheel",
              "pCn": "齿轮"
            },
            {
              "pContent": "steering gear",
              "pCn": "转向机构；转向装置；轮向齿轮"
            },
            {
              "pContent": "involute gear",
              "pCn": "渐开线齿轮"
            },
            {
              "pContent": "gear oil",
              "pCn": "齿轮油"
            },
            {
              "pContent": "cylindrical gear",
              "pCn": "圆柱齿轮"
            },
            {
              "pContent": "gear train",
              "pCn": "轮系；齿轮传动链"
            }
          ],
          "desc": "短语"
        },
        "phone": "ɡiə",
        "speech": "gear",
        "relWord": {
          "rels": [
            {
              "pos": "n",
              "words": [
                {
                  "hwd": "gearing",
                  "tran": " 传动装置"
                }
              ]
            },
            {
              "pos": "vt",
              "words": [
                {
                  "hwd": "gearing",
                  "tran": " 以齿轮连起；配搭活动（gear的ing形式）"
                }
              ]
            }
          ],
          "desc": "同根"
        },
        "usspeech": "gear&type=2",
        "trans": [
          {
            "tranCn": "齿轮的；轮的、杠杆等装置的",
            "descCn": "中释",
            "pos": "adj"
          },
          {
            "tranCn": "使相适合",
            "descOther": "英释",
            "descCn": "中释",
            "pos": "v",
            "tranOther": "to be organized in a way that is suitable for a particular purpose or situation"
          }
        ]
      }
    }
  },
  "bookId": "IELTSluan_2"
}