{
  "wordRank": 1111,
  "headWord": "errand",
  "content": {
    "word": {
      "wordHead": "errand",
      "wordId": "IELTSluan_2_1111",
      "content": {
        "sentence": {
          "sentences": [
            {
              "sContent": "Everybody rushing about on some incomprehensible errand someone forced him to do at pain of death.",
              "sContent_eng": "Everybody rushing about on some incomprehensible <b>errand</b> someone forced him to do at pain of death.",
              "sSpeech": "Everybody+rushing+about+on+some+incomprehensible+errand+someone+forced+him+to+do+at+pain+of+death.&le=eng",
              "sCn": "大家都忍受着死亡的痛苦被迫地抢着做一些令人难以理解的差事。"
            },
            {
              "sContent": "They can view a list of errands that match their interest profile, and, by entering a price, can bid to perform the errand.",
              "sContent_eng": "They can view a list of errands that match their interest profile, and, by entering a price, can bid to perform the <b>errand</b>.",
              "sSpeech": "They+can+view+a+list+of+errands+that+match+their+interest+profile%2C+and%2C+by+entering+a+price%2C+can+bid+to+perform+the+errand.&le=eng",
              "sCn": "他们可以查看与他们的兴趣简档匹配的差事列表，并且，通过输入价格，可以为执行差事投标。"
            },
            {
              "sContent": "Get them a drink or a coffee, do a chore for them, offer to do an errand, anything they’d appreciate, really.",
              "sContent_eng": "Get them a drink or a coffee, do a chore for them, offer to do an <b>errand</b>, anything they’d appreciate, really.",
              "sSpeech": "Get+them+a+drink+or+a+coffee%2C+do+a+chore+for+them%2C+offer+to+do+an+errand%2C+anything+they%E2%80%99d+appreciate%2C+really.&le=eng",
              "sCn": "为人递上一杯饮料或咖啡，做一些零星杂务，为别人提供一份差使等等使人感激的事情。 真的。"
            }
          ],
          "desc": "例句"
        },
        "usphone": "'ɛrənd",
        "syno": {
          "synos": [
            {
              "pos": "n",
              "tran": "使命；差事；差使",
              "hwds": [
                {
                  "w": "mission"
                },
                {
                  "w": "message"
                }
              ]
            }
          ],
          "desc": "同近"
        },
        "ukphone": "'er(ə)nd",
        "ukspeech": "errand&type=1",
        "star": 0,
        "phrase": {
          "phrases": [
            {
              "pContent": "fool's errand",
              "pCn": "徒劳的奔波；徒劳无功的工作"
            },
            {
              "pContent": "go on errands",
              "pCn": "出差"
            }
          ],
          "desc": "短语"
        },
        "phone": "'erənd",
        "speech": "errand",
        "usspeech": "errand&type=2",
        "trans": [
          {
            "tranCn": "差使；差事",
            "descCn": "中释",
            "pos": "n"
          }
        ]
      }
    }
  },
  "bookId": "IELTSluan_2"
}