{
  "wordRank": 1112,
  "headWord": "microcosm",
  "content": {
    "word": {
      "wordHead": "microcosm",
      "wordId": "IELTSluan_2_1112",
      "content": {
        "sentence": {
          "sentences": [
            {
              "sContent": "Kitchell says the city was a microcosm of all American culture during the '60s.",
              "sCn": "基切尔说这个城市曾经是60年代所有美国文化的一个缩影。"
            }
          ],
          "desc": "例句"
        },
        "usphone": "'maɪkrokɑzəm",
        "syno": {
          "synos": [
            {
              "pos": "n",
              "tran": "[物]微观世界；小宇宙；作为宇宙缩影的人类；缩图（等于microcosmos）",
              "hwds": [
                {
                  "w": "Small World"
                },
                {
                  "w": "contracted drawing"
                }
              ]
            }
          ],
          "desc": "同近"
        },
        "ukphone": "'maɪkrə(ʊ)kɒz(ə)m",
        "ukspeech": "microcosm&type=1",
        "star": 0,
        "phone": "'maikrəukɔzəm",
        "speech": "microcosm",
        "remMethod": {
          "val": " micro(微小的) + cosm(宇宙， 世界) → 微观世界",
          "desc": "记忆"
        },
        "relWord": {
          "rels": [
            {
              "pos": "adj",
              "words": [
                {
                  "hwd": "microcosmic",
                  "tran": " 微观的，微观世界的；小宇宙的"
                }
              ]
            },
            {
              "pos": "n",
              "words": [
                {
                  "hwd": "microeconomics",
                  "tran": " 微观经济学"
                },
                {
                  "hwd": "microeconomic",
                  "tran": " 微观经济；个体经济"
                },
                {
                  "hwd": "microcopy",
                  "tran": " 缩微本；由缩影胶片复印的影本"
                }
              ]
            },
            {
              "pos": "vi",
              "words": [
                {
                  "hwd": "microcopy",
                  "tran": " 制作缩微本"
                }
              ]
            },
            {
              "pos": "vt",
              "words": [
                {
                  "hwd": "microcopy",
                  "tran": " 缩微复制"
                }
              ]
            }
          ],
          "desc": "同根"
        },
        "usspeech": "microcosm&type=2",
        "trans": [
          {
            "tranCn": "微观世界；缩影",
            "descOther": "英释",
            "descCn": "中释",
            "pos": "n",
            "tranOther": "a small group, society, or place that has the same qualities as a much larger one"
          }
        ]
      }
    }
  },
  "bookId": "IELTSluan_2"
}