{
  "wordRank": 1113,
  "headWord": "inapt",
  "content": {
    "word": {
      "wordHead": "inapt",
      "wordId": "IELTSluan_2_1113",
      "content": {
        "sentence": {
          "sentences": [
            {
              "sContent": "a very inapt comment",
              "sCn": "很不恰当的评论"
            }
          ],
          "desc": "例句"
        },
        "usphone": "ɪn'æpt",
        "syno": {
          "synos": [
            {
              "pos": "adj",
              "tran": "不适当的；不熟练的，笨拙的",
              "hwds": [
                {
                  "w": "inadequate"
                },
                {
                  "w": "unhappy"
                },
                {
                  "w": "wrong"
                },
                {
                  "w": "improper"
                }
              ]
            }
          ],
          "desc": "同近"
        },
        "ukphone": "ɪn'æpt",
        "ukspeech": "inapt&type=1",
        "star": 0,
        "phone": "in'æpt",
        "speech": "inapt",
        "relWord": {
          "rels": [
            {
              "pos": "n",
              "words": [
                {
                  "hwd": "inaptitude",
                  "tran": " 不适当；拙劣"
                }
              ]
            }
          ],
          "desc": "同根"
        },
        "usspeech": "inapt&type=2",
        "trans": [
          {
            "tranCn": "不适当的，不合适的",
            "descOther": "英释",
            "descCn": "中释",
            "pos": "adj",
            "tranOther": "an inapt phrase, statement etc is not right for a particular situation"
          }
        ]
      }
    }
  },
  "bookId": "IELTSluan_2"
}