{
  "wordRank": 1114,
  "headWord": "decent",
  "content": {
    "word": {
      "wordHead": "decent",
      "wordId": "IELTSluan_2_1114",
      "content": {
        "sentence": {
          "sentences": [
            {
              "sContent": "a decent burial",
              "sCn": "得体的葬礼"
            },
            {
              "sContent": "Paul visited the local bars more frequently than was decent for a senior lecturer.",
              "sCn": "保罗过于频繁地光顾当地酒吧，不太合乎高级讲师的身份。"
            },
            {
              "sContent": "The chairman did the decent thing (= did what people thought he ought to ) and resigned.",
              "sCn": "主席体面地辞去了职务。"
            }
          ],
          "desc": "例句"
        },
        "usphone": "'disnt",
        "syno": {
          "synos": [
            {
              "pos": "adj",
              "tran": "正派的；得体的；相当好的",
              "hwds": [
                {
                  "w": "proper"
                },
                {
                  "w": "goodish"
                }
              ]
            }
          ],
          "desc": "同近"
        },
        "ukphone": "'diːs(ə)nt",
        "ukspeech": "decent&type=1",
        "star": 0,
        "phone": "'di:sənt",
        "speech": "decent",
        "relWord": {
          "rels": [
            {
              "pos": "adv",
              "words": [
                {
                  "hwd": "decently",
                  "tran": " 合适地；高雅地；正派地；亲切地"
                }
              ]
            },
            {
              "pos": "n",
              "words": [
                {
                  "hwd": "decency",
                  "tran": " 正派；体面；庄重；合乎礼仪；礼貌"
                }
              ]
            }
          ],
          "desc": "同根"
        },
        "usspeech": "decent&type=2",
        "trans": [
          {
            "tranCn": "正当的，合适的；文雅的，尚可的",
            "descOther": "英释",
            "descCn": "中释",
            "pos": "adj",
            "tranOther": "following moral standards that are acceptable to society"
          }
        ]
      }
    }
  },
  "bookId": "IELTSluan_2"
}