{
  "wordRank": 1115,
  "headWord": "coeducation",
  "content": {
    "word": {
      "wordHead": "coeducation",
      "wordId": "IELTSluan_2_1115",
      "content": {
        "sentence": {
          "sentences": [
            {
              "sContent": "It is true that a majority of faculty members voted in favor of coeducation, arguing that it would encourage more students to apply to Grove.",
              "sContent_eng": "It is true that a majority of faculty members voted in favor of <b>coeducation</b>, arguing that it would encourage more students to apply to Grove.",
              "sSpeech": "It+is+true+that+a+majority+of+faculty+members+voted+in+favor+of+coeducation%2C+arguing+that+it+would+encourage+more+students+to+apply+to+Grove.&le=eng",
              "sCn": "确实有大部分员工投票赞成男女同校，认为这会使更多的学生申请Grove。"
            },
            {
              "sContent": "Ever the innovator, Kemeny served as president of Dartmouth, 1970-81, introducing coeducation to the school in 1972 after more than two centuries of all-male enrollment.",
              "sContent_eng": "Ever the innovator, Kemeny served as president of Dartmouth, 1970-81, introducing <b>coeducation</b> to the school in 1972 after more than two centuries of all-male enrollment.",
              "sSpeech": "Ever+the+innovator%2C+Kemeny+served+as+president+of+Dartmouth%2C+1970-81%2C+introducing+coeducation+to+the+school+in+1972+after+more+than+two+centuries+of+all-male+enrollment.&le=eng",
              "sCn": "Kemeny任何时候都是改革者，他于1970-81年担任达特茅斯的校长，在两个多世纪都是男性注册入学之后，1972年在这间学校推行男女同校。"
            },
            {
              "sContent": "Laws were enacted to distinguish illegitimate children, the right for a woman to have an abortion was abolished, divorce became as difficult as ever, and coeducation was no longer offered.",
              "sContent_eng": "Laws were enacted to distinguish illegitimate children, the right for a woman to have an abortion was abolished, divorce became as difficult as ever, and <b>coeducation</b> was no longer offered.",
              "sSpeech": "Laws+were+enacted+to+distinguish+illegitimate+children%2C+the+right+for+a+woman+to+have+an+abortion+was+abolished%2C+divorce+became+as+difficult+as+ever%2C+and+coeducation+was+no+longer+offered.&le=eng",
              "sCn": "他制定了法律来区分私生子，女性堕胎的权利被剥夺了，离婚像以前一样变得困难，男女也不能同校。"
            }
          ],
          "desc": "例句"
        },
        "usphone": ",koɛdʒə'keʃən",
        "ukphone": "'kəʊ,edjuːkeɪʃən",
        "ukspeech": "coeducation&type=1",
        "star": 0,
        "phone": "'kəu,edju:keiʃən",
        "speech": "coeducation",
        "relWord": {
          "rels": [
            {
              "pos": "adj",
              "words": [
                {
                  "hwd": "coeducational",
                  "tran": " 男女合校的"
                }
              ]
            }
          ],
          "desc": "同根"
        },
        "usspeech": "coeducation&type=2",
        "trans": [
          {
            "tranCn": "男女同校",
            "descOther": "英释",
            "descCn": "中释",
            "pos": "n",
            "tranOther": "a system in which students of both sexes are educated together"
          }
        ]
      }
    }
  },
  "bookId": "IELTSluan_2"
}