{
  "wordRank": 1116,
  "headWord": "utility",
  "content": {
    "word": {
      "wordHead": "utility",
      "wordId": "IELTSluan_2_1116",
      "content": {
        "sentence": {
          "sentences": [
            {
              "sContent": "Does your rent include utilities?",
              "sCn": "你的房租包括公用事业费吗？"
            }
          ],
          "desc": "例句"
        },
        "usphone": "ju'tɪləti",
        "ukspeech": "utility&type=1",
        "star": 0,
        "usspeech": "utility&type=2",
        "syno": {
          "synos": [
            {
              "pos": "n",
              "tran": "实用；效用；公共设施；功用",
              "hwds": [
                {
                  "w": "practical use"
                },
                {
                  "w": "public facility"
                }
              ]
            },
            {
              "pos": "adj",
              "tran": "实用的；通用的；有多种用途的",
              "hwds": [
                {
                  "w": "applied"
                },
                {
                  "w": "universal"
                },
                {
                  "w": "current"
                }
              ]
            }
          ],
          "desc": "同近"
        },
        "ukphone": "juːˈtɪlɪtɪ",
        "phrase": {
          "phrases": [
            {
              "pContent": "utility model",
              "pCn": "实用新型（约十个国家法律承认的一种保护发明名称，期限五年）"
            },
            {
              "pContent": "public utility",
              "pCn": "公用设施；公用事业公司"
            },
            {
              "pContent": "utility function",
              "pCn": "效用函数；应用函数"
            },
            {
              "pContent": "utility value",
              "pCn": "实用价值，利用价值"
            },
            {
              "pContent": "utility theory",
              "pCn": "效用理论"
            },
            {
              "pContent": "marginal utility",
              "pCn": "边际效用"
            },
            {
              "pContent": "utility boiler",
              "pCn": "电站锅炉，动力锅炉；公用锅炉"
            },
            {
              "pContent": "utility system",
              "pCn": "实用系统；应用系统；公用系统"
            },
            {
              "pContent": "expected utility",
              "pCn": "期望效用"
            },
            {
              "pContent": "utility vehicle",
              "pCn": "多用途运载车"
            },
            {
              "pContent": "utility ratio",
              "pCn": "利用率；实用率"
            },
            {
              "pContent": "utility program",
              "pCn": "[计]应用程序；通用程序；实用程序"
            },
            {
              "pContent": "utility maximization",
              "pCn": "效用极大化，效用最大值；极大化"
            },
            {
              "pContent": "electric utility",
              "pCn": "电气设施；电业"
            },
            {
              "pContent": "sport utility vehicle",
              "pCn": "运动型多用途车"
            },
            {
              "pContent": "total utility",
              "pCn": "[经济]总效用；总效果"
            },
            {
              "pContent": "social utility",
              "pCn": "社会效用；社会福利事业"
            },
            {
              "pContent": "utility company",
              "pCn": "公用事业公司"
            },
            {
              "pContent": "economic utility",
              "pCn": "经济效用"
            },
            {
              "pContent": "practical utility",
              "pCn": "实用性；实用价值"
            }
          ],
          "desc": "短语"
        },
        "phone": "ju:'tiləti",
        "speech": "utility",
        "remMethod": {
          "val": " ut(用) + ility → 使用的效果如何 →功用， 效用",
          "desc": "记忆"
        },
        "relWord": {
          "rels": [
            {
              "pos": "n",
              "words": [
                {
                  "hwd": "utilitarianism",
                  "tran": " 功利主义；实用主义"
                }
              ]
            }
          ],
          "desc": "同根"
        },
        "trans": [
          {
            "tranCn": "有用，实用；公用事业(煤气，水电)",
            "descOther": "英释",
            "descCn": "中释",
            "pos": "n",
            "tranOther": "a service such as gas or electricity provided for people to use"
          }
        ]
      }
    }
  },
  "bookId": "IELTSluan_2"
}