{
  "wordRank": 1117,
  "headWord": "sterling",
  "content": {
    "word": {
      "wordHead": "sterling",
      "wordId": "IELTSluan_2_1117",
      "content": {
        "sentence": {
          "sentences": [
            {
              "sContent": "Ella has done some sterling work.",
              "sCn": "埃拉做了一些出色的工作。"
            }
          ],
          "desc": "例句"
        },
        "usphone": "'stɝlɪŋ",
        "syno": {
          "synos": [
            {
              "pos": "adj",
              "tran": "纯正的；英币的；纯银制的",
              "hwds": [
                {
                  "w": "uncorrupt"
                }
              ]
            },
            {
              "pos": "n",
              "tran": "[金融]英国货币；标准纯银",
              "hwds": [
                {
                  "w": "British dollar"
                }
              ]
            }
          ],
          "desc": "同近"
        },
        "ukphone": "'stɜːlɪŋ",
        "ukspeech": "sterling&type=1",
        "star": 0,
        "phrase": {
          "phrases": [
            {
              "pContent": "sterling silver",
              "pCn": "标准纯银，法定纯度银制成品"
            },
            {
              "pContent": "pound sterling",
              "pCn": "n. 英镑"
            }
          ],
          "desc": "短语"
        },
        "phone": "'stə:liŋ",
        "speech": "sterling",
        "usspeech": "sterling&type=2",
        "trans": [
          {
            "tranCn": "金银标准成份的，货真价实的，纯正的",
            "descCn": "中释",
            "pos": "adj"
          }
        ]
      }
    }
  },
  "bookId": "IELTSluan_2"
}