{
  "wordRank": 1118,
  "headWord": "ominous",
  "content": {
    "word": {
      "wordHead": "ominous",
      "wordId": "IELTSluan_2_1118",
      "content": {
        "sentence": {
          "sentences": [
            {
              "sContent": "‘How long will she be ill?’ he asked. There was an ominous silence.",
              "sCn": "“她的病多久会好？”他问。大家的沉默让人感觉不妙。"
            },
            {
              "sContent": "The car is making an ominous rattling sound.",
              "sCn": "汽车在发出一种不妙的咔嗒声。"
            }
          ],
          "desc": "例句"
        },
        "usphone": "'ɑmɪnəs",
        "syno": {
          "synos": [
            {
              "pos": "adj",
              "tran": "预兆的；不吉利的",
              "hwds": [
                {
                  "w": "ill"
                },
                {
                  "w": "premonitory"
                }
              ]
            }
          ],
          "desc": "同近"
        },
        "ukphone": "'ɒmɪnəs",
        "ukspeech": "ominous&type=1",
        "star": 0,
        "phone": "'ɔminəs",
        "speech": "ominous",
        "relWord": {
          "rels": [
            {
              "pos": "adv",
              "words": [
                {
                  "hwd": "ominously",
                  "tran": " 恶兆地；不吉利地"
                }
              ]
            }
          ],
          "desc": "同根"
        },
        "usspeech": "ominous&type=2",
        "trans": [
          {
            "tranCn": "不祥的，不吉利的",
            "descOther": "英释",
            "descCn": "中释",
            "pos": "adj",
            "tranOther": "making you feel that something bad is going to happen"
          }
        ]
      }
    }
  },
  "bookId": "IELTSluan_2"
}