{
  "wordRank": 1119,
  "headWord": "erect",
  "content": {
    "word": {
      "wordHead": "erect",
      "wordId": "IELTSluan_2_1119",
      "content": {
        "sentence": {
          "sentences": [
            {
              "sContent": "an imposing town hall, erected in 1892",
              "sCn": "一座气势宏伟的市政厅，建于1892年"
            },
            {
              "sContent": "Police have erected barriers across the main roads into the town.",
              "sCn": "警察在进城的主要道路上设立了路障。"
            }
          ],
          "desc": "例句"
        },
        "usphone": "ɪ'rɛkt",
        "syno": {
          "synos": [
            {
              "pos": "vt",
              "tran": "使竖立；建造；安装",
              "hwds": [
                {
                  "w": "construct"
                },
                {
                  "w": "fit"
                },
                {
                  "w": "fix"
                },
                {
                  "w": "structure"
                },
                {
                  "w": "frame"
                }
              ]
            },
            {
              "pos": "adj",
              "tran": "竖立的；笔直的；因性刺激而勃起的",
              "hwds": [
                {
                  "w": "straight"
                },
                {
                  "w": "upright"
                }
              ]
            },
            {
              "pos": "vi",
              "tran": "直立；勃起",
              "hwds": [
                {
                  "w": "to stand on end"
                },
                {
                  "w": "get it up"
                }
              ]
            }
          ],
          "desc": "同近"
        },
        "ukphone": "ɪ'rekt",
        "ukspeech": "erect&type=1",
        "star": 0,
        "phone": "i'rekt",
        "speech": "erect",
        "relWord": {
          "rels": [
            {
              "pos": "adv",
              "words": [
                {
                  "hwd": "erectly",
                  "tran": " 直立地"
                }
              ]
            },
            {
              "pos": "n",
              "words": [
                {
                  "hwd": "erection",
                  "tran": " 勃起；建造；建筑物；直立"
                }
              ]
            }
          ],
          "desc": "同根"
        },
        "usspeech": "erect&type=2",
        "trans": [
          {
            "tranCn": "建立，使竖立",
            "descOther": "英释",
            "descCn": "中释",
            "pos": "v",
            "tranOther": "to build something such as a building or wall"
          },
          {
            "tranCn": "直立的，竖直的",
            "descOther": "英释",
            "descCn": "中释",
            "pos": "adj",
            "tranOther": "in a straight upright position"
          }
        ]
      }
    }
  },
  "bookId": "IELTSluan_2"
}