{
  "wordRank": 112,
  "headWord": "sweep",
  "content": {
    "word": {
      "wordHead": "sweep",
      "wordId": "IELTSluan_2_112",
      "content": {
        "sentence": {
          "sentences": [
            {
              "sContent": "The kitchen needs a good sweep.",
              "sCn": "厨房需要好好扫一扫了。"
            }
          ],
          "desc": "例句"
        },
        "usphone": "swip",
        "syno": {
          "synos": [
            {
              "pos": "vt",
              "tran": "扫除；猛拉；掸去",
              "hwds": [
                {
                  "w": "clean off"
                },
                {
                  "w": "broom"
                }
              ]
            },
            {
              "pos": "vi",
              "tran": "扫，打扫；席卷；扫视；袭击",
              "hwds": [
                {
                  "w": "clean"
                },
                {
                  "w": "do out"
                }
              ]
            },
            {
              "pos": "n",
              "tran": "打扫，扫除；范围；全胜",
              "hwds": [
                {
                  "w": "extent"
                },
                {
                  "w": "boundary"
                },
                {
                  "w": "region"
                },
                {
                  "w": "spectrum"
                },
                {
                  "w": "territory"
                },
                {
                  "w": "area"
                }
              ]
            }
          ],
          "desc": "同近"
        },
        "ukphone": "swiːp",
        "ukspeech": "sweep&type=1",
        "star": 0,
        "phrase": {
          "phrases": [
            {
              "pContent": "sweep the floor",
              "pCn": "扫地；清洁地面；清扫地板，拖地板"
            },
            {
              "pContent": "sweep away",
              "pCn": "清除；一扫而空"
            },
            {
              "pContent": "sweep efficiency",
              "pCn": "波及系数"
            },
            {
              "pContent": "clean sweep",
              "pCn": "全胜；快速整理"
            },
            {
              "pContent": "frequency sweep",
              "pCn": "[计]频率扫描"
            },
            {
              "pContent": "sweep up",
              "pCn": "大扫除；收拾干净"
            },
            {
              "pContent": "sweep out",
              "pCn": "清除；扫除"
            },
            {
              "pContent": "sweep angle",
              "pCn": "掠角；扫描角"
            },
            {
              "pContent": "sweep down",
              "pCn": "突袭"
            },
            {
              "pContent": "sweep rate",
              "pCn": "扫描频率；扫描速度"
            }
          ],
          "desc": "短语"
        },
        "phone": "swi:p",
        "speech": "sweep",
        "relWord": {
          "rels": [
            {
              "pos": "adj",
              "words": [
                {
                  "hwd": "swept",
                  "tran": " 扫频的"
                },
                {
                  "hwd": "sweeping",
                  "tran": " 彻底的；广泛的；扫荡的"
                }
              ]
            },
            {
              "pos": "adv",
              "words": [
                {
                  "hwd": "sweepingly",
                  "tran": " 扫荡地；彻底地"
                }
              ]
            },
            {
              "pos": "n",
              "words": [
                {
                  "hwd": "sweeping",
                  "tran": " 扫除；垃圾"
                },
                {
                  "hwd": "sweeper",
                  "tran": " 清洁工；清扫夫；清扫器"
                }
              ]
            },
            {
              "pos": "v",
              "words": [
                {
                  "hwd": "swept",
                  "tran": " 扫除（sweep的过去式和过去分词）"
                },
                {
                  "hwd": "sweeping",
                  "tran": " 打扫；扫除（sweep的现在分词形式）"
                }
              ]
            }
          ],
          "desc": "同根"
        },
        "usspeech": "sweep&type=2",
        "trans": [
          {
            "tranCn": "扫，扫除；连绵区域",
            "descOther": "英释",
            "descCn": "中释",
            "pos": "n",
            "tranOther": "the act of cleaning a room with a long-handled brush"
          },
          {
            "tranCn": "扫除；掠过；连绵",
            "descOther": "英释",
            "descCn": "中释",
            "pos": "v",
            "tranOther": "if winds, waves, fire etc sweep a place or sweep through, across etc a place, they move quickly and with a lot of force"
          }
        ]
      }
    }
  },
  "bookId": "IELTSluan_2"
}