{
  "wordRank": 1120,
  "headWord": "immigrant",
  "content": {
    "word": {
      "wordHead": "immigrant",
      "wordId": "IELTSluan_2_1120",
      "content": {
        "sentence": {
          "sentences": [
            {
              "sContent": "an illegal immigrant",
              "sCn": "非法移民"
            },
            {
              "sContent": "a new wave of immigrants from the Middle East",
              "sCn": "来自中东的一股新兴的移民浪潮"
            }
          ],
          "desc": "例句"
        },
        "usphone": "'ɪmɪɡrənt",
        "ukspeech": "immigrant&type=1",
        "star": 0,
        "usspeech": "immigrant&type=2",
        "syno": {
          "synos": [
            {
              "pos": "adj",
              "tran": "移民的；迁入的",
              "hwds": [
                {
                  "w": "emigratory"
                }
              ]
            },
            {
              "pos": "n",
              "tran": "移民，侨民",
              "hwds": [
                {
                  "w": "migration"
                },
                {
                  "w": "transplantation"
                }
              ]
            }
          ],
          "desc": "同近"
        },
        "ukphone": "'ɪmɪgr(ə)nt",
        "phrase": {
          "phrases": [
            {
              "pContent": "illegal immigrant",
              "pCn": "非法移民；非法入境者"
            },
            {
              "pContent": "immigrant visa",
              "pCn": "移民签证"
            }
          ],
          "desc": "短语"
        },
        "phone": "'imiɡrənt",
        "speech": "immigrant",
        "remMethod": {
          "val": " im(向内) + migr(迁移) + ant(表人) → 向内迁移的人 → 移民； 侨民",
          "desc": "记忆"
        },
        "relWord": {
          "rels": [
            {
              "pos": "n",
              "words": [
                {
                  "hwd": "immigration",
                  "tran": " 外来移民；移居"
                }
              ]
            },
            {
              "pos": "vi",
              "words": [
                {
                  "hwd": "immigrate",
                  "tran": " 移入"
                }
              ]
            },
            {
              "pos": "vt",
              "words": [
                {
                  "hwd": "immigrate",
                  "tran": " 使移居入境"
                }
              ]
            }
          ],
          "desc": "同根"
        },
        "trans": [
          {
            "tranCn": "移民，侨民",
            "descOther": "英释",
            "descCn": "中释",
            "pos": "n",
            "tranOther": "someone who enters another country to live there permanently"
          }
        ]
      }
    }
  },
  "bookId": "IELTSluan_2"
}