{
  "wordRank": 1121,
  "headWord": "periphery",
  "content": {
    "word": {
      "wordHead": "periphery",
      "wordId": "IELTSluan_2_1121",
      "content": {
        "sentence": {
          "sentences": [
            {
              "sContent": "extremists on the periphery of the animal rights movement",
              "sCn": "处于动物权利运动边缘的极端分子"
            }
          ],
          "desc": "例句"
        },
        "usphone": "pə'rɪfəri",
        "syno": {
          "synos": [
            {
              "pos": "n",
              "tran": "外围，[地理]边缘；圆周；圆柱体表面",
              "hwds": [
                {
                  "w": "margin"
                },
                {
                  "w": "suburb"
                }
              ]
            }
          ],
          "desc": "同近"
        },
        "ukphone": "pə'rɪf(ə)rɪ",
        "ukspeech": "periphery&type=1",
        "star": 0,
        "phone": "pə'rifəri",
        "speech": "periphery",
        "remMethod": {
          "val": " peri(周围) + pher(带来) + y → 带到周围 → 不重要的部分； 外围",
          "desc": "记忆"
        },
        "relWord": {
          "rels": [
            {
              "pos": "adj",
              "words": [
                {
                  "hwd": "peripheral",
                  "tran": " 外围的；次要的"
                }
              ]
            },
            {
              "pos": "adv",
              "words": [
                {
                  "hwd": "peripherally",
                  "tran": " 周边地；外围地；次要地"
                }
              ]
            }
          ],
          "desc": "同根"
        },
        "usspeech": "periphery&type=2",
        "trans": [
          {
            "tranCn": "(圆体的)外面；周围",
            "descOther": "英释",
            "descCn": "中释",
            "pos": "n",
            "tranOther": "the edge of an area"
          }
        ]
      }
    }
  },
  "bookId": "IELTSluan_2"
}