{
  "wordRank": 1122,
  "headWord": "execute",
  "content": {
    "word": {
      "wordHead": "execute",
      "wordId": "IELTSluan_2_1122",
      "content": {
        "sentence": {
          "sentences": [
            {
              "sContent": "13 people were summarily executed (= killed without any trial or legal process ) by the guerrillas.",
              "sCn": "有13人被游击队员就地处决。"
            }
          ],
          "desc": "例句"
        },
        "usphone": "'ɛksɪkjut",
        "ukspeech": "execute&type=1",
        "star": 0,
        "usspeech": "execute&type=2",
        "syno": {
          "synos": [
            {
              "pos": "vt",
              "tran": "实行；执行；处死",
              "hwds": [
                {
                  "w": "perform"
                },
                {
                  "w": "implement"
                },
                {
                  "w": "enforce"
                }
              ]
            }
          ],
          "desc": "同近"
        },
        "ukphone": "'eksɪkjuːt",
        "phrase": {
          "phrases": [
            {
              "pContent": "execute plan",
              "pCn": "执行计划"
            }
          ],
          "desc": "短语"
        },
        "phone": "'eksikju:t",
        "speech": "execute",
        "remMethod": {
          "val": " ex(表加强) + ecut(追踪) + e → 加强追踪 → 实施， 执行",
          "desc": "记忆"
        },
        "relWord": {
          "rels": [
            {
              "pos": "adj",
              "words": [
                {
                  "hwd": "executive",
                  "tran": " 行政的；经营的；执行的，经营管理的"
                },
                {
                  "hwd": "executed",
                  "tran": " 已执行的；已生效的"
                },
                {
                  "hwd": "executable",
                  "tran": " 可执行的；可实行的"
                },
                {
                  "hwd": "executory",
                  "tran": " 实施中的，未生效的"
                },
                {
                  "hwd": "executorial",
                  "tran": " 遗嘱执行人的"
                }
              ]
            },
            {
              "pos": "n",
              "words": [
                {
                  "hwd": "executive",
                  "tran": " 经理；执行委员会；执行者；经理主管人员"
                },
                {
                  "hwd": "execution",
                  "tran": " 执行，实行；完成；死刑"
                },
                {
                  "hwd": "executor",
                  "tran": " 执行者；[法] 遗嘱执行人"
                },
                {
                  "hwd": "executioner",
                  "tran": " 刽子手，死刑执行人"
                },
                {
                  "hwd": "executant",
                  "tran": " 执行者；演奏者；实行者"
                }
              ]
            },
            {
              "pos": "v",
              "words": [
                {
                  "hwd": "executed",
                  "tran": " 履行（execute的过去分词）"
                }
              ]
            }
          ],
          "desc": "同根"
        },
        "trans": [
          {
            "tranCn": "实行，贯彻，实施；处死；演奏",
            "descOther": "英释",
            "descCn": "中释",
            "pos": "v",
            "tranOther": "to kill someone, especially legally as a punishment"
          }
        ]
      }
    }
  },
  "bookId": "IELTSluan_2"
}