{
  "wordRank": 1123,
  "headWord": "arbitrary",
  "content": {
    "word": {
      "wordHead": "arbitrary",
      "wordId": "IELTSluan_2_1123",
      "content": {
        "sentence": {
          "sentences": [
            {
              "sContent": "an arbitrary decision",
              "sCn": "武断的决定"
            },
            {
              "sContent": "the arbitrary arrests of political opponents",
              "sCn": "对政敌的任意逮捕"
            }
          ],
          "desc": "例句"
        },
        "usphone": "ˈɑːrbətreri",
        "syno": {
          "synos": [
            {
              "pos": "adj",
              "tran": "[数]任意的；武断的；专制的",
              "hwds": [
                {
                  "w": "artificial"
                },
                {
                  "w": "random"
                },
                {
                  "w": "absolute"
                }
              ]
            }
          ],
          "desc": "同近"
        },
        "ukphone": "'ɑːbɪt(rə)rɪ",
        "ukspeech": "arbitrary&type=1",
        "star": 0,
        "phrase": {
          "phrases": [
            {
              "pContent": "arbitrary function",
              "pCn": "随意函数；任意函数"
            },
            {
              "pContent": "arbitrary value",
              "pCn": "任意值"
            }
          ],
          "desc": "短语"
        },
        "phone": "'ɑ:bitrəri",
        "speech": "arbitrary",
        "relWord": {
          "rels": [
            {
              "pos": "adv",
              "words": [
                {
                  "hwd": "arbitrarily",
                  "tran": " 武断地；反复无常地；专横地"
                }
              ]
            },
            {
              "pos": "n",
              "words": [
                {
                  "hwd": "arbitrariness",
                  "tran": " 任意，恣意；专断；霸道"
                }
              ]
            }
          ],
          "desc": "同根"
        },
        "usspeech": "arbitrary&type=2",
        "trans": [
          {
            "tranCn": "任性的，专断的",
            "descOther": "英释",
            "descCn": "中释",
            "pos": "adj",
            "tranOther": "decided or arranged without any reason or plan, often unfairly"
          }
        ]
      }
    }
  },
  "bookId": "IELTSluan_2"
}