{
  "wordRank": 1124,
  "headWord": "good",
  "content": {
    "word": {
      "wordHead": "good",
      "wordId": "IELTSluan_2_1124",
      "content": {
        "sentence": {
          "sentences": [
            {
              "sContent": "Stay away from Jerry – he’s no good.",
              "sCn": "离杰里远点——他不是什么好东西。"
            }
          ],
          "desc": "例句"
        },
        "usphone": "ɡʊd",
        "syno": {
          "synos": [
            {
              "pos": "adj",
              "tran": "好的；优良的；愉快的；虔诚的",
              "hwds": [
                {
                  "w": "fine"
                },
                {
                  "w": "Ok"
                },
                {
                  "w": "great"
                },
                {
                  "w": "religious"
                },
                {
                  "w": "bright"
                }
              ]
            },
            {
              "pos": "n",
              "tran": "好处；善行；慷慨的行为",
              "hwds": [
                {
                  "w": "benefit"
                },
                {
                  "w": "plus"
                },
                {
                  "w": "mercy"
                }
              ]
            },
            {
              "pos": "adv",
              "tran": "好",
              "hwds": [
                {
                  "w": "okey"
                }
              ]
            }
          ],
          "desc": "同近"
        },
        "ukphone": "gʊd",
        "ukspeech": "good&type=1",
        "star": 0,
        "phrase": {
          "phrases": [
            {
              "pContent": "good at",
              "pCn": "善于"
            },
            {
              "pContent": "good and",
              "pCn": "完全，非常"
            },
            {
              "pContent": "good for",
              "pCn": "有效的；会产生；有支付…能力的"
            },
            {
              "pContent": "good quality",
              "pCn": "良好品质，高品质；好质量"
            },
            {
              "pContent": "no good",
              "pCn": "很糟，没有用"
            },
            {
              "pContent": "make good",
              "pCn": "成功；赔偿；补偿"
            },
            {
              "pContent": "as good as",
              "pCn": "和…几乎一样，实际上等于…"
            },
            {
              "pContent": "do good",
              "pCn": "对……有好处；有用处"
            },
            {
              "pContent": "feel good",
              "pCn": "感觉舒服，感觉良好"
            },
            {
              "pContent": "good reputation",
              "pCn": "良好声誉"
            },
            {
              "pContent": "good news",
              "pCn": "好消息；福音；喜讯；福音"
            },
            {
              "pContent": "good job",
              "pCn": "好运；幸运的事情；干的不错"
            },
            {
              "pContent": "good idea",
              "pCn": "好主意，好想法；妙计"
            },
            {
              "pContent": "good morning",
              "pCn": "int. 早安，早上好"
            },
            {
              "pContent": "good performance",
              "pCn": "良好的性能；良好绩效"
            },
            {
              "pContent": "good friend",
              "pCn": "好朋友，挚友"
            },
            {
              "pContent": "good health",
              "pCn": "身体健康"
            },
            {
              "pContent": "good time",
              "pCn": "好时机；繁荣时期"
            },
            {
              "pContent": "good service",
              "pCn": "好的服务；合法发球"
            },
            {
              "pContent": "for good",
              "pCn": "永久地；一劳永逸地"
            }
          ],
          "desc": "短语"
        },
        "speech": "Good",
        "relWord": {
          "rels": [
            {
              "pos": "adj",
              "words": [
                {
                  "hwd": "goody",
                  "tran": " 感伤的；伪善的；假正经的"
                },
                {
                  "hwd": "goodly",
                  "tran": " 漂亮的；优秀的；相当多的"
                },
                {
                  "hwd": "goodish",
                  "tran": " 相当好的；颇的"
                }
              ]
            },
            {
              "pos": "int",
              "words": [
                {
                  "hwd": "goody",
                  "tran": " 太好啦"
                }
              ]
            },
            {
              "pos": "n",
              "words": [
                {
                  "hwd": "goody",
                  "tran": " 糖果；身份低微之老妇；吸引人的东西；伪君子"
                }
              ]
            }
          ],
          "desc": "同根"
        },
        "usspeech": "good&type=2",
        "trans": [
          {
            "tranCn": "好的，好事",
            "descOther": "英释",
            "descCn": "中释",
            "pos": "a &n",
            "tranOther": "morally bad"
          }
        ]
      }
    }
  },
  "bookId": "IELTSluan_2"
}