{
  "wordRank": 1125,
  "headWord": "interact",
  "content": {
    "word": {
      "wordHead": "interact",
      "wordId": "IELTSluan_2_1125",
      "content": {
        "usphone": ",ɪntɚ'ækt",
        "syno": {
          "synos": [
            {
              "pos": "n",
              "tran": "幕间剧；幕间休息",
              "hwds": [
                {
                  "w": "entr'acte"
                }
              ]
            }
          ],
          "desc": "同近"
        },
        "ukphone": "ɪntər'ækt",
        "ukspeech": "interact&type=1",
        "star": 0,
        "phrase": {
          "phrases": [
            {
              "pContent": "interact with",
              "pCn": "与……相互作用"
            },
            {
              "pContent": "interact on",
              "pCn": "作用；影响；制约"
            }
          ],
          "desc": "短语"
        },
        "phone": ",intə'rækt",
        "speech": "interact",
        "remMethod": {
          "val": " inter(在…之间) + act(行动) → 相互之间有行动 → 相互作用",
          "desc": "记忆"
        },
        "relWord": {
          "rels": [
            {
              "pos": "adj",
              "words": [
                {
                  "hwd": "interactive",
                  "tran": " 交互式的；相互作用的"
                },
                {
                  "hwd": "interactional",
                  "tran": " 相互作用的"
                }
              ]
            },
            {
              "pos": "n",
              "words": [
                {
                  "hwd": "interaction",
                  "tran": " 相互作用；[数] 交互作用"
                }
              ]
            }
          ],
          "desc": "同根"
        },
        "usspeech": "interact&type=2",
        "trans": [
          {
            "tranCn": "干预，干涉，触犯，妨碍",
            "descCn": "中释",
            "pos": "v"
          }
        ]
      }
    }
  },
  "bookId": "IELTSluan_2"
}