{
  "wordRank": 1126,
  "headWord": "spectacular",
  "content": {
    "word": {
      "wordHead": "spectacular",
      "wordId": "IELTSluan_2_1126",
      "content": {
        "sentence": {
          "sentences": [
            {
              "sContent": "a mountainous area with spectacular scenery",
              "sCn": "景色壮丽的山区"
            },
            {
              "sContent": "a spectacular success",
              "sCn": "辉煌的成就"
            }
          ],
          "desc": "例句"
        },
        "usphone": "spɛk'tækjəlɚ",
        "syno": {
          "synos": [
            {
              "pos": "adj",
              "tran": "壮观的，惊人的；公开展示的",
              "hwds": [
                {
                  "w": "tremendous"
                },
                {
                  "w": "incredible"
                }
              ]
            }
          ],
          "desc": "同近"
        },
        "ukphone": "spek'tækjʊlə",
        "ukspeech": "spectacular&type=1",
        "star": 0,
        "phone": "spek'tækjulə",
        "speech": "spectacular",
        "relWord": {
          "rels": [
            {
              "pos": "adv",
              "words": [
                {
                  "hwd": "spectacularly",
                  "tran": " 壮观地；引人注目地"
                }
              ]
            }
          ],
          "desc": "同根"
        },
        "usspeech": "spectacular&type=2",
        "trans": [
          {
            "tranCn": "壮观的",
            "descOther": "英释",
            "descCn": "中释",
            "pos": "adj",
            "tranOther": "very impressive"
          }
        ]
      }
    }
  },
  "bookId": "IELTSluan_2"
}