{
  "wordRank": 1127,
  "headWord": "layman",
  "content": {
    "word": {
      "wordHead": "layman",
      "wordId": "IELTSluan_2_1127",
      "content": {
        "sentence": {
          "sentences": [
            {
              "sContent": "To the layman (= laymen in general ) all these plants look pretty similar.",
              "sCn": "对外行的人来说，这些植物看起来都很相似。"
            },
            {
              "sContent": "If you don’t understand what the doctor says, ask to have it explained in layman’s terms (= in simple language ).",
              "sCn": "如果你听不懂医生的话，就请他用通俗易懂的语言来解释一下。"
            }
          ],
          "desc": "例句"
        },
        "usphone": "'lemən",
        "syno": {
          "synos": [
            {
              "pos": "n",
              "tran": "外行；门外汉；俗人；一般信徒",
              "hwds": [
                {
                  "w": "layperson"
                },
                {
                  "w": "lay people"
                }
              ]
            }
          ],
          "desc": "同近"
        },
        "ukphone": "'leɪmən",
        "ukspeech": "layman&type=1",
        "star": 0,
        "phone": "'leimən",
        "speech": "layman",
        "relWord": {
          "rels": [
            {
              "pos": "adj",
              "words": [
                {
                  "hwd": "lay",
                  "tran": " 世俗的；外行的"
                }
              ]
            },
            {
              "pos": "n",
              "words": [
                {
                  "hwd": "lay",
                  "tran": " 位置；短诗；花纹方向"
                }
              ]
            },
            {
              "pos": "v",
              "words": [
                {
                  "hwd": "lay",
                  "tran": " 躺；位于（lie的过去式）"
                }
              ]
            },
            {
              "pos": "vi",
              "words": [
                {
                  "hwd": "lay",
                  "tran": " 下蛋；打赌"
                }
              ]
            },
            {
              "pos": "vt",
              "words": [
                {
                  "hwd": "lay",
                  "tran": " 躺下；产卵；搁放"
                }
              ]
            }
          ],
          "desc": "同根"
        },
        "usspeech": "layman&type=2",
        "trans": [
          {
            "tranCn": "俗人，外行，门外汉",
            "descOther": "英释",
            "descCn": "中释",
            "pos": "n",
            "tranOther": "someone who is not trained in a particular subject or type of work, especially when they are being compared with someone who is"
          }
        ]
      }
    }
  },
  "bookId": "IELTSluan_2"
}