{
  "wordRank": 1128,
  "headWord": "rust",
  "content": {
    "word": {
      "wordHead": "rust",
      "wordId": "IELTSluan_2_1128",
      "content": {
        "sentence": {
          "sentences": [
            {
              "sContent": "There were large patches of rust on the car.",
              "sCn": "车上有大片锈斑。"
            }
          ],
          "desc": "例句"
        },
        "usphone": "rʌst",
        "syno": {
          "synos": [
            {
              "pos": "n",
              "tran": "[材][化工]锈；生锈；[植保]锈病",
              "hwds": [
                {
                  "w": "patination"
                }
              ]
            },
            {
              "pos": "vt",
              "tran": "使生锈；腐蚀",
              "hwds": [
                {
                  "w": "eat"
                },
                {
                  "w": "cauterize"
                }
              ]
            },
            {
              "pos": "vi",
              "tran": "生锈；成铁锈色；变迟钝",
              "hwds": [
                {
                  "w": "dull"
                }
              ]
            }
          ],
          "desc": "同近"
        },
        "ukphone": "rʌst",
        "ukspeech": "rust&type=1",
        "star": 0,
        "phrase": {
          "phrases": [
            {
              "pContent": "rust prevention",
              "pCn": "防锈处理"
            },
            {
              "pContent": "rust preventive",
              "pCn": "防锈剂"
            },
            {
              "pContent": "rust removal",
              "pCn": "除锈；除锈器"
            },
            {
              "pContent": "rust resistance",
              "pCn": "抗锈蚀性；耐锈蚀性；耐锈蚀能力"
            },
            {
              "pContent": "rust remover",
              "pCn": "除锈剂"
            },
            {
              "pContent": "rust belt",
              "pCn": "铁锈地带（指从前工业繁盛今已衰落的发达国家一些地区）"
            },
            {
              "pContent": "rust inhibitor",
              "pCn": "防锈剂；抗腐蚀添加剂"
            },
            {
              "pContent": "stem rust",
              "pCn": "杆锈；茎锈病"
            },
            {
              "pContent": "rust protection",
              "pCn": "防锈，抗锈"
            },
            {
              "pContent": "white rust",
              "pCn": "[植物病理]白锈病"
            },
            {
              "pContent": "red rust",
              "pCn": "赤锈病；烟叶斑点病"
            },
            {
              "pContent": "rust free",
              "pCn": "不锈的；未生锈的"
            }
          ],
          "desc": "短语"
        },
        "phone": "rʌst",
        "speech": "rust",
        "relWord": {
          "rels": [
            {
              "pos": "adj",
              "words": [
                {
                  "hwd": "rusty",
                  "tran": " 生锈的，腐蚀的；铁锈色的，锈色的；迟钝的"
                },
                {
                  "hwd": "rusted",
                  "tran": " 锈的"
                },
                {
                  "hwd": "rusting",
                  "tran": " 生锈的"
                },
                {
                  "hwd": "rustless",
                  "tran": " 不生锈的；无锈的"
                }
              ]
            },
            {
              "pos": "n",
              "words": [
                {
                  "hwd": "rusting",
                  "tran": " 生锈；锈蚀"
                },
                {
                  "hwd": "rustiness",
                  "tran": " 生锈；声音嘶哑"
                }
              ]
            },
            {
              "pos": "v",
              "words": [
                {
                  "hwd": "rusted",
                  "tran": " 生锈（rust的过去式和过去分词）；迟钝"
                },
                {
                  "hwd": "rusting",
                  "tran": " 生锈（rust的ing形式）"
                }
              ]
            }
          ],
          "desc": "同根"
        },
        "usspeech": "rust&type=2",
        "trans": [
          {
            "tranCn": "锈，生锈；荒废",
            "descOther": "英释",
            "descCn": "中释",
            "pos": "n&v",
            "tranOther": "the reddish-brown substance that forms on iron or steel when it gets wet"
          }
        ]
      }
    }
  },
  "bookId": "IELTSluan_2"
}