{
  "wordRank": 1129,
  "headWord": "elderly",
  "content": {
    "word": {
      "wordHead": "elderly",
      "wordId": "IELTSluan_2_1129",
      "content": {
        "sentence": {
          "sentences": [
            {
              "sContent": "a retirement village for the elderly",
              "sCn": "供老人退休后居住的村子"
            }
          ],
          "desc": "例句"
        },
        "usphone": "'ɛldɚli",
        "syno": {
          "synos": [
            {
              "pos": "adj",
              "tran": "上了年纪的；过了中年的；稍老的",
              "hwds": [
                {
                  "w": "oldish"
                }
              ]
            }
          ],
          "desc": "同近"
        },
        "ukphone": "'eldəlɪ",
        "ukspeech": "elderly&type=1",
        "star": 0,
        "phrase": {
          "phrases": [
            {
              "pContent": "elderly persons priority scheme",
              "pCn": "共享颐年优先配屋计划"
            }
          ],
          "desc": "短语"
        },
        "phone": "'eldəli",
        "speech": "elderly",
        "relWord": {
          "rels": [
            {
              "pos": "adj",
              "words": [
                {
                  "hwd": "elder",
                  "tran": " 年长的；年龄较大的；资格老的"
                }
              ]
            },
            {
              "pos": "n",
              "words": [
                {
                  "hwd": "elder",
                  "tran": " 老人；长辈；年长者；父辈"
                }
              ]
            }
          ],
          "desc": "同根"
        },
        "usspeech": "elderly&type=2",
        "trans": [
          {
            "tranCn": "年纪相当大的",
            "descOther": "英释",
            "descCn": "中释",
            "pos": "adj",
            "tranOther": "people who are old"
          }
        ]
      }
    }
  },
  "bookId": "IELTSluan_2"
}