{
  "wordRank": 113,
  "headWord": "odor",
  "content": {
    "word": {
      "wordHead": "odor",
      "wordId": "IELTSluan_2_113",
      "content": {
        "sentence": {
          "sentences": [
            {
              "sContent": "The researchers demonstrate that it is possible to generate odor in a compact device that can fit on the back of a TV with potentially thousands of odors.",
              "sContent_eng": "The researchers demonstrate that it is possible to generate <b>odor</b> in a compact device that can fit on the back of a TV with potentially thousands of odors.",
              "sSpeech": "The+researchers+demonstrate+that+it+is+possible+to+generate+odor+in+a+compact+device+that+can+fit+on+the+back+of+a+TV+with+potentially+thousands+of+odors.&le=eng",
              "sCn": "研究员表示，将一个可以散发上千种气味的小型设备安装在电视背后，从而实现电视(根据情景)生成气味是可能的。"
            }
          ],
          "desc": "例句"
        },
        "usphone": "'oʊdə",
        "syno": {
          "synos": [
            {
              "pos": "n",
              "tran": "气味；名声",
              "hwds": [
                {
                  "w": "smell"
                },
                {
                  "w": "wind"
                },
                {
                  "w": "fame"
                }
              ]
            }
          ],
          "desc": "同近"
        },
        "ukphone": "'əʊdə",
        "ukspeech": "odor&type=1",
        "star": 0,
        "phrase": {
          "phrases": [
            {
              "pContent": "body odor",
              "pCn": "n. 体臭"
            },
            {
              "pContent": "odor control",
              "pCn": "臭气控制，气味控制；四氟化硅处理"
            },
            {
              "pContent": "pungent odor",
              "pCn": "刺激气味"
            }
          ],
          "desc": "短语"
        },
        "phone": "'əudə",
        "speech": "odor",
        "relWord": {
          "rels": [
            {
              "pos": "adj",
              "words": [
                {
                  "hwd": "odorless",
                  "tran": " 没有气味的"
                },
                {
                  "hwd": "odorous",
                  "tran": " 香的；有气味的；难闻的"
                },
                {
                  "hwd": "odoriferous",
                  "tran": " 臭的，散发气味的；芬芳的"
                }
              ]
            },
            {
              "pos": "vt",
              "words": [
                {
                  "hwd": "odorize",
                  "tran": " 洒香水于；给…添味，给…加臭味"
                }
              ]
            }
          ],
          "desc": "同根"
        },
        "usspeech": "odor&type=2",
        "trans": [
          {
            "tranCn": "气味，香气；臭气",
            "descCn": "中释",
            "pos": "n"
          }
        ]
      }
    }
  },
  "bookId": "IELTSluan_2"
}