{
  "wordRank": 1130,
  "headWord": "prolong",
  "content": {
    "word": {
      "wordHead": "prolong",
      "wordId": "IELTSluan_2_1130",
      "content": {
        "sentence": {
          "sentences": [
            {
              "sContent": "I was trying to think of some way to prolong the conversation.",
              "sCn": "我在想方设法拖长这次谈话。"
            }
          ],
          "desc": "例句"
        },
        "usphone": "prəˈlɑːŋ",
        "syno": {
          "synos": [
            {
              "pos": "vt",
              "tran": "延长；拖延",
              "hwds": [
                {
                  "w": "drag on"
                },
                {
                  "w": "drag out"
                }
              ]
            }
          ],
          "desc": "同近"
        },
        "ukphone": "prə'lɒŋ",
        "ukspeech": "prolong&type=1",
        "star": 0,
        "phone": "prə'lɔŋ, 'lɔ:ŋ",
        "speech": "prolong",
        "relWord": {
          "rels": [
            {
              "pos": "adj",
              "words": [
                {
                  "hwd": "prolonged",
                  "tran": " 延长的；拖延的；持续很久的"
                }
              ]
            },
            {
              "pos": "n",
              "words": [
                {
                  "hwd": "prolongation",
                  "tran": " 延伸；延长部分；[经] 延期"
                }
              ]
            }
          ],
          "desc": "同根"
        },
        "usspeech": "prolong&type=2",
        "trans": [
          {
            "tranCn": "延长，拖延",
            "descOther": "英释",
            "descCn": "中释",
            "pos": "v",
            "tranOther": "to deliberately make something such as a feeling or an activity last longer"
          }
        ]
      }
    }
  },
  "bookId": "IELTSluan_2"
}