{
  "wordRank": 1131,
  "headWord": "whereby",
  "content": {
    "word": {
      "wordHead": "whereby",
      "wordId": "IELTSluan_2_1131",
      "content": {
        "sentence": {
          "sentences": [
            {
              "sContent": "a proposal whereby EU citizens would be allowed to reside anywhere in the EU",
              "sCn": "允许欧盟公民在欧盟任何地方居住的一项提议"
            }
          ],
          "desc": "例句"
        },
        "usphone": "wɛr'bai",
        "ukphone": "weə'baɪ",
        "ukspeech": "whereby&type=1",
        "star": 0,
        "usspeech": "whereby&type=2",
        "trans": [
          {
            "tranCn": "凭什么，靠那个，借以",
            "descOther": "英释",
            "descCn": "中释",
            "pos": "adv",
            "tranOther": "by means of which or according to which"
          }
        ]
      }
    }
  },
  "bookId": "IELTSluan_2"
}