{
  "wordRank": 1132,
  "headWord": "jog",
  "content": {
    "word": {
      "wordHead": "jog",
      "wordId": "IELTSluan_2_1132",
      "content": {
        "sentence": {
          "sentences": [
            {
              "sContent": "I go jogging every morning.",
              "sCn": "我每天早晨都去慢跑。"
            }
          ],
          "desc": "例句"
        },
        "usphone": "dʒɑɡ",
        "syno": {
          "synos": [
            {
              "pos": "vt",
              "tran": "慢跑；轻推；蹒跚行进；使颠簸",
              "hwds": [
                {
                  "w": "surge"
                }
              ]
            },
            {
              "pos": "vi",
              "tran": "慢跑；轻推；蹒跚行进；颠簸着移动",
              "hwds": [
                {
                  "w": "canter"
                }
              ]
            },
            {
              "pos": "n",
              "tran": "慢跑；轻推，轻撞",
              "hwds": [
                {
                  "w": "dogging"
                },
                {
                  "w": "trot"
                }
              ]
            }
          ],
          "desc": "同近"
        },
        "ukphone": "dʒɒg",
        "ukspeech": "jog&type=1",
        "star": 0,
        "phone": "dʒɔɡ",
        "speech": "jog",
        "relWord": {
          "rels": [
            {
              "pos": "n",
              "words": [
                {
                  "hwd": "jogging",
                  "tran": " 慢跑"
                },
                {
                  "hwd": "jogger",
                  "tran": " 慢跑者；[印刷] 撞纸机"
                }
              ]
            },
            {
              "pos": "v",
              "words": [
                {
                  "hwd": "jogging",
                  "tran": " 慢跑（jog的ing形式）；轻推；唤起"
                }
              ]
            }
          ],
          "desc": "同根"
        },
        "usspeech": "jog&type=2",
        "trans": [
          {
            "tranCn": "轻推，轻撞，缓步前进，漫跑",
            "descOther": "英释",
            "descCn": "中释",
            "pos": "v&n",
            "tranOther": "to run slowly and steadily, especially as a way of exercising"
          }
        ]
      }
    }
  },
  "bookId": "IELTSluan_2"
}