{
  "wordRank": 1133,
  "headWord": "persist",
  "content": {
    "word": {
      "wordHead": "persist",
      "wordId": "IELTSluan_2_1133",
      "content": {
        "sentence": {
          "sentences": [
            {
              "sContent": "‘I don’t think it’s right,’ John persisted.",
              "sCn": "“我认为那不对。”约翰坚持说道。"
            }
          ],
          "desc": "例句"
        },
        "usphone": "pɚ'sɪst",
        "ukspeech": "persist&type=1",
        "star": 0,
        "usspeech": "persist&type=2",
        "syno": {
          "synos": [
            {
              "pos": "vi",
              "tran": "存留，坚持；持续，固执",
              "hwds": [
                {
                  "w": "stay"
                },
                {
                  "w": "abide"
                }
              ]
            },
            {
              "pos": "vt",
              "tran": "坚持说，反复说",
              "hwds": [
                {
                  "w": "iterate"
                }
              ]
            }
          ],
          "desc": "同近"
        },
        "ukphone": "pə'sɪst",
        "phrase": {
          "phrases": [
            {
              "pContent": "persist in",
              "pCn": "坚持；固执于"
            }
          ],
          "desc": "短语"
        },
        "phone": "pə'sist, -'zist",
        "speech": "persist",
        "remMethod": {
          "val": " per(自始至终) + sist(坐) → 始终坐着 → 坚持； 持续",
          "desc": "记忆"
        },
        "relWord": {
          "rels": [
            {
              "pos": "adj",
              "words": [
                {
                  "hwd": "persistent",
                  "tran": " 固执的，坚持的；持久稳固的"
                }
              ]
            },
            {
              "pos": "adv",
              "words": [
                {
                  "hwd": "persistently",
                  "tran": " 坚持地；固执地"
                }
              ]
            },
            {
              "pos": "n",
              "words": [
                {
                  "hwd": "perseverance",
                  "tran": " 坚持不懈；不屈不挠"
                },
                {
                  "hwd": "persistence",
                  "tran": " 持续；固执；存留"
                },
                {
                  "hwd": "perseveration",
                  "tran": " 持续言语（指言语反复不止的病态）；持续重复的行为；执拗"
                }
              ]
            },
            {
              "pos": "vi",
              "words": [
                {
                  "hwd": "perseverate",
                  "tran": " 患持续言语症；表现固执"
                }
              ]
            }
          ],
          "desc": "同根"
        },
        "trans": [
          {
            "tranCn": "坚持；持续",
            "descOther": "英释",
            "descCn": "中释",
            "pos": "v",
            "tranOther": "to continue to do something, although this is difficult, or other people oppose it"
          }
        ]
      }
    }
  },
  "bookId": "IELTSluan_2"
}