{
  "wordRank": 1134,
  "headWord": "settle",
  "content": {
    "word": {
      "wordHead": "settle",
      "wordId": "IELTSluan_2_1134",
      "content": {
        "sentence": {
          "sentences": [
            {
              "sContent": "We hope the factions will be able to settle their differences (= agree to stop arguing ) by peaceful means.",
              "sCn": "我们希望各派系能以和平方式解决分歧。"
            },
            {
              "sContent": "Forensic tests should settle the question of whether Bates was actually present at the scene of the crime.",
              "sCn": "法医检验应该能够解决贝茨是否在犯罪现场的问题。"
            },
            {
              "sContent": "They might be willing to settle out of court (= come to an agreement without going to a court of law ) .",
              "sCn": "他们或许会愿意庭外和解。"
            }
          ],
          "desc": "例句"
        },
        "usphone": "'sɛtl",
        "ukspeech": "settle&type=1",
        "star": 0,
        "usspeech": "settle&type=2",
        "syno": {
          "synos": [
            {
              "pos": "vi",
              "tran": "解决；定居；沉淀；下陷",
              "hwds": [
                {
                  "w": "deposit"
                },
                {
                  "w": "beach"
                },
                {
                  "w": "work out"
                },
                {
                  "w": "figure out"
                }
              ]
            },
            {
              "pos": "vt",
              "tran": "解决；安排；使…定居",
              "hwds": [
                {
                  "w": "decide"
                },
                {
                  "w": "schedule"
                },
                {
                  "w": "budget"
                },
                {
                  "w": "place in"
                },
                {
                  "w": "work out"
                }
              ]
            }
          ],
          "desc": "同近"
        },
        "ukphone": "'set(ə)l",
        "phrase": {
          "phrases": [
            {
              "pContent": "settle down",
              "pCn": "定居；安定下来；专心于"
            },
            {
              "pContent": "settle in",
              "pCn": "v. 迁入"
            },
            {
              "pContent": "settle for",
              "pCn": "满足于"
            },
            {
              "pContent": "settle on",
              "pCn": "选定；授与；停在"
            },
            {
              "pContent": "settle into",
              "pCn": "习惯于..."
            },
            {
              "pContent": "settle with",
              "pCn": "与…清算；和…和解"
            },
            {
              "pContent": "settle up",
              "pCn": "付清；了结；结帐"
            },
            {
              "pContent": "settle an account",
              "pCn": "结算"
            },
            {
              "pContent": "settle dispute",
              "pCn": "解决争端；解决争议"
            },
            {
              "pContent": "settle account",
              "pCn": "结帐"
            }
          ],
          "desc": "短语"
        },
        "phone": "'setl",
        "speech": "settle",
        "remMethod": {
          "val": " set(放置) + tle → 放置在一个地方就好像定居了下来 → 定居， 安家",
          "desc": "记忆"
        },
        "relWord": {
          "rels": [
            {
              "pos": "adj",
              "words": [
                {
                  "hwd": "settled",
                  "tran": " 稳定的；固定的"
                }
              ]
            },
            {
              "pos": "n",
              "words": [
                {
                  "hwd": "settlement",
                  "tran": " 解决，处理；[会计] 结算；沉降；殖民"
                },
                {
                  "hwd": "settler",
                  "tran": " 移居者；殖民者"
                },
                {
                  "hwd": "settling",
                  "tran": " 安置；固定；沉淀物；移居"
                }
              ]
            },
            {
              "pos": "v",
              "words": [
                {
                  "hwd": "settled",
                  "tran": " 解决；定居（settle的过去分词）"
                },
                {
                  "hwd": "settling",
                  "tran": " 解决；安居（settle的ing形式）"
                }
              ]
            }
          ],
          "desc": "同根"
        },
        "trans": [
          {
            "tranCn": "定居，停留；解决；支付",
            "descOther": "英释",
            "descCn": "中释",
            "pos": "v",
            "tranOther": "to end an argument or solve a disagreement"
          }
        ]
      }
    }
  },
  "bookId": "IELTSluan_2"
}