{
  "wordRank": 1135,
  "headWord": "hawk",
  "content": {
    "word": {
      "wordHead": "hawk",
      "wordId": "IELTSluan_2_1135",
      "content": {
        "usphone": "hɔk",
        "syno": {
          "synos": [
            {
              "pos": "vt",
              "tran": "兜售，沿街叫卖；捕捉；咳出",
              "hwds": [
                {
                  "w": "tout"
                },
                {
                  "w": "cough up"
                }
              ]
            },
            {
              "pos": "vi",
              "tran": "清嗓；咳嗽；像鹰一般地袭击",
              "hwds": [
                {
                  "w": "have a cough"
                }
              ]
            },
            {
              "pos": "n",
              "tran": "[鸟]鹰；鹰派成员；掠夺他人的人",
              "hwds": [
                {
                  "w": "eagle"
                }
              ]
            }
          ],
          "desc": "同近"
        },
        "ukphone": "hɔːk",
        "ukspeech": "hawk&type=1",
        "star": 0,
        "phrase": {
          "phrases": [
            {
              "pContent": "black hawk",
              "pCn": "黑鹰直升机（80年代美军主力通用直升机）"
            },
            {
              "pContent": "kitty hawk",
              "pCn": "小鹰号航空母舰 （战斗群） （美）；基蒂霍克（美国北卡罗莱纳州一小村庄）"
            },
            {
              "pContent": "black hawk down",
              "pCn": "黑鹰降落（电影名称）"
            },
            {
              "pContent": "sparrow hawk",
              "pCn": "食雀鹰；鹞"
            }
          ],
          "desc": "短语"
        },
        "phone": "hɔ:k",
        "speech": "hawk",
        "remMethod": {
          "val": " “好客” → 好客的主人硬要送给客人一只鹰 → 鹰",
          "desc": "记忆"
        },
        "relWord": {
          "rels": [
            {
              "pos": "adj",
              "words": [
                {
                  "hwd": "hawkish",
                  "tran": " 鹰派的；强硬派的"
                }
              ]
            },
            {
              "pos": "n",
              "words": [
                {
                  "hwd": "hawker",
                  "tran": " 叫卖小贩；饲鹰者"
                },
                {
                  "hwd": "hawking",
                  "tran": " 利用鹰行猎"
                }
              ]
            },
            {
              "pos": "v",
              "words": [
                {
                  "hwd": "hawking",
                  "tran": " 袭击；翱翔；攫取（hawk的现在分词）"
                }
              ]
            }
          ],
          "desc": "同根"
        },
        "usspeech": "hawk&type=2",
        "trans": [
          {
            "tranCn": "鹰，骗子；鹰派成员",
            "descOther": "英释",
            "descCn": "中释",
            "pos": "n",
            "tranOther": "a large bird that hunts and eats small birds and animals"
          }
        ]
      }
    }
  },
  "bookId": "IELTSluan_2"
}