{
  "wordRank": 1136,
  "headWord": "heritage",
  "content": {
    "word": {
      "wordHead": "heritage",
      "wordId": "IELTSluan_2_1136",
      "content": {
        "sentence": {
          "sentences": [
            {
              "sContent": "the importance of preserving the national heritage",
              "sCn": "保护民族遗产的重要性"
            },
            {
              "sContent": "beautiful old buildings which are part of our heritage",
              "sCn": "属于我们遗产一部分的漂亮古建筑"
            }
          ],
          "desc": "例句"
        },
        "usphone": "'hɛrɪtɪdʒ",
        "ukspeech": "heritage&type=1",
        "star": 0,
        "usspeech": "heritage&type=2",
        "syno": {
          "synos": [
            {
              "pos": "n",
              "tran": "遗产；传统；继承物；继承权",
              "hwds": [
                {
                  "w": "tradition"
                },
                {
                  "w": "succession"
                },
                {
                  "w": "inheritance"
                },
                {
                  "w": "legacy"
                }
              ]
            }
          ],
          "desc": "同近"
        },
        "ukphone": "'herɪtɪdʒ",
        "phrase": {
          "phrases": [
            {
              "pContent": "cultural heritage",
              "pCn": "文化遗产"
            },
            {
              "pContent": "natural heritage",
              "pCn": "自然遗产"
            },
            {
              "pContent": "heritage preservation",
              "pCn": "遗产维护"
            },
            {
              "pContent": "heritage foundation",
              "pCn": "传统基金会；遗产基金会"
            }
          ],
          "desc": "短语"
        },
        "phone": "'heritidʒ",
        "speech": "heritage",
        "remMethod": {
          "val": " her(遗传) + it + age(集体名词后缀) → 遗传下来的东西 → 遗产； 传统",
          "desc": "记忆"
        },
        "relWord": {
          "rels": [
            {
              "pos": "adj",
              "words": [
                {
                  "hwd": "heritable",
                  "tran": " 可继承的；可传让的"
                }
              ]
            },
            {
              "pos": "n",
              "words": [
                {
                  "hwd": "heritor",
                  "tran": " 继承人；嗣子"
                }
              ]
            }
          ],
          "desc": "同根"
        },
        "trans": [
          {
            "tranCn": "传统，遗产",
            "descOther": "英释",
            "descCn": "中释",
            "pos": "n",
            "tranOther": "the traditional beliefs, values, customs etc of a family, country, or society"
          }
        ]
      }
    }
  },
  "bookId": "IELTSluan_2"
}