{
  "wordRank": 1137,
  "headWord": "pad",
  "content": {
    "word": {
      "wordHead": "pad",
      "wordId": "IELTSluan_2_1137",
      "content": {
        "sentence": {
          "sentences": [
            {
              "sContent": "Keep a telephone pad and a pen to hand.",
              "sCn": "手边准备一本电话记事簿和一支笔。"
            },
            {
              "sContent": "a pad of paper",
              "sCn": "一本拍纸簿"
            }
          ],
          "desc": "例句"
        },
        "usphone": "pæd",
        "syno": {
          "synos": [
            {
              "pos": "n",
              "tran": "[机]衬垫；便笺簿；填补；印色盒",
              "hwds": [
                {
                  "w": "liner"
                },
                {
                  "w": "interleaver"
                }
              ]
            },
            {
              "pos": "vi",
              "tran": "步行；放轻脚步走",
              "hwds": [
                {
                  "w": "foot"
                },
                {
                  "w": "hoof it"
                }
              ]
            },
            {
              "pos": "vt",
              "tran": "填补；走",
              "hwds": [
                {
                  "w": "step"
                },
                {
                  "w": "fill up"
                }
              ]
            }
          ],
          "desc": "同近"
        },
        "ukphone": "pæd",
        "ukspeech": "pad&type=1",
        "star": 0,
        "phrase": {
          "phrases": [
            {
              "pContent": "brake pad",
              "pCn": "刹车片；盘式刹车片；制动衬块；闸垫"
            },
            {
              "pContent": "pad printing",
              "pCn": "移印"
            },
            {
              "pContent": "launch pad",
              "pCn": "n. 发射台"
            },
            {
              "pContent": "mouse pad",
              "pCn": "滑鼠垫"
            },
            {
              "pContent": "fat pad",
              "pCn": "脂肪垫"
            },
            {
              "pContent": "cotton pad",
              "pCn": "化装棉；棉褥"
            },
            {
              "pContent": "on the pad",
              "pCn": "◎在公路上抢劫"
            },
            {
              "pContent": "rubber pad",
              "pCn": "橡胶垫"
            },
            {
              "pContent": "foot pad",
              "pCn": "脚垫；鞋垫"
            },
            {
              "pContent": "shoulder pad",
              "pCn": "护肩；轴肩衰减器"
            },
            {
              "pContent": "writing pad",
              "pCn": "n. 书写纸"
            },
            {
              "pContent": "heating pad",
              "pCn": "电热垫；取暖电毯"
            },
            {
              "pContent": "touch pad",
              "pCn": "触摸板"
            },
            {
              "pContent": "scouring pad",
              "pCn": "百洁布；擦洗用的钢丝绒"
            },
            {
              "pContent": "launching pad",
              "pCn": "发射台；起飞坪；出发点"
            },
            {
              "pContent": "bearing pad",
              "pCn": "轴承垫，乌金轴瓦；轴瓦"
            },
            {
              "pContent": "stamp pad",
              "pCn": "打印台"
            },
            {
              "pContent": "memo pad",
              "pCn": "记事簿，便笺"
            },
            {
              "pContent": "note pad",
              "pCn": "记事本；便条本"
            },
            {
              "pContent": "tilting pad",
              "pCn": "可倾瓦块；扇形支座；倾斜垫"
            }
          ],
          "desc": "短语"
        },
        "phone": "[pæd]",
        "speech": "pad",
        "relWord": {
          "rels": [
            {
              "pos": "adj",
              "words": [
                {
                  "hwd": "padded",
                  "tran": " 有装填垫料的；脚底有厚肉的"
                }
              ]
            },
            {
              "pos": "n",
              "words": [
                {
                  "hwd": "padding",
                  "tran": " 填料；垫料"
                },
                {
                  "hwd": "padder",
                  "tran": " 整垫电容；[电] 微调电容器"
                }
              ]
            },
            {
              "pos": "v",
              "words": [
                {
                  "hwd": "padding",
                  "tran": " 填补（pad的ing形式）"
                },
                {
                  "hwd": "padded",
                  "tran": " 填补（pad的过去分词形式）"
                }
              ]
            }
          ],
          "desc": "同根"
        },
        "usspeech": "pad&type=2",
        "trans": [
          {
            "tranCn": "垫子；拍纸簿",
            "descOther": "英释",
            "descCn": "中释",
            "pos": "n",
            "tranOther": "several sheets of paper fastened together, used for writing or drawing"
          },
          {
            "tranCn": "步行，走路",
            "descOther": "英释",
            "descCn": "中释",
            "pos": "v",
            "tranOther": "to walk softly and quietly"
          }
        ]
      }
    }
  },
  "bookId": "IELTSluan_2"
}