{
  "wordRank": 1138,
  "headWord": "ongoing",
  "content": {
    "word": {
      "wordHead": "ongoing",
      "wordId": "IELTSluan_2_1138",
      "content": {
        "sentence": {
          "sentences": [
            {
              "sContent": "their ongoing search for a new director",
              "sCn": "他们仍在寻找一个新主任"
            },
            {
              "sContent": "ongoing negotiations",
              "sCn": "还在进行的谈判"
            },
            {
              "sContent": "The discussions are still ongoing.",
              "sCn": "讨论仍在继续。"
            }
          ],
          "desc": "例句"
        },
        "usphone": "'ɑnɡoɪŋ",
        "syno": {
          "synos": [
            {
              "pos": "adj",
              "tran": "不间断的，进行的；前进的",
              "hwds": [
                {
                  "w": "advancing"
                },
                {
                  "w": "unremitting"
                },
                {
                  "w": "uninterrupted"
                }
              ]
            },
            {
              "pos": "n",
              "tran": "前进；行为，举止",
              "hwds": [
                {
                  "w": "behavior"
                },
                {
                  "w": "dealing"
                },
                {
                  "w": "advancement"
                },
                {
                  "w": "going"
                },
                {
                  "w": "progress"
                }
              ]
            }
          ],
          "desc": "同近"
        },
        "ukphone": "'ɒngəʊɪŋ",
        "ukspeech": "ongoing&type=1",
        "star": 0,
        "phone": "'ɔn,ɡəuiŋ, 'ɔ:n-",
        "speech": "ongoing",
        "remMethod": {
          "val": " on(在…中) + going(进行， 进展) → 进行中的",
          "desc": "记忆"
        },
        "usspeech": "ongoing&type=2",
        "trans": [
          {
            "tranCn": "继续的",
            "descOther": "英释",
            "descCn": "中释",
            "pos": "adj",
            "tranOther": "continuing, or continuing to develop"
          }
        ]
      }
    }
  },
  "bookId": "IELTSluan_2"
}