{
  "wordRank": 1139,
  "headWord": "souvenir",
  "content": {
    "word": {
      "wordHead": "souvenir",
      "wordId": "IELTSluan_2_1139",
      "content": {
        "sentence": {
          "sentences": [
            {
              "sContent": "a souvenir shop",
              "sCn": "纪念品商店"
            }
          ],
          "desc": "例句"
        },
        "usphone": ",suvə'nɪr",
        "syno": {
          "synos": [
            {
              "pos": "n",
              "tran": "纪念品；礼物",
              "hwds": [
                {
                  "w": "gift"
                },
                {
                  "w": "giving"
                },
                {
                  "w": "present"
                },
                {
                  "w": "tribute"
                }
              ]
            }
          ],
          "desc": "同近"
        },
        "ukphone": ",suːvə'nɪə",
        "ukspeech": "souvenir&type=1",
        "star": 0,
        "phrase": {
          "phrases": [
            {
              "pContent": "souvenir shop",
              "pCn": "n. 纪念品店"
            }
          ],
          "desc": "短语"
        },
        "phone": ",su:və'niə, 'su:vəniə",
        "speech": "souvenir",
        "remMethod": {
          "val": " sou(=sub 在某地) + ven(来) + ir → 在某地游玩带回来的东西 → 纪念品， 纪念物",
          "desc": "记忆"
        },
        "usspeech": "souvenir&type=2",
        "trans": [
          {
            "tranCn": "纪念品",
            "descOther": "英释",
            "descCn": "中释",
            "pos": "n",
            "tranOther": "an object that you buy or keep to remind yourself of a special occasion or a place you have visited"
          }
        ]
      }
    }
  },
  "bookId": "IELTSluan_2"
}