{
  "wordRank": 114,
  "headWord": "rip",
  "content": {
    "word": {
      "wordHead": "rip",
      "wordId": "IELTSluan_2_114",
      "content": {
        "sentence": {
          "sentences": [
            {
              "sContent": "Her clothes had all been ripped.",
              "sCn": "她的衣服都被撕破了。"
            },
            {
              "sContent": "The sail ripped under the force of the wind.",
              "sCn": "船帆被狂风刮破了。"
            },
            {
              "sContent": "Impatiently, Sue ripped the letter open .",
              "sCn": "休急不可待地撕开信封。"
            }
          ],
          "desc": "例句"
        },
        "usphone": "rɪp",
        "syno": {
          "synos": [
            {
              "pos": "vt",
              "tran": "撕；锯",
              "hwds": [
                {
                  "w": "saw"
                }
              ]
            },
            {
              "pos": "vi",
              "tran": "裂开，被撕裂",
              "hwds": [
                {
                  "w": "gap"
                },
                {
                  "w": "seam"
                }
              ]
            },
            {
              "pos": "n",
              "tran": "裂口，裂缝",
              "hwds": [
                {
                  "w": "crack"
                },
                {
                  "w": "split"
                }
              ]
            }
          ],
          "desc": "同近"
        },
        "ukphone": "rɪp",
        "ukspeech": "rip&type=1",
        "star": 0,
        "phrase": {
          "phrases": [
            {
              "pContent": "rip off",
              "pCn": "[俚]偷窃；扯掉；欺诈；剥削"
            },
            {
              "pContent": "let rip",
              "pCn": "[口语]"
            },
            {
              "pContent": "rip out",
              "pCn": "扯掉；狠狠地发出"
            },
            {
              "pContent": "rip up",
              "pCn": "撕碎，撕毁"
            },
            {
              "pContent": "let it rip",
              "pCn": "◎不要担心；别理会后果；听其自然"
            }
          ],
          "desc": "短语"
        },
        "phone": "rip",
        "speech": "rip",
        "relWord": {
          "rels": [
            {
              "pos": "adj",
              "words": [
                {
                  "hwd": "ripping",
                  "tran": " 劈的；极好的"
                },
                {
                  "hwd": "rippable",
                  "tran": " 可裂的（原形是rip）"
                }
              ]
            },
            {
              "pos": "adv",
              "words": [
                {
                  "hwd": "ripping",
                  "tran": " 绝妙地；极好地；非常"
                }
              ]
            },
            {
              "pos": "n",
              "words": [
                {
                  "hwd": "ripper",
                  "tran": " 撕裂者；粗齿锯；裂具"
                }
              ]
            },
            {
              "pos": "v",
              "words": [
                {
                  "hwd": "ripping",
                  "tran": " 裂开（rip的ing形式）"
                }
              ]
            }
          ],
          "desc": "同根"
        },
        "usspeech": "rip&type=2",
        "trans": [
          {
            "tranCn": "撕裂，撕开；扯破",
            "descOther": "英释",
            "descCn": "中释",
            "pos": "v&n",
            "tranOther": "to tear something or be torn quickly and violently"
          }
        ]
      }
    }
  },
  "bookId": "IELTSluan_2"
}