{
  "wordRank": 1140,
  "headWord": "pastime",
  "content": {
    "word": {
      "wordHead": "pastime",
      "wordId": "IELTSluan_2_1140",
      "content": {
        "sentence": {
          "sentences": [
            {
              "sContent": "Reading was her favourite pastime.",
              "sCn": "阅读是她最喜爱的消遣方式。"
            }
          ],
          "desc": "例句"
        },
        "usphone": "'pæstaɪm",
        "syno": {
          "synos": [
            {
              "pos": "n",
              "tran": "娱乐，消遣",
              "hwds": [
                {
                  "w": "entertainment"
                },
                {
                  "w": "recreation"
                },
                {
                  "w": "pleasure"
                },
                {
                  "w": "sport"
                },
                {
                  "w": "occupation"
                }
              ]
            }
          ],
          "desc": "同近"
        },
        "ukphone": "'pɑːstaɪm",
        "ukspeech": "pastime&type=1",
        "star": 0,
        "phone": "'pɑ:staim",
        "speech": "pastime",
        "usspeech": "pastime&type=2",
        "trans": [
          {
            "tranCn": "消遣，娱乐",
            "descOther": "英释",
            "descCn": "中释",
            "pos": "n",
            "tranOther": "something that you do because you think it is enjoyable or interesting"
          }
        ]
      }
    }
  },
  "bookId": "IELTSluan_2"
}