{
  "wordRank": 1141,
  "headWord": "foster",
  "content": {
    "word": {
      "wordHead": "foster",
      "wordId": "IELTSluan_2_1141",
      "content": {
        "sentence": {
          "sentences": [
            {
              "sContent": "The couple wanted to adopt a black child they had been fostering.",
              "sCn": "那对夫妇想收养他们代养的一个黑人小孩。"
            }
          ],
          "desc": "例句"
        },
        "usphone": "'fɔstɚ",
        "ukspeech": "foster&type=1",
        "star": 0,
        "usspeech": "foster&type=2",
        "syno": {
          "synos": [
            {
              "pos": "vt",
              "tran": "培养；养育，抚育；抱（希望等）",
              "hwds": [
                {
                  "w": "cultivate"
                },
                {
                  "w": "rear"
                },
                {
                  "w": "raise"
                },
                {
                  "w": "plant"
                },
                {
                  "w": "mother"
                }
              ]
            }
          ],
          "desc": "同近"
        },
        "ukphone": "'fɒstə",
        "phrase": {
          "phrases": [
            {
              "pContent": "foster care",
              "pCn": "看护；照顾"
            },
            {
              "pContent": "foster home",
              "pCn": "寄养家庭；抚养孤儿的家庭"
            },
            {
              "pContent": "foster father",
              "pCn": "养父"
            },
            {
              "pContent": "foster son",
              "pCn": "n. 养子"
            },
            {
              "pContent": "jodie foster",
              "pCn": "n. 朱迪·福斯特（美国女演员）"
            }
          ],
          "desc": "短语"
        },
        "phone": "'fɔstə",
        "speech": "foster",
        "remMethod": {
          "val": " fost(看作fast， 快速的) + er → 促进； 培养",
          "desc": "记忆"
        },
        "relWord": {
          "rels": [
            {
              "pos": "n",
              "words": [
                {
                  "hwd": "fosterage",
                  "tran": " 寄养；养育；助长"
                }
              ]
            }
          ],
          "desc": "同根"
        },
        "trans": [
          {
            "tranCn": "养育，领养",
            "descOther": "英释",
            "descCn": "中释",
            "pos": "v",
            "tranOther": "to take someone else’s child into your family for a period of time but without becoming their legal parent"
          }
        ]
      }
    }
  },
  "bookId": "IELTSluan_2"
}