{
  "wordRank": 1142,
  "headWord": "exaggerate",
  "content": {
    "word": {
      "wordHead": "exaggerate",
      "wordId": "IELTSluan_2_1142",
      "content": {
        "sentence": {
          "sentences": [
            {
              "sContent": "I couldn’t sleep for three days – I’m not exaggerating.",
              "sCn": "我三天没睡觉了——一点不夸张。"
            }
          ],
          "desc": "例句"
        },
        "usphone": "ɪɡ'zædʒəret",
        "syno": {
          "synos": [
            {
              "pos": "vt",
              "tran": "使扩大；使增大",
              "hwds": [
                {
                  "w": "enlarge"
                },
                {
                  "w": "broaden"
                }
              ]
            },
            {
              "pos": "vi",
              "tran": "夸大；夸张",
              "hwds": [
                {
                  "w": "put it on"
                },
                {
                  "w": "pile it on"
                }
              ]
            }
          ],
          "desc": "同近"
        },
        "ukphone": "ɪg'zædʒəreɪt; eg-",
        "ukspeech": "exaggerate&type=1",
        "star": 0,
        "phone": "iɡ'zædʒəreit",
        "speech": "exaggerate",
        "remMethod": {
          "val": " ex(出) + ag(表加强) + ger(搬运) + ate → 过多搬运 → 夸大， 夸张",
          "desc": "记忆"
        },
        "relWord": {
          "rels": [
            {
              "pos": "adj",
              "words": [
                {
                  "hwd": "exaggerated",
                  "tran": " 夸张的，言过其实的"
                }
              ]
            },
            {
              "pos": "adv",
              "words": [
                {
                  "hwd": "exaggeratedly",
                  "tran": " 夸张地"
                }
              ]
            },
            {
              "pos": "n",
              "words": [
                {
                  "hwd": "exaggeration",
                  "tran": " 夸张；夸大之词；夸张的手法"
                }
              ]
            },
            {
              "pos": "v",
              "words": [
                {
                  "hwd": "exaggerated",
                  "tran": " 夸张，夸大（exaggerate的过去式）"
                }
              ]
            }
          ],
          "desc": "同根"
        },
        "usspeech": "exaggerate&type=2",
        "trans": [
          {
            "tranCn": "夸大，夸张",
            "descOther": "英释",
            "descCn": "中释",
            "pos": "v",
            "tranOther": "to make something seem better, larger, worse etc than it really is"
          }
        ]
      }
    }
  },
  "bookId": "IELTSluan_2"
}