{
  "wordRank": 1143,
  "headWord": "gracious",
  "content": {
    "word": {
      "wordHead": "gracious",
      "wordId": "IELTSluan_2_1143",
      "content": {
        "sentence": {
          "sentences": [
            {
              "sContent": "Sibyl was the most gracious, helpful, and generous person to work with.",
              "sCn": "西比尔非常和蔼，乐于助人，而且为人慷慨，和她共事最愉快。"
            },
            {
              "sContent": "a gracious apology",
              "sCn": "落落大方的道歉"
            }
          ],
          "desc": "例句"
        },
        "usphone": "'ɡreʃəs",
        "syno": {
          "synos": [
            {
              "pos": "adj",
              "tran": "亲切的；高尚的；和蔼的；雅致的",
              "hwds": [
                {
                  "w": "nice"
                },
                {
                  "w": "friendly"
                },
                {
                  "w": "sweet"
                },
                {
                  "w": "delicate"
                },
                {
                  "w": "magnificent"
                }
              ]
            },
            {
              "pos": "int",
              "tran": "天哪；哎呀",
              "hwds": [
                {
                  "w": "oh"
                },
                {
                  "w": "my"
                },
                {
                  "w": "dear"
                },
                {
                  "w": "egad"
                }
              ]
            }
          ],
          "desc": "同近"
        },
        "ukphone": "'greɪʃəs",
        "ukspeech": "gracious&type=1",
        "star": 0,
        "phone": "'ɡreiʃəs",
        "speech": "gracious",
        "relWord": {
          "rels": [
            {
              "pos": "adv",
              "words": [
                {
                  "hwd": "graciously",
                  "tran": " 和蔼地；仁慈地；雅致地"
                }
              ]
            },
            {
              "pos": "n",
              "words": [
                {
                  "hwd": "graciousness",
                  "tran": " 亲切，和蔼；好心"
                }
              ]
            }
          ],
          "desc": "同根"
        },
        "usspeech": "gracious&type=2",
        "trans": [
          {
            "tranCn": "亲切的，和善的；任慈的",
            "descOther": "英释",
            "descCn": "中释",
            "pos": "adj",
            "tranOther": "behaving in a polite, kind, and generous way, especially to people of a lower rank"
          }
        ]
      }
    }
  },
  "bookId": "IELTSluan_2"
}