{
  "wordRank": 1144,
  "headWord": "familiar",
  "content": {
    "word": {
      "wordHead": "familiar",
      "wordId": "IELTSluan_2_1144",
      "content": {
        "sentence": {
          "sentences": [
            {
              "sContent": "a familiar tune",
              "sCn": "熟悉的曲调"
            },
            {
              "sContent": "It was a relief to be back in familiar surroundings .",
              "sCn": "回到熟悉的环境里让人松了一口气。"
            },
            {
              "sContent": "Beggars on the street are becoming a familiar sight .",
              "sCn": "街上出现乞丐的情况逐渐变得屡见不鲜。"
            },
            {
              "sContent": "This kind of situation was all too familiar (= very familiar ) to John.",
              "sCn": "这种情形对约翰来说太熟悉了。"
            },
            {
              "sContent": "Her face seems vaguely familiar , but I can’t quite place her.",
              "sCn": "她看起来有点面熟，但我还是认不出她来。"
            }
          ],
          "desc": "例句"
        },
        "usphone": "fə'mɪljɚ",
        "syno": {
          "synos": [
            {
              "pos": "adj",
              "tran": "熟悉的；常见的；亲近的",
              "hwds": [
                {
                  "w": "conventional"
                },
                {
                  "w": "near"
                },
                {
                  "w": "close"
                }
              ]
            },
            {
              "pos": "n",
              "tran": "常客；密友",
              "hwds": [
                {
                  "w": "frequenter"
                },
                {
                  "w": "regular customer"
                }
              ]
            }
          ],
          "desc": "同近"
        },
        "ukphone": "fə'mɪlɪə",
        "ukspeech": "familiar&type=1",
        "star": 0,
        "phrase": {
          "phrases": [
            {
              "pContent": "familiar with",
              "pCn": "熟悉"
            },
            {
              "pContent": "get familiar with",
              "pCn": "熟悉；变得熟悉"
            },
            {
              "pContent": "familiar style",
              "pCn": "简体，非正式文体；家常体"
            }
          ],
          "desc": "短语"
        },
        "phone": "fə'miljə",
        "speech": "familiar",
        "relWord": {
          "rels": [
            {
              "pos": "adv",
              "words": [
                {
                  "hwd": "familiarly",
                  "tran": " 不拘礼节地；亲密地；精通地"
                }
              ]
            },
            {
              "pos": "n",
              "words": [
                {
                  "hwd": "familiarity",
                  "tran": " 熟悉，精通；亲密；随便"
                },
                {
                  "hwd": "familiarization",
                  "tran": " 熟悉，精通；亲密"
                }
              ]
            },
            {
              "pos": "vt",
              "words": [
                {
                  "hwd": "familiarize",
                  "tran": " 使熟悉"
                },
                {
                  "hwd": "familiarise",
                  "tran": " 使熟悉（等于familiarize）"
                }
              ]
            }
          ],
          "desc": "同根"
        },
        "usspeech": "familiar&type=2",
        "trans": [
          {
            "tranCn": "熟悉的，通晓的；亲密的，常见的",
            "descOther": "英释",
            "descCn": "中释",
            "pos": "adj",
            "tranOther": "someone or something that is familiar is well-known to you and easy to recognize"
          }
        ]
      }
    }
  },
  "bookId": "IELTSluan_2"
}