{
  "wordRank": 1145,
  "headWord": "physiological",
  "content": {
    "word": {
      "wordHead": "physiological",
      "wordId": "IELTSluan_2_1145",
      "content": {
        "sentence": {
          "sentences": [
            {
              "sContent": "If so, this would add to a growing list of physiological and biological markers of sexual orientation.",
              "sContent_eng": "If so, this would add to a growing list of <b>physiological</b> and biological markers of sexual orientation.",
              "sSpeech": "If+so%2C+this+would+add+to+a+growing+list+of+physiological+and+biological+markers+of+sexual+orientation.&le=eng",
              "sCn": "如果是这样，这可能会给生理和生物学上的性取向标记增加一长串名单。"
            },
            {
              "sContent": "Almost anything that we like to do - eat, shop, gamble, have sex - contain the potential for psychological and physiological dependence.",
              "sContent_eng": "Almost anything that we like to do - eat, shop, gamble, have sex - contain the potential for psychological and <b>physiological</b> dependence.",
              "sSpeech": "Almost+anything+that+we+like+to+do+-+eat%2C+shop%2C+gamble%2C+have+sex+-+contain+the+potential+for+psychological+and+physiological+dependence.&le=eng",
              "sCn": "我们喜欢做的几乎任何事——吃饭，购物，赌博，性爱——都可能引起心理和生理的依赖。"
            },
            {
              "sContent": "How do you respond to skeptics who say there must be some biological or physiological basis for that kind of experience, which you say in the book is medically inexplicable?",
              "sContent_eng": "How do you respond to skeptics who say there must be some biological or <b>physiological</b> basis for that kind of experience, which you say in the book is medically inexplicable?",
              "sSpeech": "How+do+you+respond+to+skeptics+who+say+there+must+be+some+biological+or+physiological+basis+for+that+kind+of+experience%2C+which+you+say+in+the+book+is+medically+inexplicable%3F&le=eng",
              "sCn": "对那些无神论者关于濒死体验应该有些生物学的或生理学的基础的说法你如何回应，你在书中说这种体验是医学上无法解释的？"
            }
          ],
          "desc": "例句"
        },
        "usphone": ",fɪzɪə'lɑdʒɪkl",
        "ukphone": ",fɪzɪə'lɒdʒɪkəl",
        "ukspeech": "physiological&type=1",
        "star": 0,
        "phrase": {
          "phrases": [
            {
              "pContent": "physiological function",
              "pCn": "生理机能"
            },
            {
              "pContent": "physiological process",
              "pCn": "生理过程"
            },
            {
              "pContent": "physiological saline",
              "pCn": "生理盐水；生理盐溶液"
            },
            {
              "pContent": "physiological reaction",
              "pCn": "[医]生理反应"
            },
            {
              "pContent": "physiological ecology",
              "pCn": "生理生态学"
            },
            {
              "pContent": "physiological character",
              "pCn": "生理性状；生理特点"
            },
            {
              "pContent": "physiological age",
              "pCn": "生理年龄"
            }
          ],
          "desc": "短语"
        },
        "phone": ",fiziə'lɔdʒikəl",
        "speech": "physiological",
        "relWord": {
          "rels": [
            {
              "pos": "adv",
              "words": [
                {
                  "hwd": "physiologically",
                  "tran": " 生理学方面"
                }
              ]
            },
            {
              "pos": "n",
              "words": [
                {
                  "hwd": "physics",
                  "tran": " 物理学；物理现象"
                },
                {
                  "hwd": "physiology",
                  "tran": " 生理学；生理机能"
                },
                {
                  "hwd": "physicist",
                  "tran": " 物理学家；唯物论者"
                },
                {
                  "hwd": "physiologist",
                  "tran": " 生理学家，生理学者"
                },
                {
                  "hwd": "physiography",
                  "tran": " 地文学，地相学；自然地理学；自然现象志"
                }
              ]
            }
          ],
          "desc": "同根"
        },
        "usspeech": "physiological&type=2",
        "trans": [
          {
            "tranCn": "生理学的",
            "descCn": "中释",
            "pos": "adj"
          }
        ]
      }
    }
  },
  "bookId": "IELTSluan_2"
}