{
  "wordRank": 1146,
  "headWord": "warehouse",
  "content": {
    "word": {
      "wordHead": "warehouse",
      "wordId": "IELTSluan_2_1146",
      "content": {
        "sentence": {
          "sentences": [
            {
              "sContent": "I stored up the old furniture in the warehouse.",
              "sContent_eng": "I stored up the old furniture in the <b>warehouse</b>.",
              "sSpeech": "I+stored+up+the+old+furniture+in+the+warehouse.&le=eng",
              "sCn": "我把旧家具存放在了仓库里。"
            },
            {
              "sContent": "Bales of cotton were piled up in the warehouse.",
              "sContent_eng": "Bales of cotton were piled up in the <b>warehouse</b>.",
              "sSpeech": "Bales+of+cotton+were+piled+up+in+the+warehouse.&le=eng",
              "sCn": "大捆大捆的棉花堆积在仓库里。"
            }
          ],
          "desc": "例句"
        },
        "usphone": "'wɛrhaʊs",
        "syno": {
          "synos": [
            {
              "pos": "n",
              "tran": "[建][经]仓库；[贸易]货栈；大商店",
              "hwds": [
                {
                  "w": "stockroom"
                },
                {
                  "w": "godown"
                }
              ]
            }
          ],
          "desc": "同近"
        },
        "ukphone": "'weəhaʊs",
        "ukspeech": "warehouse&type=1",
        "star": 0,
        "phrase": {
          "phrases": [
            {
              "pContent": "data warehouse",
              "pCn": "数据仓库"
            },
            {
              "pContent": "warehouse management",
              "pCn": "仓库管理，仓储管理；仓库治理"
            },
            {
              "pContent": "bonded warehouse",
              "pCn": "保税仓库，关栈"
            },
            {
              "pContent": "warehouse to warehouse",
              "pCn": "仓至仓"
            },
            {
              "pContent": "warehouse space",
              "pCn": "仓库容积"
            },
            {
              "pContent": "warehouse receipt",
              "pCn": "仓单；栈单；仓库收据"
            },
            {
              "pContent": "warehouse to warehouse clause",
              "pCn": "仓库至仓库条款"
            },
            {
              "pContent": "warehouse supervisor",
              "pCn": "仓库主管；仓库管理人"
            },
            {
              "pContent": "warehouse keeper",
              "pCn": "仓库管理员"
            },
            {
              "pContent": "warehouse stock",
              "pCn": "仓库库存"
            },
            {
              "pContent": "automatic warehouse",
              "pCn": "自动仓库；自动化仓库"
            }
          ],
          "desc": "短语"
        },
        "phone": "'wεəhaus, 'wεəhauz, -haus",
        "speech": "warehouse",
        "relWord": {
          "rels": [
            {
              "pos": "n",
              "words": [
                {
                  "hwd": "warehousing",
                  "tran": " 储仓；（商业银行所提供的）周转性短期贷款"
                }
              ]
            },
            {
              "pos": "v",
              "words": [
                {
                  "hwd": "warehousing",
                  "tran": " 把…存入仓库；使落栈（warehouse的现在分词）"
                }
              ]
            }
          ],
          "desc": "同根"
        },
        "usspeech": "warehouse&type=2",
        "trans": [
          {
            "tranCn": "仓库",
            "descOther": "英释",
            "descCn": "中释",
            "pos": "n",
            "tranOther": "a large building for storing large quantities of goods"
          }
        ]
      }
    }
  },
  "bookId": "IELTSluan_2"
}