{
  "wordRank": 1147,
  "headWord": "solitary",
  "content": {
    "word": {
      "wordHead": "solitary",
      "wordId": "IELTSluan_2_1147",
      "content": {
        "sentence": {
          "sentences": [
            {
              "sContent": "the solitary goal of the match",
              "sCn": "这场比赛的唯一入球"
            },
            {
              "sContent": "The benches were empty except for a single solitary figure.",
              "sCn": "除了一个孤零零的身影，这些长凳上没有其他人了。"
            }
          ],
          "desc": "例句"
        },
        "usphone": "'sɑlətɛri",
        "syno": {
          "synos": [
            {
              "pos": "adj",
              "tran": "[动]孤独的；独居的",
              "hwds": [
                {
                  "w": "alone"
                },
                {
                  "w": "neighborless"
                }
              ]
            },
            {
              "pos": "n",
              "tran": "[动]独居者；隐士",
              "hwds": [
                {
                  "w": "hermit"
                },
                {
                  "w": "anchorite"
                }
              ]
            }
          ],
          "desc": "同近"
        },
        "ukphone": "'sɒlɪt(ə)rɪ",
        "ukspeech": "solitary&type=1",
        "star": 0,
        "phrase": {
          "phrases": [
            {
              "pContent": "solitary wave",
              "pCn": "孤立波；独波，孤子波"
            },
            {
              "pContent": "solitary confinement",
              "pCn": "单独拘禁（等于solitary）"
            }
          ],
          "desc": "短语"
        },
        "phone": "'sɔlitəri",
        "speech": "solitary",
        "relWord": {
          "rels": [
            {
              "pos": "adv",
              "words": [
                {
                  "hwd": "solitarily",
                  "tran": " 寂寞地；独自一人地"
                }
              ]
            },
            {
              "pos": "n",
              "words": [
                {
                  "hwd": "solitude",
                  "tran": " 孤独；隐居；荒僻的地方"
                },
                {
                  "hwd": "solitariness",
                  "tran": " 隐居；单独"
                }
              ]
            }
          ],
          "desc": "同根"
        },
        "usspeech": "solitary&type=2",
        "trans": [
          {
            "tranCn": "独居的，孤独的，惟一的；荒凉的",
            "descOther": "英释",
            "descCn": "中释",
            "pos": "adj",
            "tranOther": "used to emphasize that there is only one of something"
          }
        ]
      }
    }
  },
  "bookId": "IELTSluan_2"
}