{
  "wordRank": 1148,
  "headWord": "complication",
  "content": {
    "word": {
      "wordHead": "complication",
      "wordId": "IELTSluan_2_1148",
      "content": {
        "sentence": {
          "sentences": [
            {
              "sContent": "The fact that the plane was late added a further complication to our journey.",
              "sCn": "飞机误点给我们的旅行带来了更大的麻烦。"
            }
          ],
          "desc": "例句"
        },
        "usphone": ",kɑmplɪ'keʃən",
        "syno": {
          "synos": [
            {
              "pos": "n",
              "tran": "并发症；复杂；复杂化；混乱",
              "hwds": [
                {
                  "w": "chaos"
                },
                {
                  "w": "confusion"
                },
                {
                  "w": "disorder"
                },
                {
                  "w": "involvement"
                },
                {
                  "w": "mix"
                }
              ]
            }
          ],
          "desc": "同近"
        },
        "ukphone": "kɒmplɪ'keɪʃ(ə)n",
        "ukspeech": "complication&type=1",
        "star": 0,
        "phone": ",kɔmpli'keiʃən",
        "speech": "complication",
        "relWord": {
          "rels": [
            {
              "pos": "adj",
              "words": [
                {
                  "hwd": "complicated",
                  "tran": " 难懂的，复杂的"
                }
              ]
            },
            {
              "pos": "vt",
              "words": [
                {
                  "hwd": "complicate",
                  "tran": " 使复杂化；使恶化；使卷入"
                }
              ]
            }
          ],
          "desc": "同根"
        },
        "usspeech": "complication&type=2",
        "trans": [
          {
            "tranCn": "结构复杂，麻烦",
            "descCn": "中释",
            "pos": "n"
          }
        ]
      }
    }
  },
  "bookId": "IELTSluan_2"
}