{
  "wordRank": 1149,
  "headWord": "redeem",
  "content": {
    "word": {
      "wordHead": "redeem",
      "wordId": "IELTSluan_2_1149",
      "content": {
        "sentence": {
          "sentences": [
            {
              "sContent": "Olivier’s performance redeemed an otherwise second-rate play.",
              "sCn": "奥利维尔的表演补救了一出本是二流水平的戏。"
            }
          ],
          "desc": "例句"
        },
        "usphone": "rɪ'dim",
        "syno": {
          "synos": [
            {
              "pos": "vt",
              "tran": "赎回；挽回；兑换；履行；补偿；恢复",
              "hwds": [
                {
                  "w": "fulfill"
                },
                {
                  "w": "turn"
                },
                {
                  "w": "restore"
                },
                {
                  "w": "pay"
                },
                {
                  "w": "repair"
                }
              ]
            }
          ],
          "desc": "同近"
        },
        "ukphone": "rɪ'diːm",
        "ukspeech": "redeem&type=1",
        "star": 0,
        "phone": "ri'di:m",
        "speech": "redeem",
        "relWord": {
          "rels": [
            {
              "pos": "adj",
              "words": [
                {
                  "hwd": "redeemable",
                  "tran": " 可赎回的；可偿还的；可挽救的；可换成现款的"
                },
                {
                  "hwd": "redeeming",
                  "tran": " 补偿的；弥补的"
                }
              ]
            },
            {
              "pos": "n",
              "words": [
                {
                  "hwd": "redeemer",
                  "tran": " 救世主；赎身者；偿还者；买回者"
                }
              ]
            },
            {
              "pos": "v",
              "words": [
                {
                  "hwd": "redeeming",
                  "tran": " 履行；挽回；补救（redeem的现在分词形式）"
                }
              ]
            }
          ],
          "desc": "同根"
        },
        "usspeech": "redeem&type=2",
        "trans": [
          {
            "tranCn": "买回，赎回；补偿；补救",
            "descOther": "英释",
            "descCn": "中释",
            "pos": "v",
            "tranOther": "to make something less bad"
          }
        ]
      }
    }
  },
  "bookId": "IELTSluan_2"
}