{
  "wordRank": 115,
  "headWord": "livestock",
  "content": {
    "word": {
      "wordHead": "livestock",
      "wordId": "IELTSluan_2_115",
      "content": {
        "sentence": {
          "sentences": [
            {
              "sContent": "The heavy rains and flooding killed scores of livestock.",
              "sCn": "大雨和洪水淹死了许多家畜。"
            }
          ],
          "desc": "例句"
        },
        "usphone": "'laɪvstɑk",
        "syno": {
          "synos": [
            {
              "pos": "n",
              "tran": "牲畜；[畜牧]家畜",
              "hwds": [
                {
                  "w": "cattle"
                },
                {
                  "w": "dumb things"
                }
              ]
            }
          ],
          "desc": "同近"
        },
        "ukphone": "'laɪvstɒk",
        "ukspeech": "livestock&type=1",
        "star": 0,
        "phrase": {
          "phrases": [
            {
              "pContent": "livestock breeding",
              "pCn": "畜牧业，畜牧饲养；家畜繁育"
            },
            {
              "pContent": "livestock farming",
              "pCn": "畜牧业；养畜业"
            },
            {
              "pContent": "livestock farm",
              "pCn": "畜牧场；禽畜饲养场；牧场"
            }
          ],
          "desc": "短语"
        },
        "phone": "'laivstɔk",
        "speech": "livestock",
        "remMethod": {
          "val": " live(活) + stock(东西) → 活物 → 家畜， 牲畜",
          "desc": "记忆"
        },
        "usspeech": "livestock&type=2",
        "trans": [
          {
            "tranCn": "家畜，牲畜",
            "descOther": "英释",
            "descCn": "中释",
            "pos": "n",
            "tranOther": "animals such as cows and sheep that are kept on a farm"
          }
        ]
      }
    }
  },
  "bookId": "IELTSluan_2"
}