{
  "wordRank": 1150,
  "headWord": "turnover",
  "content": {
    "word": {
      "wordHead": "turnover",
      "wordId": "IELTSluan_2_1150",
      "content": {
        "sentence": {
          "sentences": [
            {
              "sContent": "The company had a turnover of $3.8 million.",
              "sCn": "那个公司拥有380万美元的营业额。"
            }
          ],
          "desc": "例句"
        },
        "usphone": "'tɝn'ovɚ",
        "ukspeech": "turnover&type=1",
        "star": 0,
        "usspeech": "turnover&type=2",
        "syno": {
          "synos": [
            {
              "pos": "n",
              "tran": "[贸易]营业额；流通量；翻覆；半圆卷饼",
              "hwds": [
                {
                  "w": "volume of business"
                },
                {
                  "w": "rollover"
                }
              ]
            },
            {
              "pos": "adj",
              "tran": "翻过来的；可翻转的",
              "hwds": [
                {
                  "w": "upturned"
                },
                {
                  "w": "eversible"
                }
              ]
            }
          ],
          "desc": "同近"
        },
        "ukphone": "'tɜːnəʊvə",
        "phrase": {
          "phrases": [
            {
              "pContent": "turnover rate",
              "pCn": "[经]周转率，换手率"
            },
            {
              "pContent": "annual turnover",
              "pCn": "年营业额，年成交量；年总生物量"
            },
            {
              "pContent": "employee turnover",
              "pCn": "员工流动；职工离职"
            },
            {
              "pContent": "capital turnover",
              "pCn": "资金周转"
            },
            {
              "pContent": "inventory turnover",
              "pCn": "存货周转"
            },
            {
              "pContent": "sales turnover",
              "pCn": "营业额；销售周转"
            },
            {
              "pContent": "turnover ratio",
              "pCn": "[经]周转比率"
            },
            {
              "pContent": "total turnover",
              "pCn": "总转换"
            },
            {
              "pContent": "staff turnover",
              "pCn": "员工交替；员工流动率"
            },
            {
              "pContent": "turnover tax",
              "pCn": "营业税；（美）批发税"
            },
            {
              "pContent": "receivable turnover",
              "pCn": "应收账款周转率"
            },
            {
              "pContent": "turnover time",
              "pCn": "周转时间；翻转时间"
            },
            {
              "pContent": "stock turnover",
              "pCn": "存货周转率；库存周转率"
            },
            {
              "pContent": "asset turnover",
              "pCn": "资产周转率"
            },
            {
              "pContent": "rate of turnover",
              "pCn": "[经]周转率"
            }
          ],
          "desc": "短语"
        },
        "phone": "'tə:n,əuvə",
        "speech": "turnover",
        "remMethod": {
          "val": "来自词组turn over(营业额达到； 翻转； 交换)",
          "desc": "记忆"
        },
        "relWord": {
          "rels": [
            {
              "pos": "adj",
              "words": [
                {
                  "hwd": "turndown",
                  "tran": " 翻领的；可翻下的；衰退的；下降的"
                }
              ]
            },
            {
              "pos": "n",
              "words": [
                {
                  "hwd": "turndown",
                  "tran": " 翻领；拒绝；低落"
                }
              ]
            }
          ],
          "desc": "同根"
        },
        "trans": [
          {
            "tranCn": "营业收入；营业额；人员调整，人员更替率",
            "descOther": "英释",
            "descCn": "中释",
            "pos": "n",
            "tranOther": "the amount of business done during a particular period"
          }
        ]
      }
    }
  },
  "bookId": "IELTSluan_2"
}