{
  "wordRank": 1151,
  "headWord": "sanction",
  "content": {
    "word": {
      "wordHead": "sanction",
      "wordId": "IELTSluan_2_1151",
      "content": {
        "sentence": {
          "sentences": [
            {
              "sContent": "a resolution to impose sanctions (= start using sanctions ) on DPRK",
              "sCn": "对朝鲜实施制裁的决议"
            },
            {
              "sContent": "the threat of trade sanctions",
              "sCn": "贸易制裁的威胁"
            },
            {
              "sContent": "The UN security council may impose economic sanctions .",
              "sCn": "联合国安理会可能会实施经济制裁。"
            },
            {
              "sContent": "Any talk about lifting sanctions (= ending them ) is premature.",
              "sCn": "现时就谈取消制裁为时过早。"
            }
          ],
          "desc": "例句"
        },
        "usphone": "'sæŋkʃən",
        "ukspeech": "sanction&type=1",
        "star": 0,
        "usspeech": "sanction&type=2",
        "syno": {
          "synos": [
            {
              "pos": "n",
              "tran": "制裁，处罚；认可；支持",
              "hwds": [
                {
                  "w": "approval"
                },
                {
                  "w": "penalty"
                },
                {
                  "w": "holding"
                },
                {
                  "w": "support"
                },
                {
                  "w": "adhesion"
                }
              ]
            },
            {
              "pos": "vt",
              "tran": "制裁，处罚；批准；鼓励",
              "hwds": [
                {
                  "w": "encourage"
                },
                {
                  "w": "confirm"
                },
                {
                  "w": "heart"
                },
                {
                  "w": "uphold"
                }
              ]
            }
          ],
          "desc": "同近"
        },
        "ukphone": "'sæŋ(k)ʃ(ə)n",
        "phrase": {
          "phrases": [
            {
              "pContent": "legal sanction",
              "pCn": "n. 法律制裁"
            },
            {
              "pContent": "economic sanction",
              "pCn": "[经]经济制裁"
            }
          ],
          "desc": "短语"
        },
        "phone": "'sæŋ,kʃən",
        "speech": "sanction",
        "remMethod": {
          "val": " sanct(神圣的) + ion → 神圣之物， 原指教会的法令， 引申为“批准， 赞许” → 批准， 认可",
          "desc": "记忆"
        },
        "relWord": {
          "rels": [
            {
              "pos": "adj",
              "words": [
                {
                  "hwd": "sanctified",
                  "tran": " 认可的，批准的；神圣化的"
                },
                {
                  "hwd": "sanctionative",
                  "tran": " 认可的；约束的"
                }
              ]
            },
            {
              "pos": "vt",
              "words": [
                {
                  "hwd": "sanctify",
                  "tran": " 使圣洁；使神圣化；把…奉献给神；认可"
                }
              ]
            }
          ],
          "desc": "同根"
        },
        "trans": [
          {
            "tranCn": "批准，认可，赞许；制裁",
            "descOther": "英释",
            "descCn": "中释",
            "pos": "n",
            "tranOther": "official orders or laws stopping trade, communication etc with another country, as a way of forcing its leaders to make political changes"
          }
        ]
      }
    }
  },
  "bookId": "IELTSluan_2"
}