{
  "wordRank": 1152,
  "headWord": "motivate",
  "content": {
    "word": {
      "wordHead": "motivate",
      "wordId": "IELTSluan_2_1152",
      "content": {
        "sentence": {
          "sentences": [
            {
              "sContent": "A good teacher has to be able to motivate her students.",
              "sCn": "好教师必须能够激发学生的积极性。"
            }
          ],
          "desc": "例句"
        },
        "usphone": "'motə'vet",
        "syno": {
          "synos": [
            {
              "pos": "vt",
              "tran": "刺激；使有动机；激发…的积极性",
              "hwds": [
                {
                  "w": "stimulate"
                },
                {
                  "w": "fan"
                },
                {
                  "w": "needle"
                },
                {
                  "w": "activate"
                }
              ]
            }
          ],
          "desc": "同近"
        },
        "ukphone": "'məʊtɪveɪt",
        "ukspeech": "motivate&type=1",
        "star": 0,
        "phone": "'məutiveit",
        "speech": "motivate",
        "relWord": {
          "rels": [
            {
              "pos": "adj",
              "words": [
                {
                  "hwd": "motor",
                  "tran": " 汽车的；机动的"
                },
                {
                  "hwd": "motive",
                  "tran": " 发动的；成为动机的"
                },
                {
                  "hwd": "motivated",
                  "tran": " 有动机的；有积极性的"
                },
                {
                  "hwd": "motionless",
                  "tran": " 静止的；不运动的"
                },
                {
                  "hwd": "motivational",
                  "tran": " 动机的；激发性的；有关动机的；动机说明"
                },
                {
                  "hwd": "motional",
                  "tran": " 运动的；起动的"
                },
                {
                  "hwd": "motiveless",
                  "tran": " 无动机的"
                }
              ]
            },
            {
              "pos": "n",
              "words": [
                {
                  "hwd": "motion",
                  "tran": " 动作；移动；手势；请求；意向"
                },
                {
                  "hwd": "motivation",
                  "tran": " 动机；积极性；推动"
                },
                {
                  "hwd": "motor",
                  "tran": " 发动机，马达；汽车"
                },
                {
                  "hwd": "motive",
                  "tran": " 动机，目的；主题"
                },
                {
                  "hwd": "motif",
                  "tran": " 主题；动机；主旨；图形；意念"
                },
                {
                  "hwd": "motivator",
                  "tran": " 动力；激励因素"
                },
                {
                  "hwd": "motivity",
                  "tran": " 动力；原动力"
                }
              ]
            },
            {
              "pos": "v",
              "words": [
                {
                  "hwd": "motivated",
                  "tran": " 使产生动机；激发…的积极性（motivate的过去式和过去分词）"
                }
              ]
            },
            {
              "pos": "vi",
              "words": [
                {
                  "hwd": "motion",
                  "tran": " 运动；打手势"
                },
                {
                  "hwd": "motor",
                  "tran": " 乘汽车"
                }
              ]
            },
            {
              "pos": "vt",
              "words": [
                {
                  "hwd": "motion",
                  "tran": " 运动；向…打手势"
                },
                {
                  "hwd": "motor",
                  "tran": " 以汽车载运"
                },
                {
                  "hwd": "motive",
                  "tran": " 使产生动机，激起"
                }
              ]
            }
          ],
          "desc": "同根"
        },
        "usspeech": "motivate&type=2",
        "trans": [
          {
            "tranCn": "促动；激发",
            "descOther": "英释",
            "descCn": "中释",
            "pos": "v",
            "tranOther": "to make someone want to achieve something and make them willing to work hard in order to do this"
          }
        ]
      }
    }
  },
  "bookId": "IELTSluan_2"
}