{
  "wordRank": 1153,
  "headWord": "thorn",
  "content": {
    "word": {
      "wordHead": "thorn",
      "wordId": "IELTSluan_2_1153",
      "content": {
        "sentence": {
          "sentences": [
            {
              "sContent": "a long, low hedge of thorns",
              "sCn": "一长排矮矮的荆棘树篱"
            }
          ],
          "desc": "例句"
        },
        "usphone": "θɔrn",
        "syno": {
          "synos": [
            {
              "pos": "n",
              "tran": "[植]刺；荆棘",
              "hwds": [
                {
                  "w": "thrust"
                },
                {
                  "w": "spine"
                }
              ]
            }
          ],
          "desc": "同近"
        },
        "ukphone": "θɔːn",
        "ukspeech": "thorn&type=1",
        "star": 0,
        "phone": "θɔ:n",
        "speech": "thorn",
        "relWord": {
          "rels": [
            {
              "pos": "adj",
              "words": [
                {
                  "hwd": "thorny",
                  "tran": " 多刺的；痛苦的；令人苦恼的"
                },
                {
                  "hwd": "thornless",
                  "tran": " 无刺的"
                }
              ]
            }
          ],
          "desc": "同根"
        },
        "usspeech": "thorn&type=2",
        "trans": [
          {
            "tranCn": "刺，荆棘",
            "descOther": "英释",
            "descCn": "中释",
            "pos": "n",
            "tranOther": "a sharp point that grows on the stem of a plant such as a rose"
          }
        ]
      }
    }
  },
  "bookId": "IELTSluan_2"
}