{
  "wordRank": 1154,
  "headWord": "involve",
  "content": {
    "word": {
      "wordHead": "involve",
      "wordId": "IELTSluan_2_1154",
      "content": {
        "sentence": {
          "sentences": [
            {
              "sContent": "What will the job involve?",
              "sCn": "这份工作包括什么？"
            },
            {
              "sContent": "I didn’t realize putting on a play involved so much work.",
              "sCn": "我没想到上演一出戏剧需要做这么多的工作。"
            }
          ],
          "desc": "例句"
        },
        "usphone": "ɪn'vɑlv",
        "ukspeech": "involve&type=1",
        "star": 0,
        "usspeech": "involve&type=2",
        "syno": {
          "synos": [
            {
              "pos": "vt",
              "tran": "包含；牵涉；使陷于；潜心于",
              "hwds": [
                {
                  "w": "contain"
                },
                {
                  "w": "comprise"
                }
              ]
            }
          ],
          "desc": "同近"
        },
        "ukphone": "ɪn'vɒlv",
        "phrase": {
          "phrases": [
            {
              "pContent": "involve in",
              "pCn": "参与；涉及；卷入，陷入"
            }
          ],
          "desc": "短语"
        },
        "phone": "in'vɔlv",
        "speech": "involve",
        "remMethod": {
          "val": " in(进入) + volv(卷) + e → 使卷入， 牵涉",
          "desc": "记忆"
        },
        "relWord": {
          "rels": [
            {
              "pos": "adj",
              "words": [
                {
                  "hwd": "involved",
                  "tran": " 有关的；卷入的；复杂的"
                }
              ]
            },
            {
              "pos": "n",
              "words": [
                {
                  "hwd": "involvement",
                  "tran": " 牵连；包含；混乱；财政困难"
                }
              ]
            },
            {
              "pos": "v",
              "words": [
                {
                  "hwd": "involved",
                  "tran": " 涉及；使参与；包含（involve的过去式和过去分词）"
                }
              ]
            }
          ],
          "desc": "同根"
        },
        "trans": [
          {
            "tranCn": "使陷入，使卷入，包含",
            "descOther": "英释",
            "descCn": "中释",
            "pos": "v",
            "tranOther": "if an activity or situation involves something, that thing is part of it or a result of it"
          }
        ]
      }
    }
  },
  "bookId": "IELTSluan_2"
}