{
  "wordRank": 1155,
  "headWord": "architect",
  "content": {
    "word": {
      "wordHead": "architect",
      "wordId": "IELTSluan_2_1155",
      "content": {
        "sentence": {
          "sentences": [
            {
              "sContent": "James Madison was the principal architect of the constitution.",
              "sCn": "詹姆斯·麦迪逊是该宪法的主设计师。"
            }
          ],
          "desc": "例句"
        },
        "usphone": "'ɑrkɪtɛkt",
        "ukphone": "'ɑːkɪtekt",
        "ukspeech": "architect&type=1",
        "star": 0,
        "phrase": {
          "phrases": [
            {
              "pContent": "landscape architect",
              "pCn": "n. 造园技师；环境美化设计家"
            },
            {
              "pContent": "chief architect",
              "pCn": "总建筑师"
            },
            {
              "pContent": "system architect",
              "pCn": "系统架构师；系统结构设计员"
            },
            {
              "pContent": "naval architect",
              "pCn": "造船工程师，造船技师"
            }
          ],
          "desc": "短语"
        },
        "phone": "'ɑ:kitekt",
        "speech": "architect",
        "relWord": {
          "rels": [
            {
              "pos": "adj",
              "words": [
                {
                  "hwd": "architectural",
                  "tran": " 建筑学的；建筑上的；符合建筑法的"
                },
                {
                  "hwd": "architectonic",
                  "tran": " 建筑术的；组织的；知识体系的"
                }
              ]
            },
            {
              "pos": "adv",
              "words": [
                {
                  "hwd": "architecturally",
                  "tran": " 建筑上地；关于建筑地"
                }
              ]
            },
            {
              "pos": "n",
              "words": [
                {
                  "hwd": "architecture",
                  "tran": " 建筑学；建筑风格；建筑式样"
                },
                {
                  "hwd": "architectonic",
                  "tran": " 体系论；建筑学（等于architectonics）"
                },
                {
                  "hwd": "architectonics",
                  "tran": " 建筑学；结构设计"
                }
              ]
            }
          ],
          "desc": "同根"
        },
        "usspeech": "architect&type=2",
        "trans": [
          {
            "tranCn": "建筑师；设计师",
            "descOther": "英释",
            "descCn": "中释",
            "pos": "n",
            "tranOther": "someone whose job is to design buildings"
          }
        ]
      }
    }
  },
  "bookId": "IELTSluan_2"
}