{
  "wordRank": 1156,
  "headWord": "particle",
  "content": {
    "word": {
      "wordHead": "particle",
      "wordId": "IELTSluan_2_1156",
      "content": {
        "sentence": {
          "sentences": [
            {
              "sContent": "dust particles",
              "sCn": "尘埃"
            }
          ],
          "desc": "例句"
        },
        "usphone": "'pɑrtɪkl",
        "syno": {
          "synos": [
            {
              "pos": "n",
              "tran": "颗粒；[物]质点；极小量；小品词",
              "hwds": [
                {
                  "w": "grain"
                },
                {
                  "w": "granule"
                }
              ]
            }
          ],
          "desc": "同近"
        },
        "ukphone": "'pɑːtɪk(ə)l",
        "ukspeech": "particle&type=1",
        "star": 0,
        "phrase": {
          "phrases": [
            {
              "pContent": "particle size",
              "pCn": "粒度；颗粒大小"
            },
            {
              "pContent": "particle size distribution",
              "pCn": "粒度分布"
            },
            {
              "pContent": "particle diameter",
              "pCn": "粒径；颗粒直径，粒子直径"
            },
            {
              "pContent": "fine particle",
              "pCn": "细粒；微粒"
            },
            {
              "pContent": "magnetic particle",
              "pCn": "磁粉；磁粒子，磁秽"
            },
            {
              "pContent": "solid particle",
              "pCn": "固体微粒；实体颗粒"
            },
            {
              "pContent": "particle physics",
              "pCn": "粒子物理学"
            },
            {
              "pContent": "particle velocity",
              "pCn": "粒子速度；质点（振动）速度"
            },
            {
              "pContent": "particle board",
              "pCn": "刨花板，碎料板"
            },
            {
              "pContent": "charged particle",
              "pCn": "带电粒子"
            },
            {
              "pContent": "particle size analyzer",
              "pCn": "粒度分析仪，粒度分析器；颗粒大小分析仪"
            },
            {
              "pContent": "particle counter",
              "pCn": "粒子计数器；粒子计数管；颗粒测量计数器"
            },
            {
              "pContent": "dust particle",
              "pCn": "尘粒；微尘"
            },
            {
              "pContent": "average particle size",
              "pCn": "平均粒度"
            },
            {
              "pContent": "particle dynamics",
              "pCn": "质点动力学"
            },
            {
              "pContent": "particle size analysis",
              "pCn": "粒度分析"
            },
            {
              "pContent": "elementary particle",
              "pCn": "基本粒子；元质点"
            },
            {
              "pContent": "particle density",
              "pCn": "粒子密度"
            },
            {
              "pContent": "spherical particle",
              "pCn": "球形颗粒"
            },
            {
              "pContent": "suspended particle",
              "pCn": "悬浮颗粒；悬浮粒子；浮游质点"
            }
          ],
          "desc": "短语"
        },
        "phone": "'pɑ:tikl",
        "speech": "particle",
        "remMethod": {
          "val": " part(部分) + icle(看作article， 物品) → 物品的一部分 → 极少量",
          "desc": "记忆"
        },
        "usspeech": "particle&type=2",
        "trans": [
          {
            "tranCn": "颗粒，微粒，[语]小品词",
            "descOther": "英释",
            "descCn": "中释",
            "pos": "n",
            "tranOther": "a very small piece of something"
          }
        ]
      }
    }
  },
  "bookId": "IELTSluan_2"
}