{
  "wordRank": 1157,
  "headWord": "accord",
  "content": {
    "word": {
      "wordHead": "accord",
      "wordId": "IELTSluan_2_1157",
      "content": {
        "sentence": {
          "sentences": [
            {
              "sContent": "There was a silence as the women turned with one accord to stare at Doreen.",
              "sCn": "那些女人一齐转身盯着多琳看，全场鸦雀无声。"
            }
          ],
          "desc": "例句"
        },
        "usphone": "ə'kɔrd",
        "syno": {
          "synos": [
            {
              "pos": "n",
              "tran": "符合；一致；协议；自愿",
              "hwds": [
                {
                  "w": "agreement"
                },
                {
                  "w": "unity"
                },
                {
                  "w": "identity"
                },
                {
                  "w": "keeping"
                },
                {
                  "w": "consensus"
                }
              ]
            },
            {
              "pos": "vt",
              "tran": "使一致；给予",
              "hwds": [
                {
                  "w": "afford"
                },
                {
                  "w": "allow"
                },
                {
                  "w": "deal"
                },
                {
                  "w": "extend"
                },
                {
                  "w": "deliver"
                }
              ]
            },
            {
              "pos": "vi",
              "tran": "符合；一致",
              "hwds": [
                {
                  "w": "cotton"
                },
                {
                  "w": "identify"
                },
                {
                  "w": "square"
                },
                {
                  "w": "meet with"
                },
                {
                  "w": "correspond with"
                }
              ]
            }
          ],
          "desc": "同近"
        },
        "ukphone": "ə'kɔːd",
        "ukspeech": "accord&type=1",
        "star": 0,
        "phrase": {
          "phrases": [
            {
              "pContent": "accord with",
              "pCn": "同…相符合；与…一致"
            },
            {
              "pContent": "in accord with",
              "pCn": "同…相符合；与…一致"
            },
            {
              "pContent": "with one accord",
              "pCn": "一致地"
            },
            {
              "pContent": "out of accord with",
              "pCn": "同…不一致"
            },
            {
              "pContent": "accord development",
              "pCn": "和谐发展"
            },
            {
              "pContent": "of its own accord",
              "pCn": "自动地；自愿地；自然而然"
            },
            {
              "pContent": "honda accord",
              "pCn": "[汽车]本田雅阁"
            }
          ],
          "desc": "短语"
        },
        "phone": "ə'kɔ:d",
        "speech": "accord",
        "relWord": {
          "rels": [
            {
              "pos": "adj",
              "words": [
                {
                  "hwd": "according",
                  "tran": " 相符的"
                },
                {
                  "hwd": "accordant",
                  "tran": " 一致的；调和的"
                }
              ]
            },
            {
              "pos": "adv",
              "words": [
                {
                  "hwd": "according",
                  "tran": " 依照"
                }
              ]
            },
            {
              "pos": "n",
              "words": [
                {
                  "hwd": "accordance",
                  "tran": " 一致；和谐"
                }
              ]
            }
          ],
          "desc": "同根"
        },
        "usspeech": "accord&type=2",
        "trans": [
          {
            "tranCn": "一致，符合",
            "descOther": "英释",
            "descCn": "中释",
            "pos": "n",
            "tranOther": "a situation in which two people, ideas, or statements agree with each other"
          }
        ]
      }
    }
  },
  "bookId": "IELTSluan_2"
}