{
  "wordRank": 1158,
  "headWord": "pay",
  "content": {
    "word": {
      "wordHead": "pay",
      "wordId": "IELTSluan_2_1158",
      "content": {
        "sentence": {
          "sentences": [
            {
              "sContent": "Staff have been working without pay for the last month.",
              "sCn": "上个月员工们干活没拿到工资。"
            },
            {
              "sContent": "The tax is deducted from your pay every week.",
              "sCn": "这项税收每星期从你薪水中扣。"
            },
            {
              "sContent": "He was suspended on full pay until the hearing.",
              "sCn": "聆讯之前他停职留薪。"
            }
          ],
          "desc": "例句"
        },
        "usphone": "pe",
        "syno": {
          "synos": [
            {
              "pos": "vt",
              "tran": "支付，付；偿还，补偿",
              "hwds": [
                {
                  "w": "replace"
                },
                {
                  "w": "foot"
                },
                {
                  "w": "tender"
                }
              ]
            },
            {
              "pos": "vi",
              "tran": "[会计]付款；偿还",
              "hwds": [
                {
                  "w": "shell out"
                },
                {
                  "w": "repay"
                }
              ]
            },
            {
              "pos": "n",
              "tran": "[劳经]工资，薪水；[会计]付款",
              "hwds": [
                {
                  "w": "payment"
                },
                {
                  "w": "salary"
                },
                {
                  "w": "wage"
                }
              ]
            }
          ],
          "desc": "同近"
        },
        "ukphone": "peɪ",
        "ukspeech": "pay&type=1",
        "star": 0,
        "speech": "pay",
        "relWord": {
          "rels": [
            {
              "pos": "adj",
              "words": [
                {
                  "hwd": "payable",
                  "tran": " 应付的；到期的；可付的；可获利的"
                },
                {
                  "hwd": "paying",
                  "tran": " 支付的；赢利的；合算的"
                }
              ]
            },
            {
              "pos": "n",
              "words": [
                {
                  "hwd": "payment",
                  "tran": " 付款，支付；报酬，报答；偿还；惩罚，报应"
                },
                {
                  "hwd": "payload",
                  "tran": " （导弹、火箭等的）有效载荷，有效负荷；收费载重，酬载；（工厂、企业等）工资负担"
                },
                {
                  "hwd": "paycheck",
                  "tran": " 付薪水的支票，薪水"
                },
                {
                  "hwd": "payee",
                  "tran": " 领款人，收款人"
                },
                {
                  "hwd": "payer",
                  "tran": " 付款人；支付者"
                },
                {
                  "hwd": "paying",
                  "tran": " 支付；填缝；放送绳链"
                }
              ]
            },
            {
              "pos": "v",
              "words": [
                {
                  "hwd": "paying",
                  "tran": " 支付；报答（pay的ing形式）"
                }
              ]
            }
          ],
          "desc": "同根"
        },
        "usspeech": "pay&type=2",
        "trans": [
          {
            "tranCn": "工资",
            "descOther": "英释",
            "descCn": "中释",
            "pos": "n",
            "tranOther": "money that you are given for doing your job"
          },
          {
            "tranCn": "支付；有利；给予",
            "descOther": "英释",
            "descCn": "中释",
            "pos": "v",
            "tranOther": "to give someone money for the job they do"
          }
        ]
      }
    }
  },
  "bookId": "IELTSluan_2"
}