{
  "wordRank": 1159,
  "headWord": "pharmaceutical",
  "content": {
    "word": {
      "wordHead": "pharmaceutical",
      "wordId": "IELTSluan_2_1159",
      "content": {
        "sentence": {
          "sentences": [
            {
              "sContent": "the pharmaceutical industry",
              "sCn": "制药业"
            },
            {
              "sContent": "pharmaceutical products",
              "sCn": "药物"
            }
          ],
          "desc": "例句"
        },
        "usphone": ",fɑrmə'sutɪkl",
        "syno": {
          "synos": [
            {
              "pos": "n",
              "tran": "药物",
              "hwds": [
                {
                  "w": "drugs"
                },
                {
                  "w": "medication"
                }
              ]
            }
          ],
          "desc": "同近"
        },
        "ukphone": ",fɑːmə'suːtɪk(ə)l; -'sjuː-",
        "ukspeech": "pharmaceutical&type=1",
        "star": 0,
        "phrase": {
          "phrases": [
            {
              "pContent": "pharmaceutical factory",
              "pCn": "药厂；制药厂"
            },
            {
              "pContent": "pharmaceutical analysis",
              "pCn": "药物分析"
            },
            {
              "pContent": "pharmaceutical chemistry",
              "pCn": "药物化学"
            },
            {
              "pContent": "pharmaceutical preparation",
              "pCn": "药物制剂；医药制剂"
            },
            {
              "pContent": "pharmaceutical product",
              "pCn": "药剂；药用物品"
            },
            {
              "pContent": "pharmaceutical botany",
              "pCn": "药用植物学"
            },
            {
              "pContent": "pharmaceutical department",
              "pCn": "制药科"
            }
          ],
          "desc": "短语"
        },
        "phone": ",fɑ:mə'sju:tikəl",
        "speech": "pharmaceutical",
        "relWord": {
          "rels": [
            {
              "pos": "adj",
              "words": [
                {
                  "hwd": "pharmacologic",
                  "tran": " 药理学的；药物学的"
                }
              ]
            },
            {
              "pos": "n",
              "words": [
                {
                  "hwd": "pharmacology",
                  "tran": " 药物学，药理学"
                },
                {
                  "hwd": "pharmacokinetics",
                  "tran": " 药物（代谢）动力学"
                },
                {
                  "hwd": "pharmaceutics",
                  "tran": " 制药学；配药学"
                },
                {
                  "hwd": "pharmacogenetics",
                  "tran": " 遗传药理学；药物基因学"
                }
              ]
            }
          ],
          "desc": "同根"
        },
        "usspeech": "pharmaceutical&type=2",
        "trans": [
          {
            "tranCn": "制药的；药物的",
            "descOther": "英释",
            "descCn": "中释",
            "pos": "adj",
            "tranOther": "relating to the production of drugs and medicines"
          }
        ]
      }
    }
  },
  "bookId": "IELTSluan_2"
}