{
  "wordRank": 116,
  "headWord": "unlikely",
  "content": {
    "word": {
      "wordHead": "unlikely",
      "wordId": "IELTSluan_2_116",
      "content": {
        "sentence": {
          "sentences": [
            {
              "sContent": "Donna might be able to come tomorrow, but it’s very unlikely.",
              "sCn": "唐娜明天也许能来，不过这可能性很小。"
            }
          ],
          "desc": "例句"
        },
        "usphone": "ʌn'laɪkli",
        "syno": {
          "synos": [
            {
              "pos": "adv",
              "tran": "未必",
              "hwds": [
                {
                  "w": "not necessarily"
                }
              ]
            }
          ],
          "desc": "同近"
        },
        "ukphone": "ʌn'laɪklɪ",
        "ukspeech": "unlikely&type=1",
        "star": 0,
        "phone": ",ʌn'laikli",
        "speech": "unlikely",
        "relWord": {
          "rels": [
            {
              "pos": "adj",
              "words": [
                {
                  "hwd": "unlike",
                  "tran": " 不同的，不相似的"
                }
              ]
            },
            {
              "pos": "n",
              "words": [
                {
                  "hwd": "unlikelihood",
                  "tran": " 不可信；未必有；不大可能的事"
                },
                {
                  "hwd": "unlikeliness",
                  "tran": " 不大可能；不一样"
                },
                {
                  "hwd": "unlikeness",
                  "tran": " 不同；不相等；不像"
                }
              ]
            },
            {
              "pos": "prep",
              "words": [
                {
                  "hwd": "unlike",
                  "tran": " 和…不同，不像"
                }
              ]
            }
          ],
          "desc": "同根"
        },
        "usspeech": "unlikely&type=2",
        "trans": [
          {
            "tranCn": "未必的，不大可能的",
            "descOther": "英释",
            "descCn": "中释",
            "pos": "adj",
            "tranOther": "not likely to happen"
          }
        ]
      }
    }
  },
  "bookId": "IELTSluan_2"
}