{
  "wordRank": 1160,
  "headWord": "insult",
  "content": {
    "word": {
      "wordHead": "insult",
      "wordId": "IELTSluan_2_1160",
      "content": {
        "sentence": {
          "sentences": [
            {
              "sContent": "Nobody insults my family and gets away with it!",
              "sCn": "谁也别想侮辱了我的家人之后就这么算了！"
            },
            {
              "sContent": "I hope Andy won’t be insulted if I don’t come.",
              "sCn": "如果我不来，希望安迪不要介意。"
            }
          ],
          "desc": "例句"
        },
        "usphone": "ɪn'sʌlt",
        "syno": {
          "synos": [
            {
              "pos": "vt",
              "tran": "侮辱；辱骂；损害",
              "hwds": [
                {
                  "w": "hurt"
                },
                {
                  "w": "abuse"
                }
              ]
            },
            {
              "pos": "n",
              "tran": "侮辱；凌辱；无礼",
              "hwds": [
                {
                  "w": "despite"
                },
                {
                  "w": "contumely"
                }
              ]
            }
          ],
          "desc": "同近"
        },
        "ukphone": "ɪn'sʌlt",
        "ukspeech": "insult&type=1",
        "star": 0,
        "phrase": {
          "phrases": [
            {
              "pContent": "add insult to injury",
              "pCn": "雪上加霜；伤害之外又加侮辱"
            }
          ],
          "desc": "短语"
        },
        "phone": "in'sʌlt",
        "speech": "insult",
        "relWord": {
          "rels": [
            {
              "pos": "adj",
              "words": [
                {
                  "hwd": "insulting",
                  "tran": " 侮辱的，无礼的；污蔑的；损害人体的"
                }
              ]
            },
            {
              "pos": "adv",
              "words": [
                {
                  "hwd": "insultingly",
                  "tran": " 侮辱地；无礼地"
                }
              ]
            },
            {
              "pos": "v",
              "words": [
                {
                  "hwd": "insulting",
                  "tran": " 侮辱；损害（insult的ing形式）"
                }
              ]
            }
          ],
          "desc": "同根"
        },
        "usspeech": "insult&type=2",
        "trans": [
          {
            "tranCn": "侮辱，凌辱",
            "descOther": "英释",
            "descCn": "中释",
            "pos": "v",
            "tranOther": "to offend someone by saying or doing something they think is rude"
          },
          {
            "tranCn": "侮辱的言词或行为",
            "descCn": "中释",
            "pos": "n"
          }
        ]
      }
    }
  },
  "bookId": "IELTSluan_2"
}