{
  "wordRank": 1161,
  "headWord": "tug",
  "content": {
    "word": {
      "wordHead": "tug",
      "wordId": "IELTSluan_2_1161",
      "content": {
        "sentence": {
          "sentences": [
            {
              "sContent": "The woman gently tugged his arm.",
              "sCn": "那女人轻轻拽了拽他的胳膊。"
            }
          ],
          "desc": "例句"
        },
        "usphone": "tʌɡ",
        "ukspeech": "tug&type=1",
        "star": 0,
        "usspeech": "tug&type=2",
        "syno": {
          "synos": [
            {
              "pos": "n",
              "tran": "拖船；拖曳；苦干",
              "hwds": [
                {
                  "w": "tugboat"
                },
                {
                  "w": "towboat"
                }
              ]
            },
            {
              "pos": "vi",
              "tran": "用力拉；竞争；努力做",
              "hwds": [
                {
                  "w": "contest"
                },
                {
                  "w": "cope"
                }
              ]
            },
            {
              "pos": "vt",
              "tran": "用力拉；较量；用拖船拖",
              "hwds": [
                {
                  "w": "rouse up"
                },
                {
                  "w": "stack up against"
                }
              ]
            }
          ],
          "desc": "同近"
        },
        "ukphone": "tʌg",
        "phrase": {
          "phrases": [
            {
              "pContent": "tug of war",
              "pCn": "拔河，拔河比赛；两派间的激烈竞争"
            },
            {
              "pContent": "tug boat",
              "pCn": "拖船；拖轮"
            }
          ],
          "desc": "短语"
        },
        "phone": "tʌɡ",
        "speech": "tug",
        "remMethod": {
          "val": " “探戈” → 跳探戈时脚步拖拉要有力 → 用力拖(或拉)",
          "desc": "记忆"
        },
        "relWord": {
          "rels": [
            {
              "pos": "n",
              "words": [
                {
                  "hwd": "tugger",
                  "tran": " 拖拉装置绞车；轻便绞车；拖拉器；卷扬机"
                }
              ]
            }
          ],
          "desc": "同根"
        },
        "trans": [
          {
            "tranCn": "用力拉，猛拉，拖拉",
            "descOther": "英释",
            "descCn": "中释",
            "pos": "vt&vi",
            "tranOther": "to pull with one or more short, quick pulls"
          }
        ]
      }
    }
  },
  "bookId": "IELTSluan_2"
}