{
  "wordRank": 1162,
  "headWord": "constituent",
  "content": {
    "word": {
      "wordHead": "constituent",
      "wordId": "IELTSluan_2_1162",
      "content": {
        "sentence": {
          "sentences": [
            {
              "sContent": "the EU and its constituent members",
              "sCn": "欧盟及其成员国"
            }
          ],
          "desc": "例句"
        },
        "usphone": "kən'stɪtʃuənt",
        "ukspeech": "constituent&type=1",
        "star": 0,
        "usspeech": "constituent&type=2",
        "syno": {
          "synos": [
            {
              "pos": "n",
              "tran": "成分；选民；委托人",
              "hwds": [
                {
                  "w": "element"
                },
                {
                  "w": "client"
                },
                {
                  "w": "component"
                },
                {
                  "w": "principal"
                }
              ]
            },
            {
              "pos": "adj",
              "tran": "构成的；选举的",
              "hwds": [
                {
                  "w": "component"
                },
                {
                  "w": "electoral"
                }
              ]
            }
          ],
          "desc": "同近"
        },
        "ukphone": "kən'stɪtjʊənt",
        "phrase": {
          "phrases": [
            {
              "pContent": "constituent structure",
              "pCn": "句子结构；成分结构"
            },
            {
              "pContent": "chemical constituent",
              "pCn": "化学组分，化学成分"
            },
            {
              "pContent": "active constituent",
              "pCn": "活性组分"
            },
            {
              "pContent": "main constituent",
              "pCn": "主成分"
            },
            {
              "pContent": "constituent ratio",
              "pCn": "构成比，结构相对数"
            },
            {
              "pContent": "effective constituent",
              "pCn": "有效成分"
            },
            {
              "pContent": "constituent element",
              "pCn": "组元；组成部件"
            },
            {
              "pContent": "constituent stock",
              "pCn": "成分股"
            },
            {
              "pContent": "constituent assembly",
              "pCn": "立宪会议；国民代表大会"
            },
            {
              "pContent": "mineral constituent",
              "pCn": "矿物成分；矿物组成"
            }
          ],
          "desc": "短语"
        },
        "phone": "kən'stitjuənt",
        "speech": "constituent",
        "remMethod": {
          "val": " con(共同) + stit(=stat站立) + uent → 站在一起 → 成分",
          "desc": "记忆"
        },
        "relWord": {
          "rels": [
            {
              "pos": "adj",
              "words": [
                {
                  "hwd": "constitutive",
                  "tran": " 基本的；本质的；制定的；构成分子的"
                }
              ]
            },
            {
              "pos": "n",
              "words": [
                {
                  "hwd": "constituency",
                  "tran": " （选区的）选民；支持者；（一批）顾客"
                },
                {
                  "hwd": "constitutive",
                  "tran": " 要素"
                }
              ]
            },
            {
              "pos": "vt",
              "words": [
                {
                  "hwd": "constitute",
                  "tran": " 组成，构成；建立；任命"
                }
              ]
            }
          ],
          "desc": "同根"
        },
        "trans": [
          {
            "tranCn": "有选举权的；组成的",
            "descOther": "英释",
            "descCn": "中释",
            "pos": "adj",
            "tranOther": "being one of the parts of something"
          },
          {
            "tranCn": "选民；成份",
            "descCn": "中释",
            "pos": "v"
          }
        ]
      }
    }
  },
  "bookId": "IELTSluan_2"
}