{
  "wordRank": 1163,
  "headWord": "piecemeal",
  "content": {
    "word": {
      "wordHead": "piecemeal",
      "wordId": "IELTSluan_2_1163",
      "content": {
        "sentence": {
          "sentences": [
            {
              "sContent": "If you have tests, perhaps you could adopt more of the other practices in a piecemeal fashion, but why would you want to?",
              "sContent_eng": "If you have tests, perhaps you could adopt more of the other practices in a <b>piecemeal</b> fashion, but why would you want to?",
              "sSpeech": "If+you+have+tests%2C+perhaps+you+could+adopt+more+of+the+other+practices+in+a+piecemeal+fashion%2C+but+why+would+you+want+to%3F&le=eng",
              "sCn": "如果您有了一些测试，您或许能够进一步零零碎碎地采用更多其它的测试，但您为什么要这样做呢？"
            },
            {
              "sContent": "Our current old, piecemeal energy transmission capability is barely up to today’s need let alone tomorrow’s and I see no signs of private capital stepping in to do the job.",
              "sContent_eng": "Our current old, <b>piecemeal</b> energy transmission capability is barely up to today’s need let alone tomorrow’s and I see no signs of private capital stepping in to do the job.",
              "sSpeech": "Our+current+old%2C+piecemeal+energy+transmission+capability+is+barely+up+to+today%E2%80%99s+need+let+alone+tomorrow%E2%80%99s+and+I+see+no+signs+of+private+capital+stepping+in+to+do+the+job.&le=eng",
              "sCn": "我们目前旧的，零碎的能源传输能力已不能满足今天的需求，也不足以留给明天，我也没看到私有生产者做这个工作的迹象。"
            }
          ],
          "desc": "例句"
        },
        "usphone": "'pismil",
        "syno": {
          "synos": [
            {
              "pos": "adj",
              "tran": "零碎的；逐渐的",
              "hwds": [
                {
                  "w": "gradual"
                },
                {
                  "w": "bitty"
                }
              ]
            },
            {
              "pos": "n",
              "tran": "片；块",
              "hwds": [
                {
                  "w": "block"
                },
                {
                  "w": "mass"
                },
                {
                  "w": "slip"
                }
              ]
            },
            {
              "pos": "vt",
              "tran": "粉碎",
              "hwds": [
                {
                  "w": "comminute"
                },
                {
                  "w": "pulverize"
                }
              ]
            }
          ],
          "desc": "同近"
        },
        "ukphone": "'piːsmiːl",
        "ukspeech": "piecemeal&type=1",
        "star": 0,
        "phone": "'pi:smi:l",
        "speech": "piecemeal",
        "usspeech": "piecemeal&type=2",
        "trans": [
          {
            "tranCn": "零碎地，零碎的",
            "descCn": "中释",
            "pos": "ad&a"
          }
        ]
      }
    }
  },
  "bookId": "IELTSluan_2"
}