{
  "wordRank": 1164,
  "headWord": "decimal",
  "content": {
    "word": {
      "wordHead": "decimal",
      "wordId": "IELTSluan_2_1164",
      "content": {
        "sentence": {
          "sentences": [
            {
              "sContent": "changing to a decimal system",
              "sCn": "改为十进制"
            },
            {
              "sContent": "calculations accurate to three decimal places",
              "sCn": "精确到小数点后三位的计算"
            }
          ],
          "desc": "例句"
        },
        "usphone": "'dɛsɪml",
        "syno": {
          "synos": [
            {
              "pos": "adj",
              "tran": "小数的；[数]十进位的",
              "hwds": [
                {
                  "w": "fractional"
                }
              ]
            },
            {
              "pos": "n",
              "tran": "[数]小数",
              "hwds": [
                {
                  "w": "small number"
                },
                {
                  "w": "haet"
                }
              ]
            }
          ],
          "desc": "同近"
        },
        "ukphone": "'desɪm(ə)l",
        "ukspeech": "decimal&type=1",
        "star": 0,
        "phrase": {
          "phrases": [
            {
              "pContent": "decimal point",
              "pCn": "小数点"
            },
            {
              "pContent": "decimal number",
              "pCn": "十进制数；小数"
            },
            {
              "pContent": "decimal system",
              "pCn": "十进制"
            },
            {
              "pContent": "coded decimal",
              "pCn": "二进制编码的十进制"
            },
            {
              "pContent": "binary coded decimal",
              "pCn": "二-十进制数"
            },
            {
              "pContent": "decimal place",
              "pCn": "小数位"
            },
            {
              "pContent": "decimal fraction",
              "pCn": "n. 小数；十进制小数"
            },
            {
              "pContent": "decimal digit",
              "pCn": "十进制数字（位）"
            },
            {
              "pContent": "dewey decimal system",
              "pCn": "杜威十进分类法；杜威十进制系统"
            }
          ],
          "desc": "短语"
        },
        "phone": "'desiməl",
        "speech": "decimal",
        "relWord": {
          "rels": [
            {
              "pos": "n",
              "words": [
                {
                  "hwd": "decimalization",
                  "tran": " 十进制；十进制化"
                }
              ]
            },
            {
              "pos": "vt",
              "words": [
                {
                  "hwd": "decimalize",
                  "tran": " 将…改为十进制"
                }
              ]
            }
          ],
          "desc": "同根"
        },
        "usspeech": "decimal&type=2",
        "trans": [
          {
            "tranCn": "十进法的，小数的",
            "descOther": "英释",
            "descCn": "中释",
            "pos": "adj",
            "tranOther": "a decimal system is based on the number 10"
          }
        ]
      }
    }
  },
  "bookId": "IELTSluan_2"
}