{
  "wordRank": 1165,
  "headWord": "starch",
  "content": {
    "word": {
      "wordHead": "starch",
      "wordId": "IELTSluan_2_1165",
      "content": {
        "sentence": {
          "sentences": [
            {
              "sContent": "He eats a lot of starch.",
              "sCn": "他吃大量含淀粉的食物。"
            },
            {
              "sContent": "Avoid fatty foods and starches.",
              "sCn": "避免食用高脂的和含淀粉的食物。"
            }
          ],
          "desc": "例句"
        },
        "usphone": "stɑrtʃ",
        "syno": {
          "synos": [
            {
              "pos": "n",
              "tran": "[有化]淀粉；刻板，生硬",
              "hwds": [
                {
                  "w": "rigidity"
                },
                {
                  "w": "amylum"
                }
              ]
            }
          ],
          "desc": "同近"
        },
        "ukphone": "stɑːtʃ",
        "ukspeech": "starch&type=1",
        "star": 0,
        "phrase": {
          "phrases": [
            {
              "pContent": "corn starch",
              "pCn": "玉米淀粉，玉米粉"
            },
            {
              "pContent": "modified starch",
              "pCn": "变性淀粉；改性淀粉"
            },
            {
              "pContent": "potato starch",
              "pCn": "马铃薯淀粉；生粉；太白粉（台湾叫法）"
            },
            {
              "pContent": "wheat starch",
              "pCn": "小麦淀粉；澄粉"
            },
            {
              "pContent": "starch content",
              "pCn": "淀粉含量"
            },
            {
              "pContent": "maize starch",
              "pCn": "玉米淀粉；玉蜀黍淀粉"
            },
            {
              "pContent": "sweet potato starch",
              "pCn": "甘薯淀粉；蕃薯粉；地瓜粉"
            },
            {
              "pContent": "rice starch",
              "pCn": "米粉糊液，米淀粉"
            },
            {
              "pContent": "oxidized starch",
              "pCn": "氧化淀粉"
            },
            {
              "pContent": "cassava starch",
              "pCn": "木薯淀粉"
            },
            {
              "pContent": "tapioca starch",
              "pCn": "木薯淀粉"
            },
            {
              "pContent": "starch paste",
              "pCn": "淀粉糊"
            },
            {
              "pContent": "starch granule",
              "pCn": "淀粉颗粒；淀粉粒"
            },
            {
              "pContent": "soluble starch",
              "pCn": "可溶性淀粉"
            },
            {
              "pContent": "lotus root starch",
              "pCn": "藕粉"
            },
            {
              "pContent": "starch sugar",
              "pCn": "淀粉糖"
            },
            {
              "pContent": "native starch",
              "pCn": "原淀粉；天然淀粉"
            },
            {
              "pContent": "starch grain",
              "pCn": "淀粉粒"
            },
            {
              "pContent": "starch syrup",
              "pCn": "淀粉糖浆"
            },
            {
              "pContent": "starch solution",
              "pCn": "淀粉溶液"
            }
          ],
          "desc": "短语"
        },
        "phone": "stɑ:tʃ",
        "speech": "starch",
        "relWord": {
          "rels": [
            {
              "pos": "adj",
              "words": [
                {
                  "hwd": "starchy",
                  "tran": " 含淀粉的；浆糊状的；刻板的"
                }
              ]
            }
          ],
          "desc": "同根"
        },
        "usspeech": "starch&type=2",
        "trans": [
          {
            "tranCn": "淀粉",
            "descOther": "英释",
            "descCn": "中释",
            "pos": "n",
            "tranOther": "a substance which provides your body with energy and is found in foods such as grain, rice, and potatoes, or a food that contains this substance"
          }
        ]
      }
    }
  },
  "bookId": "IELTSluan_2"
}