{
  "wordRank": 1166,
  "headWord": "invincible",
  "content": {
    "word": {
      "wordHead": "invincible",
      "wordId": "IELTSluan_2_1166",
      "content": {
        "sentence": {
          "sentences": [
            {
              "sContent": "The might of the army is \"invincible,\" according to state media but the refugees are rather cynical about the ill equipped force.",
              "sContent_eng": "The might of the army is \"<b>invincible</b>,\" according to state media but the refugees are rather cynical about the ill equipped force.",
              "sSpeech": "The+might+of+the+army+is+%22invincible%2C%22+according+to+state+media+but+the+refugees+are+rather+cynical+about+the+ill+equipped+force.&le=eng",
              "sCn": "朝鲜官方媒体称朝鲜的军事力量是“无敌的”，可是朝鲜难民却对装备落后的军队表示出不屑。"
            }
          ],
          "desc": "例句"
        },
        "usphone": "ɪn'vɪnsəbl",
        "syno": {
          "synos": [
            {
              "pos": "adj",
              "tran": "无敌的；不能征服的",
              "hwds": [
                {
                  "w": "unbeatable"
                },
                {
                  "w": "unrivaled"
                }
              ]
            }
          ],
          "desc": "同近"
        },
        "ukphone": "ɪn'vɪnsɪb(ə)l",
        "ukspeech": "invincible&type=1",
        "star": 0,
        "phrase": {
          "phrases": [
            {
              "pContent": "remain invincible",
              "pCn": "立于不败之地"
            },
            {
              "pContent": "invincible position",
              "pCn": "不败之地"
            }
          ],
          "desc": "短语"
        },
        "phone": "in'vinsəbl",
        "speech": "invincible",
        "relWord": {
          "rels": [
            {
              "pos": "adv",
              "words": [
                {
                  "hwd": "invincibly",
                  "tran": " 无敌地；不屈不挠地"
                }
              ]
            },
            {
              "pos": "n",
              "words": [
                {
                  "hwd": "invincibility",
                  "tran": " 无敌；不可战胜"
                }
              ]
            }
          ],
          "desc": "同根"
        },
        "usspeech": "invincible&type=2",
        "trans": [
          {
            "tranCn": "无敌的，不能征服的",
            "descCn": "中释",
            "pos": "adj"
          }
        ]
      }
    }
  },
  "bookId": "IELTSluan_2"
}