{
  "wordRank": 1167,
  "headWord": "anchor",
  "content": {
    "word": {
      "wordHead": "anchor",
      "wordId": "IELTSluan_2_1167",
      "content": {
        "sentence": {
          "sentences": [
            {
              "sContent": "We dropped anchor a few yards offshore.",
              "sCn": "我们在离岸几码远的地方抛锚停航。"
            },
            {
              "sContent": "The next morning, they weighed anchor (=  lifted the anchor  ) and began to move south again.",
              "sCn": "第二天早上他们起锚，又开始向南航行。"
            }
          ],
          "desc": "例句"
        },
        "usphone": "'æŋkɚ",
        "syno": {
          "synos": [
            {
              "pos": "n",
              "tran": "[船]锚；抛锚停泊；靠山；新闻节目主播",
              "hwds": [
                {
                  "w": "kelleg"
                },
                {
                  "w": "backer patron"
                }
              ]
            },
            {
              "pos": "vt",
              "tran": "抛锚；[机]使固定；主持节目",
              "hwds": [
                {
                  "w": "fix"
                },
                {
                  "w": "nail"
                }
              ]
            }
          ],
          "desc": "同近"
        },
        "ukphone": "'æŋkə",
        "ukspeech": "anchor&type=1",
        "star": 0,
        "phrase": {
          "phrases": [
            {
              "pContent": "at anchor",
              "pCn": "停泊着；抛了锚"
            },
            {
              "pContent": "anchor rod",
              "pCn": "锚杆；地脚螺栓"
            },
            {
              "pContent": "anchor bolt",
              "pCn": "锚栓，地脚螺栓；锚定螺栓，基础螺栓"
            },
            {
              "pContent": "anchor rope",
              "pCn": "锚索，绷绳"
            },
            {
              "pContent": "cable anchor",
              "pCn": "电缆锚"
            },
            {
              "pContent": "cast anchor",
              "pCn": "v. 抛锚；定居下来"
            },
            {
              "pContent": "anchor chain",
              "pCn": "[机]锚链"
            },
            {
              "pContent": "anchor bar",
              "pCn": "撬锚棒；锚着钢筋；锚筋"
            },
            {
              "pContent": "steel anchor",
              "pCn": "钢锚件"
            },
            {
              "pContent": "anchor wire",
              "pCn": "锚索"
            },
            {
              "pContent": "drop anchor",
              "pCn": "vi. 抛锚"
            },
            {
              "pContent": "anchor pile",
              "pCn": "锚桩，系缆桩"
            },
            {
              "pContent": "gas anchor",
              "pCn": "气锚"
            },
            {
              "pContent": "anchor point",
              "pCn": "定位点，锚定点"
            },
            {
              "pContent": "anchor plate",
              "pCn": "锚定板；锚板；锚碇板"
            },
            {
              "pContent": "anchor device",
              "pCn": "锚固装置"
            },
            {
              "pContent": "ride at anchor",
              "pCn": "锚泊"
            },
            {
              "pContent": "ground anchor",
              "pCn": "地锚，锚钉"
            },
            {
              "pContent": "screw anchor",
              "pCn": "螺旋锚；螺旋型地锚"
            }
          ],
          "desc": "短语"
        },
        "speech": "anchor",
        "remMethod": {
          "val": " “安客” → 船抛锚， 客安心 → 抛锚",
          "desc": "记忆"
        },
        "relWord": {
          "rels": [
            {
              "pos": "n",
              "words": [
                {
                  "hwd": "anchorage",
                  "tran": " 锚地；下锚；停泊税"
                },
                {
                  "hwd": "anchorman",
                  "tran": " 末棒运动员；新闻节目主持人"
                },
                {
                  "hwd": "anchorperson",
                  "tran": " 新闻节目主持人"
                }
              ]
            }
          ],
          "desc": "同根"
        },
        "usspeech": "anchor&type=2",
        "trans": [
          {
            "tranCn": "锚；危难时可依靠的人或物；用锚泊船",
            "descOther": "英释",
            "descCn": "中释",
            "pos": "n&v",
            "tranOther": "a piece of heavy metal that is lowered to the bottom of the sea, a lake etc to prevent a ship or boat moving"
          }
        ]
      }
    }
  },
  "bookId": "IELTSluan_2"
}