{
  "wordRank": 1168,
  "headWord": "avail",
  "content": {
    "word": {
      "wordHead": "avail",
      "wordId": "IELTSluan_2_1168",
      "content": {
        "sentence": {
          "sentences": [
            {
              "sContent": "Guests should feel at liberty to avail themselves of your facilities.",
              "sCn": "客人们应可以随意使用你们的设施。"
            }
          ],
          "desc": "例句"
        },
        "usphone": "ə'vel",
        "syno": {
          "synos": [
            {
              "pos": "vi",
              "tran": "有用，有利",
              "hwds": [
                {
                  "w": "be of help"
                },
                {
                  "w": "have it"
                }
              ]
            },
            {
              "pos": "vt",
              "tran": "有利，有用",
              "hwds": [
                {
                  "w": "have it"
                },
                {
                  "w": "to advantage"
                }
              ]
            },
            {
              "pos": "n",
              "tran": "效用，利益",
              "hwds": [
                {
                  "w": "behalf"
                },
                {
                  "w": "utility"
                },
                {
                  "w": "benefit"
                },
                {
                  "w": "sake"
                },
                {
                  "w": "profit"
                }
              ]
            }
          ],
          "desc": "同近"
        },
        "ukphone": "ə'veɪl",
        "ukspeech": "avail&type=1",
        "star": 0,
        "phrase": {
          "phrases": [
            {
              "pContent": "to no avail",
              "pCn": "无效，完全无用"
            },
            {
              "pContent": "not avail someone",
              "pCn": "对某人不起作用"
            },
            {
              "pContent": "of no avail",
              "pCn": "无效；不起作用"
            },
            {
              "pContent": "avail of",
              "pCn": "利用"
            },
            {
              "pContent": "without avail",
              "pCn": "无用；徒劳地"
            },
            {
              "pContent": "of avail",
              "pCn": "有效，有用处"
            }
          ],
          "desc": "短语"
        },
        "speech": "avail",
        "remMethod": {
          "val": " a(对， 向) + vail(价值) → 对…有价值 → 有帮助， 有益",
          "desc": "记忆"
        },
        "relWord": {
          "rels": [
            {
              "pos": "adj",
              "words": [
                {
                  "hwd": "available",
                  "tran": " 有效的，可得的；可利用的；空闲的"
                }
              ]
            },
            {
              "pos": "n",
              "words": [
                {
                  "hwd": "availability",
                  "tran": " 可用性；有效性；实用性"
                }
              ]
            }
          ],
          "desc": "同根"
        },
        "usspeech": "avail&type=2",
        "trans": [
          {
            "tranCn": "有益于，有用",
            "descOther": "英释",
            "descCn": "中释",
            "pos": "v",
            "tranOther": "If you avail yourself of an offer or an opportunity, you accept the offer or make use of the opportunity"
          },
          {
            "tranCn": "用处，利益",
            "descCn": "中释",
            "pos": "n"
          }
        ]
      }
    }
  },
  "bookId": "IELTSluan_2"
}