{
  "wordRank": 1169,
  "headWord": "isolate",
  "content": {
    "word": {
      "wordHead": "isolate",
      "wordId": "IELTSluan_2_1169",
      "content": {
        "sentence": {
          "sentences": [
            {
              "sContent": "The town was isolated by the floods.",
              "sCn": "洪水使该镇与外界隔绝。"
            },
            {
              "sContent": "The US has sought to isolate Cuba both economically and politically.",
              "sCn": "美国一直想在经济和政治上孤立古巴。"
            }
          ],
          "desc": "例句"
        },
        "usphone": "aɪslˌet",
        "ukspeech": "isolate&type=1",
        "star": 0,
        "usspeech": "isolate&type=2",
        "syno": {
          "synos": [
            {
              "pos": "vt",
              "tran": "[生物]使隔离；使孤立；使绝缘",
              "hwds": [
                {
                  "w": "segregate"
                },
                {
                  "w": "seclude"
                }
              ]
            },
            {
              "pos": "vi",
              "tran": "[生物]隔离；孤立",
              "hwds": [
                {
                  "w": "cordon off"
                },
                {
                  "w": "to stand alone"
                }
              ]
            },
            {
              "pos": "adj",
              "tran": "[生物]隔离的；孤立的",
              "hwds": [
                {
                  "w": "shielded"
                },
                {
                  "w": "insular"
                }
              ]
            }
          ],
          "desc": "同近"
        },
        "ukphone": "'aɪsəleɪt",
        "phrase": {
          "phrases": [
            {
              "pContent": "protein isolate",
              "pCn": "分离蛋白"
            },
            {
              "pContent": "soy protein isolate",
              "pCn": "分离大豆蛋白"
            }
          ],
          "desc": "短语"
        },
        "phone": "'aisəleit, -lit",
        "speech": "isolate",
        "remMethod": {
          "val": " isol(＝insul岛屿) + ate(使…) → 使隔离， 使孤立",
          "desc": "记忆"
        },
        "relWord": {
          "rels": [
            {
              "pos": "adj",
              "words": [
                {
                  "hwd": "isolated",
                  "tran": " 孤立的；分离的；单独的；[电] 绝缘的"
                },
                {
                  "hwd": "isolating",
                  "tran": " 孤立的；绝缘的"
                },
                {
                  "hwd": "isolationist",
                  "tran": " 孤立主义的；孤立主义者的"
                },
                {
                  "hwd": "isolable",
                  "tran": " 可孤立的；可隔离的"
                }
              ]
            },
            {
              "pos": "n",
              "words": [
                {
                  "hwd": "isolation",
                  "tran": " 隔离；孤立；[电] 绝缘；[化学] 离析"
                },
                {
                  "hwd": "isolationism",
                  "tran": " 孤立主义"
                },
                {
                  "hwd": "isolationist",
                  "tran": " 孤立主义者"
                }
              ]
            },
            {
              "pos": "v",
              "words": [
                {
                  "hwd": "isolated",
                  "tran": " 使孤立；使绝缘；脱离（isolate的过去分词）"
                },
                {
                  "hwd": "isolating",
                  "tran": " 使隔离；使绝缘（isolate的ing形式）"
                }
              ]
            }
          ],
          "desc": "同根"
        },
        "trans": [
          {
            "tranCn": "隔离，孤立",
            "descOther": "英释",
            "descCn": "中释",
            "pos": "v",
            "tranOther": "to separate one person, group, or thing from other people or things"
          }
        ]
      }
    }
  },
  "bookId": "IELTSluan_2"
}