{
  "wordRank": 117,
  "headWord": "signature",
  "content": {
    "word": {
      "wordHead": "signature",
      "wordId": "IELTSluan_2_117",
      "content": {
        "sentence": {
          "sentences": [
            {
              "sContent": "Her signature is totally illegible (= cannot be read ) .",
              "sCn": "她的签字完全无法辨认。"
            },
            {
              "sContent": "The school collected 4,000 signatures for the petition.",
              "sCn": "学校为这份请愿书收集到了四千个签名。"
            },
            {
              "sContent": "The Ukrainians put their signatures to the Lisbon Protocol.",
              "sCn": "乌克兰签署了《里斯本协议》。"
            },
            {
              "sContent": "Someone’s forged my signature (= made an illegal copy of my name to deceive people ) on this letter.",
              "sCn": "有人在这封信中伪造了我的签名。"
            },
            {
              "sContent": "Each child must obtain the signature of his or her parents.",
              "sCn": "每个小孩都必须得到父母的签字。"
            }
          ],
          "desc": "例句"
        },
        "usphone": "'sɪgnətʃɚ",
        "ukspeech": "signature&type=1",
        "star": 0,
        "usspeech": "signature&type=2",
        "syno": {
          "synos": [
            {
              "pos": "n",
              "tran": "署名；签名；信号",
              "hwds": [
                {
                  "w": "a scratch of pen"
                }
              ]
            }
          ],
          "desc": "同近"
        },
        "ukphone": "'sɪgnətʃə",
        "phrase": {
          "phrases": [
            {
              "pContent": "digital signature",
              "pCn": "数字签名，数字签字"
            },
            {
              "pContent": "specimen signature",
              "pCn": "签字样本；印鉴样本"
            },
            {
              "pContent": "authorized signature",
              "pCn": "有权签字人的签字"
            },
            {
              "pContent": "signature tune",
              "pCn": "信号曲；音调"
            },
            {
              "pContent": "signature line",
              "pCn": "签名档；帖码线"
            },
            {
              "pContent": "signature dishes",
              "pCn": "招牌菜"
            },
            {
              "pContent": "signature card",
              "pCn": "签名卡；（银行）签字样卡"
            },
            {
              "pContent": "key signature",
              "pCn": "n. 音调符号"
            },
            {
              "pContent": "signature analysis",
              "pCn": "署名特征分析；特征分析；信号分析学；图形分析法"
            }
          ],
          "desc": "短语"
        },
        "phone": "'signətʃə",
        "speech": "signature",
        "remMethod": {
          "val": " sign(标记) + at + ure(表行为、 状态， 名词后缀) → 在文件上做记号 → 签名",
          "desc": "记忆"
        },
        "relWord": {
          "rels": [
            {
              "pos": "adj",
              "words": [
                {
                  "hwd": "signed",
                  "tran": " 有符号的；已签字的；有正负之分的"
                },
                {
                  "hwd": "signatory",
                  "tran": " 签署的；签约的"
                }
              ]
            },
            {
              "pos": "n",
              "words": [
                {
                  "hwd": "signatory",
                  "tran": " 签约国；签名人"
                },
                {
                  "hwd": "signaling",
                  "tran": " 发信号；打信号"
                },
                {
                  "hwd": "signer",
                  "tran": " 签名者；用手势示意者"
                },
                {
                  "hwd": "signifier",
                  "tran": " 信号物，记号；表示者"
                },
                {
                  "hwd": "signaler",
                  "tran": " 信号装置；信号员"
                },
                {
                  "hwd": "signalisation",
                  "tran": " 信号通知"
                },
                {
                  "hwd": "signalization",
                  "tran": " 信号作用"
                },
                {
                  "hwd": "signaller",
                  "tran": " 通讯兵；信号装置"
                },
                {
                  "hwd": "signalman",
                  "tran": " 信号员；信号手"
                }
              ]
            },
            {
              "pos": "v",
              "words": [
                {
                  "hwd": "signed",
                  "tran": " 署名；写下；预示；示意（sign的过去分词）"
                }
              ]
            },
            {
              "pos": "vi",
              "words": [
                {
                  "hwd": "signalize",
                  "tran": " 发信号"
                }
              ]
            },
            {
              "pos": "vt",
              "words": [
                {
                  "hwd": "signalise",
                  "tran": " 使…显著；用信号通知；庆祝；突出地表明"
                },
                {
                  "hwd": "signalize",
                  "tran": " 使显眼；使著名；向…发信号"
                }
              ]
            }
          ],
          "desc": "同根"
        },
        "trans": [
          {
            "tranCn": "签名",
            "descOther": "英释",
            "descCn": "中释",
            "pos": "n",
            "tranOther": "your name written in the way you usually write it, for example at the end of a letter, or on a cheque etc, to show that you have written it"
          }
        ]
      }
    }
  },
  "bookId": "IELTSluan_2"
}