{
  "wordRank": 1170,
  "headWord": "limp",
  "content": {
    "word": {
      "wordHead": "limp",
      "wordId": "IELTSluan_2_1170",
      "content": {
        "sentence": {
          "sentences": [
            {
              "sContent": "a limp handshake",
              "sCn": "无力的握手"
            },
            {
              "sContent": "His body suddenly went limp.",
              "sCn": "他突然身子一软。"
            }
          ],
          "desc": "例句"
        },
        "usphone": "lɪmp",
        "syno": {
          "synos": [
            {
              "pos": "adj",
              "tran": "柔软的，无力的；软弱的",
              "hwds": [
                {
                  "w": "weak"
                },
                {
                  "w": "soft"
                },
                {
                  "w": "tender"
                },
                {
                  "w": "ductile"
                }
              ]
            },
            {
              "pos": "vi",
              "tran": "跛行，一拐一拐地走；缓慢费力地前进",
              "hwds": [
                {
                  "w": "hirple"
                },
                {
                  "w": "hilch"
                }
              ]
            },
            {
              "pos": "n",
              "tran": "跛行",
              "hwds": [
                {
                  "w": "claudication"
                },
                {
                  "w": "hirple"
                }
              ]
            }
          ],
          "desc": "同近"
        },
        "ukphone": "lɪmp",
        "ukspeech": "limp&type=1",
        "star": 0,
        "phone": "limp",
        "speech": "limp",
        "remMethod": {
          "val": " 和limb(n. 肢； 翼)一起记",
          "desc": "记忆"
        },
        "relWord": {
          "rels": [
            {
              "pos": "adv",
              "words": [
                {
                  "hwd": "limply",
                  "tran": " 柔软地；四肢无力地，软绵绵地"
                }
              ]
            },
            {
              "pos": "n",
              "words": [
                {
                  "hwd": "limpness",
                  "tran": " 柔弱，软弱；疲倦"
                }
              ]
            }
          ],
          "desc": "同根"
        },
        "usspeech": "limp&type=2",
        "trans": [
          {
            "tranCn": "柔软的，软弱的",
            "descOther": "英释",
            "descCn": "中释",
            "pos": "adj",
            "tranOther": "not firm or strong"
          },
          {
            "tranCn": "跛行，蹒跚",
            "descOther": "英释",
            "descCn": "中释",
            "pos": "vt&n",
            "tranOther": "to walk slowly and with difficulty because one leg is hurt or injured"
          }
        ]
      }
    }
  },
  "bookId": "IELTSluan_2"
}