{
  "wordRank": 1171,
  "headWord": "represent",
  "content": {
    "word": {
      "wordHead": "represent",
      "wordId": "IELTSluan_2_1171",
      "content": {
        "sentence": {
          "sentences": [
            {
              "sContent": "Mr Kobayashi was chosen to represent the company at the conference.",
              "sCn": "小林先生被选中代表公司出席会议。"
            }
          ],
          "desc": "例句"
        },
        "usphone": ",rɛprɪ'zɛnt",
        "ukspeech": "represent&type=1",
        "star": 0,
        "usspeech": "represent&type=2",
        "syno": {
          "synos": [
            {
              "pos": "vt",
              "tran": "代表；表现；描绘；回忆；再赠送",
              "hwds": [
                {
                  "w": "conduct oneself"
                },
                {
                  "w": "bear oneself"
                },
                {
                  "w": "trace"
                },
                {
                  "w": "figure"
                }
              ]
            },
            {
              "pos": "vi",
              "tran": "代表；提出异议",
              "hwds": [
                {
                  "w": "to stand for"
                },
                {
                  "w": "stand for sth"
                }
              ]
            }
          ],
          "desc": "同近"
        },
        "ukphone": "reprɪ'zent",
        "phrase": {
          "phrases": [
            {
              "pContent": "represent something to oneself",
              "pCn": "想像出某事物"
            },
            {
              "pContent": "represent for",
              "pCn": "代表；象征"
            }
          ],
          "desc": "短语"
        },
        "phone": ",repri'zent",
        "speech": "represent",
        "remMethod": {
          "val": " re + present(出席) → 代表出席 → 代表",
          "desc": "记忆"
        },
        "relWord": {
          "rels": [
            {
              "pos": "adj",
              "words": [
                {
                  "hwd": "representative",
                  "tran": " 典型的，有代表性的；代议制的"
                },
                {
                  "hwd": "representational",
                  "tran": " 代表的；具象派的"
                },
                {
                  "hwd": "representable",
                  "tran": " 能被代表的；能上演的；能被描绘的"
                }
              ]
            },
            {
              "pos": "n",
              "words": [
                {
                  "hwd": "representative",
                  "tran": " 代表；典型；众议员"
                },
                {
                  "hwd": "representation",
                  "tran": " 代表；表现；表示法；陈述"
                }
              ]
            }
          ],
          "desc": "同根"
        },
        "trans": [
          {
            "tranCn": "代表；声称",
            "descOther": "英释",
            "descCn": "中释",
            "pos": "v",
            "tranOther": "to officially speak or take action for another person or group of people"
          }
        ]
      }
    }
  },
  "bookId": "IELTSluan_2"
}