{
  "wordRank": 1172,
  "headWord": "dissipate",
  "content": {
    "word": {
      "wordHead": "dissipate",
      "wordId": "IELTSluan_2_1172",
      "content": {
        "sentence": {
          "sentences": [
            {
              "sContent": "As he thought it over, his anger gradually dissipated.",
              "sCn": "他想明白后，怒气就渐渐消了。"
            },
            {
              "sContent": "Little by little, the smoke was dissipated by the breeze.",
              "sCn": "在微风的吹拂下烟雾渐渐地消散了。"
            }
          ],
          "desc": "例句"
        },
        "usphone": "'dɪsɪpet",
        "syno": {
          "synos": [
            {
              "pos": "vt",
              "tran": "浪费；使…消散",
              "hwds": [
                {
                  "w": "lose"
                },
                {
                  "w": "spend"
                }
              ]
            },
            {
              "pos": "vi",
              "tran": "驱散；放荡",
              "hwds": [
                {
                  "w": "to break up"
                },
                {
                  "w": "sow one's wild oats"
                }
              ]
            }
          ],
          "desc": "同近"
        },
        "ukphone": "'dɪsɪpeɪt",
        "ukspeech": "dissipate&type=1",
        "star": 0,
        "phone": "'disipeit",
        "speech": "dissipate",
        "relWord": {
          "rels": [
            {
              "pos": "adj",
              "words": [
                {
                  "hwd": "dissipated",
                  "tran": " 消散的；沉迷于酒色的；闲游浪荡的；放荡的"
                }
              ]
            },
            {
              "pos": "n",
              "words": [
                {
                  "hwd": "dissipation",
                  "tran": " 浪费；消散；[物] 损耗"
                }
              ]
            },
            {
              "pos": "vt",
              "words": [
                {
                  "hwd": "dissipated",
                  "tran": " 消散；浪费（dissipate的过去式）"
                }
              ]
            }
          ],
          "desc": "同根"
        },
        "usspeech": "dissipate&type=2",
        "trans": [
          {
            "tranCn": "消散，消失；浪费，挥霍",
            "descOther": "英释",
            "descCn": "中释",
            "pos": "v",
            "tranOther": "to gradually become less or weaker before disappearing completely, or to make something do this"
          }
        ]
      }
    }
  },
  "bookId": "IELTSluan_2"
}