{
  "wordRank": 1173,
  "headWord": "intersection",
  "content": {
    "word": {
      "wordHead": "intersection",
      "wordId": "IELTSluan_2_1173",
      "content": {
        "sentence": {
          "sentences": [
            {
              "sContent": "We crossed at a busy intersection.",
              "sCn": "我们穿过了一个繁忙的道路交叉口。"
            }
          ],
          "desc": "例句"
        },
        "usphone": ",ɪntɚ'sɛkʃən",
        "ukspeech": "intersection&type=1",
        "star": 0,
        "usspeech": "intersection&type=2",
        "syno": {
          "synos": [
            {
              "pos": "n",
              "tran": "交叉；[交]十字路口；交集；交叉点",
              "hwds": [
                {
                  "w": "junction"
                },
                {
                  "w": "chiasm"
                }
              ]
            }
          ],
          "desc": "同近"
        },
        "ukphone": "ɪntə'sekʃ(ə)n",
        "phrase": {
          "phrases": [
            {
              "pContent": "intersection point",
              "pCn": "交点；交叉点"
            },
            {
              "pContent": "road intersection",
              "pCn": "道路交汇处；道路交叉口；道路交叉"
            },
            {
              "pContent": "point of intersection",
              "pCn": "交点；交叉点"
            },
            {
              "pContent": "intersection line",
              "pCn": "交叉线；相交线"
            },
            {
              "pContent": "intersection curve",
              "pCn": "相交曲线"
            },
            {
              "pContent": "intersection angle",
              "pCn": "转角；交会角"
            }
          ],
          "desc": "短语"
        },
        "phone": ",intə'sekʃən",
        "speech": "intersection",
        "remMethod": {
          "val": " inter(在…中间) + sect(切割) + ion(名词后缀)→ 在路面中间切割 → 道路交叉口， 十字路口",
          "desc": "记忆"
        },
        "relWord": {
          "rels": [
            {
              "pos": "adj",
              "words": [
                {
                  "hwd": "intersectant",
                  "tran": " 交叉的，相交的"
                }
              ]
            },
            {
              "pos": "vi",
              "words": [
                {
                  "hwd": "intersect",
                  "tran": " 相交，交叉"
                }
              ]
            },
            {
              "pos": "vt",
              "words": [
                {
                  "hwd": "intersect",
                  "tran": " 横断，横切；贯穿"
                }
              ]
            }
          ],
          "desc": "同根"
        },
        "trans": [
          {
            "tranCn": "交**点，十字街口",
            "descOther": "英释",
            "descCn": "中释",
            "pos": "n",
            "tranOther": "a place where roads, lines etc cross each other, especially where two roads meet"
          }
        ]
      }
    }
  },
  "bookId": "IELTSluan_2"
}