{
  "wordRank": 1174,
  "headWord": "complement",
  "content": {
    "word": {
      "wordHead": "complement",
      "wordId": "IELTSluan_2_1174",
      "content": {
        "sentence": {
          "sentences": [
            {
              "sContent": "The green wallpaper is the perfect complement to the old pine of the dresser.",
              "sCn": "绿色墙纸是旧松木梳妆台的完美衬托。"
            }
          ],
          "desc": "例句"
        },
        "usphone": "ˈkɑːmplɪment",
        "syno": {
          "synos": [
            {
              "pos": "vt",
              "tran": "补足，补助",
              "hwds": [
                {
                  "w": "make up a loss"
                },
                {
                  "w": "make sth up"
                }
              ]
            }
          ],
          "desc": "同近"
        },
        "ukphone": "'kɒmplɪm(ə)nt",
        "ukspeech": "complement&type=1",
        "star": 0,
        "phrase": {
          "phrases": [
            {
              "pContent": "complement system",
              "pCn": "求补系统"
            },
            {
              "pContent": "complement activation",
              "pCn": "补体激活；补体的激活"
            },
            {
              "pContent": "object complement",
              "pCn": "宾语补足语；宾补"
            }
          ],
          "desc": "短语"
        },
        "phone": "'kɔmplimənt",
        "speech": "complement",
        "relWord": {
          "rels": [
            {
              "pos": "adj",
              "words": [
                {
                  "hwd": "complementary",
                  "tran": " 补足的，补充的"
                },
                {
                  "hwd": "complemental",
                  "tran": " 补足的；补充的；补偿的"
                }
              ]
            },
            {
              "pos": "n",
              "words": [
                {
                  "hwd": "complementarity",
                  "tran": " 互补性；补充；补足"
                },
                {
                  "hwd": "complementation",
                  "tran": " 互补；互补作用"
                }
              ]
            }
          ],
          "desc": "同根"
        },
        "usspeech": "complement&type=2",
        "trans": [
          {
            "tranCn": "补足物，船上的定员；补语",
            "descOther": "英释",
            "descCn": "中释",
            "pos": "n",
            "tranOther": "someone or something that emphasizes the good qualities of another person or thing"
          },
          {
            "tranCn": "补充，补足",
            "descOther": "英释",
            "descCn": "中释",
            "pos": "v",
            "tranOther": "to make a good combination with someone or something else"
          }
        ]
      }
    }
  },
  "bookId": "IELTSluan_2"
}