{
  "wordRank": 1175,
  "headWord": "vacuum",
  "content": {
    "word": {
      "wordHead": "vacuum",
      "wordId": "IELTSluan_2_1175",
      "content": {
        "sentence": {
          "sentences": [
            {
              "sContent": "His presence should fill the power vacuum that has been developing over the past few days.",
              "sCn": "他的出现应该能填补过去几天中形成的权力空缺。"
            }
          ],
          "desc": "例句"
        },
        "usphone": "'vækjʊəm",
        "syno": {
          "synos": [
            {
              "pos": "n",
              "tran": "[真空]真空；空间；真空吸尘器",
              "hwds": [
                {
                  "w": "room"
                },
                {
                  "w": "gamma space"
                }
              ]
            }
          ],
          "desc": "同近"
        },
        "ukphone": "'vækjʊəm",
        "ukspeech": "vacuum&type=1",
        "star": 0,
        "phrase": {
          "phrases": [
            {
              "pContent": "vacuum pump",
              "pCn": "[机]真空泵"
            },
            {
              "pContent": "in a vacuum",
              "pCn": "似在真空中"
            },
            {
              "pContent": "high vacuum",
              "pCn": "高度真空，高真空"
            },
            {
              "pContent": "vacuum distillation",
              "pCn": "真空蒸馏"
            },
            {
              "pContent": "vacuum cleaner",
              "pCn": "吸尘器；真空吸尘器；真空清洁器"
            },
            {
              "pContent": "vacuum system",
              "pCn": "真空系统"
            },
            {
              "pContent": "vacuum degree",
              "pCn": "真空度"
            },
            {
              "pContent": "vacuum drying",
              "pCn": "真空干燥"
            },
            {
              "pContent": "vacuum packaging",
              "pCn": "真空包装"
            },
            {
              "pContent": "vacuum furnace",
              "pCn": "真空炉；退火炉"
            },
            {
              "pContent": "vacuum filter",
              "pCn": "真空滤器"
            },
            {
              "pContent": "vacuum tube",
              "pCn": "真空管；电子管"
            },
            {
              "pContent": "vacuum packing",
              "pCn": "真空包装"
            },
            {
              "pContent": "vacuum circuit breaker",
              "pCn": "真空断路器"
            },
            {
              "pContent": "vacuum equipment",
              "pCn": "真空设备"
            },
            {
              "pContent": "vacuum chamber",
              "pCn": "真空室；压力室"
            },
            {
              "pContent": "vacuum evaporation",
              "pCn": "真空蒸发；真空蒸镀；真空涂膜"
            },
            {
              "pContent": "vacuum heat treatment",
              "pCn": "真空热处理；化学热处理"
            },
            {
              "pContent": "vacuum interrupter",
              "pCn": "真空断续器；真空隔离开关"
            },
            {
              "pContent": "vacuum forming",
              "pCn": "真空成型"
            }
          ],
          "desc": "短语"
        },
        "phone": "'vækjuəm",
        "speech": "vacuum",
        "remMethod": {
          "val": " vac(空的) + uum → 真空",
          "desc": "记忆"
        },
        "usspeech": "vacuum&type=2",
        "trans": [
          {
            "tranCn": "真空",
            "descOther": "英释",
            "descCn": "中释",
            "pos": "n",
            "tranOther": "a space that is completely empty of all gas, especially one from which all the air has been taken away"
          }
        ]
      }
    }
  },
  "bookId": "IELTSluan_2"
}