{
  "wordRank": 1176,
  "headWord": "personal",
  "content": {
    "word": {
      "wordHead": "personal",
      "wordId": "IELTSluan_2_1176",
      "content": {
        "sentence": {
          "sentences": [
            {
              "sContent": "My personal view is that we shouldn’t offer him the job.",
              "sCn": "我个人认为我们不该给他这份工作。"
            },
            {
              "sContent": "Style and colour are a matter of personal taste .",
              "sCn": "款式和颜色是个人爱好问题。"
            },
            {
              "sContent": "She took full personal responsibility for all the arrangements.",
              "sCn": "她个人对所有的安排承担全部责任。"
            },
            {
              "sContent": "When I went to her room all her personal belongings had gone.",
              "sCn": "我到她房间时，她所有的私人物品都已不在了。"
            },
            {
              "sContent": "After Alan’s death, his mother received his personal effects .",
              "sCn": "艾伦死后，他母亲接收了他的私人物品。"
            },
            {
              "sContent": "I know from personal experience that you can’t trust Ralph.",
              "sCn": "根据我的亲身经验，我认为你不能相信拉尔夫。"
            },
            {
              "sContent": "the personal qualities needed to be successful in business",
              "sCn": "生意成功所需要的个人素质"
            },
            {
              "sContent": "The car is for personal use only.",
              "sCn": "这辆汽车仅供私人使用。"
            },
            {
              "sContent": "On a personal level he felt sympathy for them, but he had a job to do.",
              "sCn": "从个人角度他很同情他们，但是他有任务在身。"
            },
            {
              "sContent": "celebrities with their own personal trainer",
              "sCn": "拥有私人健身教练的名流"
            }
          ],
          "desc": "例句"
        },
        "usphone": "'pɝsənl",
        "syno": {
          "synos": [
            {
              "pos": "adj",
              "tran": "个人的；身体的；亲自的",
              "hwds": [
                {
                  "w": "individual"
                },
                {
                  "w": "subjective"
                },
                {
                  "w": "physical"
                }
              ]
            }
          ],
          "desc": "同近"
        },
        "ukphone": "'pɜːs(ə)n(ə)l",
        "ukspeech": "personal&type=1",
        "star": 0,
        "phrase": {
          "phrases": [
            {
              "pContent": "personal information",
              "pCn": "个人信息，个人情况；个人资料，个人资讯"
            },
            {
              "pContent": "personal data",
              "pCn": "个人资料"
            },
            {
              "pContent": "personal computer",
              "pCn": "个人电脑；个人计算机"
            },
            {
              "pContent": "personal income",
              "pCn": "个人所得，个人收入"
            },
            {
              "pContent": "personal experience",
              "pCn": "个人经验"
            },
            {
              "pContent": "personal life",
              "pCn": "个人生活；私人生活"
            },
            {
              "pContent": "personal development",
              "pCn": "个人发展；人的能力发展"
            },
            {
              "pContent": "personal income tax",
              "pCn": "个人所得税"
            },
            {
              "pContent": "personal care",
              "pCn": "个人护理；个人护理用品"
            },
            {
              "pContent": "personal interest",
              "pCn": "个人利益；个人兴趣爱好"
            },
            {
              "pContent": "personal property",
              "pCn": "动产；私人财产"
            },
            {
              "pContent": "personal safety",
              "pCn": "人身安全；个人安全"
            },
            {
              "pContent": "personal growth",
              "pCn": "个人成长"
            },
            {
              "pContent": "personal injury",
              "pCn": "人身伤害"
            },
            {
              "pContent": "personal responsibility",
              "pCn": "个人责任；人事责任"
            },
            {
              "pContent": "personal hygiene",
              "pCn": "个人卫生"
            },
            {
              "pContent": "personal freedom",
              "pCn": "人身自由"
            },
            {
              "pContent": "personal opinion",
              "pCn": "个人见解，个人意见"
            },
            {
              "pContent": "personal character",
              "pCn": "个性；个人性格"
            },
            {
              "pContent": "personal relationship",
              "pCn": "个人关系；人际关系"
            }
          ],
          "desc": "短语"
        },
        "phone": "'pə:sənl",
        "speech": "personal",
        "relWord": {
          "rels": [
            {
              "pos": "adj",
              "words": [
                {
                  "hwd": "personalized",
                  "tran": " 个性化的；个人化的"
                }
              ]
            },
            {
              "pos": "adv",
              "words": [
                {
                  "hwd": "personally",
                  "tran": " 亲自地；当面；个别地；就自己而言"
                }
              ]
            },
            {
              "pos": "n",
              "words": [
                {
                  "hwd": "personality",
                  "tran": " 个性；品格；名人"
                },
                {
                  "hwd": "person",
                  "tran": " 人；身体；容貌，外表；人称"
                },
                {
                  "hwd": "personage",
                  "tran": " 要人；角色；名士"
                },
                {
                  "hwd": "personhood",
                  "tran": " 做人；人格；个性"
                },
                {
                  "hwd": "personation",
                  "tran": " 演角色，装扮；冒名，冒充"
                }
              ]
            },
            {
              "pos": "v",
              "words": [
                {
                  "hwd": "personalized",
                  "tran": " 个性化（personalize的过去式）；个人化"
                }
              ]
            },
            {
              "pos": "vt",
              "words": [
                {
                  "hwd": "personalize",
                  "tran": " 使个性化；把…拟人化"
                }
              ]
            }
          ],
          "desc": "同根"
        },
        "usspeech": "personal&type=2",
        "trans": [
          {
            "tranCn": "个人的；身体的",
            "descOther": "英释",
            "descCn": "中释",
            "pos": "adj",
            "tranOther": "belonging or relating to one particular person, rather than to other people or to people in general"
          }
        ]
      }
    }
  },
  "bookId": "IELTSluan_2"
}