{
  "wordRank": 1177,
  "headWord": "sulphur",
  "content": {
    "word": {
      "wordHead": "sulphur",
      "wordId": "IELTSluan_2_1177",
      "content": {
        "sentence": {
          "sentences": [
            {
              "sContent": "Burning sulphur creates poisonous fumes.",
              "sCn": "燃烧的硫磺会产生有毒烟雾。"
            }
          ],
          "desc": "例句"
        },
        "usphone": "'sʌlfə",
        "syno": {
          "synos": [
            {
              "pos": "n",
              "tran": "[化学]硫磺；硫磺色",
              "hwds": [
                {
                  "w": "sulfur"
                },
                {
                  "w": "brenstone"
                }
              ]
            },
            {
              "pos": "vt",
              "tran": "使硫化；用硫磺处理",
              "hwds": [
                {
                  "w": "cure"
                },
                {
                  "w": "sulfur"
                }
              ]
            }
          ],
          "desc": "同近"
        },
        "ukphone": "'sʌlfə",
        "ukspeech": "sulphur&type=1",
        "star": 0,
        "phrase": {
          "phrases": [
            {
              "pContent": "sulphur content",
              "pCn": "硫含量"
            },
            {
              "pContent": "sulphur dioxide",
              "pCn": "[化]二氧化硫"
            },
            {
              "pContent": "sulphur trioxide",
              "pCn": "三氧化硫"
            },
            {
              "pContent": "total sulphur",
              "pCn": "硫的总量，全硫分"
            }
          ],
          "desc": "短语"
        },
        "phone": "'sʌlfə",
        "speech": "sulphur",
        "relWord": {
          "rels": [
            {
              "pos": "adj",
              "words": [
                {
                  "hwd": "sulphuric",
                  "tran": " 硫磺的；含多量硫磺的"
                },
                {
                  "hwd": "sulphurous",
                  "tran": " 含硫磺的；地狱般的"
                }
              ]
            }
          ],
          "desc": "同根"
        },
        "usspeech": "sulphur&type=2",
        "trans": [
          {
            "tranCn": "(化学)硫",
            "descOther": "英释",
            "descCn": "中释",
            "pos": "n",
            "tranOther": "a common light yellow chemical substance that burns with a very strong unpleasant smell, and is used in drugs, explosives, and industry. It is a chemical element :symbol S"
          }
        ]
      }
    }
  },
  "bookId": "IELTSluan_2"
}