{
  "wordRank": 1178,
  "headWord": "stride",
  "content": {
    "word": {
      "wordHead": "stride",
      "wordId": "IELTSluan_2_1178",
      "content": {
        "sentence": {
          "sentences": [
            {
              "sContent": "Paco reached the door in only three strides.",
              "sCn": "帕科三大步就走到了门口。"
            }
          ],
          "desc": "例句"
        },
        "usphone": "straɪd",
        "syno": {
          "synos": [
            {
              "pos": "n",
              "tran": "大步；步幅；进展",
              "hwds": [
                {
                  "w": "evolution"
                },
                {
                  "w": "steps"
                }
              ]
            },
            {
              "pos": "vt",
              "tran": "跨过；大踏步走过；跨坐在…",
              "hwds": [
                {
                  "w": "step over"
                }
              ]
            },
            {
              "pos": "vi",
              "tran": "跨；跨过；大步行走",
              "hwds": [
                {
                  "w": "step over"
                }
              ]
            }
          ],
          "desc": "同近"
        },
        "ukphone": "straɪd",
        "ukspeech": "stride&type=1",
        "star": 0,
        "phrase": {
          "phrases": [
            {
              "pContent": "in stride",
              "pCn": "◎不影响正常活动地"
            },
            {
              "pContent": "stride over",
              "pCn": "v. 跨过"
            },
            {
              "pContent": "hit one's stride",
              "pCn": "使出干劲"
            }
          ],
          "desc": "短语"
        },
        "phone": "straid",
        "speech": "stride",
        "relWord": {
          "rels": [
            {
              "pos": "n",
              "words": [
                {
                  "hwd": "strider",
                  "tran": " 阔步走路的人；[昆] 水黾"
                }
              ]
            }
          ],
          "desc": "同根"
        },
        "usspeech": "stride&type=2",
        "trans": [
          {
            "tranCn": "大踏步走",
            "descOther": "英释",
            "descCn": "中释",
            "pos": "v&n",
            "tranOther": "a long step you make while you are walking"
          }
        ]
      }
    }
  },
  "bookId": "IELTSluan_2"
}