{
  "wordRank": 1179,
  "headWord": "linen",
  "content": {
    "word": {
      "wordHead": "linen",
      "wordId": "IELTSluan_2_1179",
      "content": {
        "sentence": {
          "sentences": [
            {
              "sContent": "a linen jacket",
              "sCn": "亚麻布夹克"
            }
          ],
          "desc": "例句"
        },
        "usphone": "'lɪnɪn",
        "ukspeech": "linen&type=1",
        "star": 0,
        "usspeech": "linen&type=2",
        "syno": {
          "synos": [
            {
              "pos": "n",
              "tran": "亚麻布，亚麻线；[纺]亚麻制品",
              "hwds": [
                {
                  "w": "flax"
                }
              ]
            },
            {
              "pos": "adj",
              "tran": "亚麻的；[纺]亚麻布制的",
              "hwds": [
                {
                  "w": "flaxen"
                }
              ]
            }
          ],
          "desc": "同近"
        },
        "ukphone": "'lɪnɪn",
        "phrase": {
          "phrases": [
            {
              "pContent": "bed linen",
              "pCn": "被单和枕套"
            },
            {
              "pContent": "linen yarn",
              "pCn": "亚麻纱"
            },
            {
              "pContent": "dirty linen",
              "pCn": "家丑"
            },
            {
              "pContent": "table linen",
              "pCn": "餐布，餐桌用布"
            },
            {
              "pContent": "linen cloth",
              "pCn": "亚麻布；亚麻织物"
            }
          ],
          "desc": "短语"
        },
        "phone": "'linin",
        "speech": "linen",
        "remMethod": {
          "val": " line(绳) + n → 亚麻编的绳 → 亚麻织品",
          "desc": "记忆"
        },
        "relWord": {
          "rels": [
            {
              "pos": "n",
              "words": [
                {
                  "hwd": "linendraper",
                  "tran": " 衬衣类商人；亚麻布商"
                }
              ]
            }
          ],
          "desc": "同根"
        },
        "trans": [
          {
            "tranCn": "亚麻布，衬衣裤",
            "descOther": "英释",
            "descCn": "中释",
            "pos": "n",
            "tranOther": "cloth made from the flax plant, used to make high quality clothes, home decorations etc"
          }
        ]
      }
    }
  },
  "bookId": "IELTSluan_2"
}