{
  "wordRank": 118,
  "headWord": "grieve",
  "content": {
    "word": {
      "wordHead": "grieve",
      "wordId": "IELTSluan_2_118",
      "content": {
        "sentence": {
          "sentences": [
            {
              "sContent": "People need time to grieve after the death of a loved one.",
              "sCn": "人们在所爱之人去世后会有一段悲伤期。"
            },
            {
              "sContent": "She grieved the loss of her only son.",
              "sCn": "她因为失去唯一的儿子而悲痛。"
            }
          ],
          "desc": "例句"
        },
        "usphone": "griv",
        "syno": {
          "synos": [
            {
              "pos": "vt",
              "tran": "使悲伤，使苦恼",
              "hwds": [
                {
                  "w": "harry"
                },
                {
                  "w": "excruciate"
                }
              ]
            },
            {
              "pos": "vi",
              "tran": "悲痛，哀悼",
              "hwds": [
                {
                  "w": "mourn over"
                },
                {
                  "w": "lament over"
                }
              ]
            }
          ],
          "desc": "同近"
        },
        "ukphone": "griːv",
        "ukspeech": "grieve&type=1",
        "star": 0,
        "phrase": {
          "phrases": [
            {
              "pContent": "grieve over",
              "pCn": "哀悼"
            },
            {
              "pContent": "grieve for",
              "pCn": "v. 哀悼"
            }
          ],
          "desc": "短语"
        },
        "phone": "ɡri:v",
        "speech": "grieve",
        "relWord": {
          "rels": [
            {
              "pos": "adv",
              "words": [
                {
                  "hwd": "grievously",
                  "tran": " 令人悲伤地；极其痛苦地"
                }
              ]
            },
            {
              "pos": "n",
              "words": [
                {
                  "hwd": "grief",
                  "tran": " 悲痛；忧伤；不幸"
                }
              ]
            }
          ],
          "desc": "同根"
        },
        "usspeech": "grieve&type=2",
        "trans": [
          {
            "tranCn": "(使)悲痛，(使)伤心",
            "descOther": "英释",
            "descCn": "中释",
            "pos": "v",
            "tranOther": "to feel extremely sad, especially because someone you love has died"
          }
        ]
      }
    }
  },
  "bookId": "IELTSluan_2"
}