{
  "wordRank": 1180,
  "headWord": "grip",
  "content": {
    "word": {
      "wordHead": "grip",
      "wordId": "IELTSluan_2_1180",
      "content": {
        "sentence": {
          "sentences": [
            {
              "sContent": "Hold the microphone in a firm grip and keep it still.",
              "sCn": "紧紧握住麦克风不要让它动。"
            },
            {
              "sContent": "She felt her wrist caught in a vice-like grip .",
              "sCn": "她觉得手腕像是卡在铁钳里被牢牢地抓住了。"
            },
            {
              "sContent": "Don’t loosen your grip on the rope or you’ll fall.",
              "sCn": "抓住绳索别松手，不然你会掉下去。"
            },
            {
              "sContent": "He released his grip and stepped back.",
              "sCn": "他放开手往后退去。"
            }
          ],
          "desc": "例句"
        },
        "usphone": "ɡrɪp",
        "syno": {
          "synos": [
            {
              "pos": "n",
              "tran": "紧握；柄；手提包；支配",
              "hwds": [
                {
                  "w": "governance"
                },
                {
                  "w": "disposal"
                },
                {
                  "w": "purchase"
                },
                {
                  "w": "handle"
                },
                {
                  "w": "ruling"
                }
              ]
            },
            {
              "pos": "vt",
              "tran": "紧握；夹紧",
              "hwds": [
                {
                  "w": "squeeze"
                },
                {
                  "w": "clamp"
                }
              ]
            },
            {
              "pos": "vi",
              "tran": "抓住",
              "hwds": [
                {
                  "w": "clutch at"
                },
                {
                  "w": "take hold"
                }
              ]
            }
          ],
          "desc": "同近"
        },
        "ukphone": "grɪp",
        "ukspeech": "grip&type=1",
        "star": 0,
        "phrase": {
          "phrases": [
            {
              "pContent": "in the grip of",
              "pCn": "受...控制"
            },
            {
              "pContent": "grip strength",
              "pCn": "握力"
            },
            {
              "pContent": "get a grip on",
              "pCn": "控制；把握关键；管束；抓拄"
            },
            {
              "pContent": "hand grip",
              "pCn": "把手；手柄"
            },
            {
              "pContent": "have a grip on",
              "pCn": "◎掌握,理解[亦作 have a grip of]"
            }
          ],
          "desc": "短语"
        },
        "phone": "ɡrip",
        "speech": "grip",
        "relWord": {
          "rels": [
            {
              "pos": "adj",
              "words": [
                {
                  "hwd": "gripping",
                  "tran": " 扣人心弦的；引人注意的；令人全神贯注的"
                },
                {
                  "hwd": "griping",
                  "tran": " 绞肠的"
                }
              ]
            },
            {
              "pos": "v",
              "words": [
                {
                  "hwd": "gripping",
                  "tran": " 扣人心弦（grip的ing形式）；握紧"
                },
                {
                  "hwd": "griping",
                  "tran": " 抓住（gripe的现在分词）"
                }
              ]
            }
          ],
          "desc": "同根"
        },
        "usspeech": "grip&type=2",
        "trans": [
          {
            "tranCn": "紧握，抓紧，握力；柄",
            "descOther": "英释",
            "descCn": "中释",
            "pos": "v&n",
            "tranOther": "the way you hold something tightly, or your ability to do this"
          }
        ]
      }
    }
  },
  "bookId": "IELTSluan_2"
}