{
  "wordRank": 1181,
  "headWord": "sake",
  "content": {
    "word": {
      "wordHead": "sake",
      "wordId": "IELTSluan_2_1181",
      "content": {
        "sentence": {
          "sentences": [
            {
              "sContent": "He moved to the seaside for the sake of his health.",
              "sCn": "他为了健康而迁居海滨。"
            },
            {
              "sContent": "I only went for Kay’s sake.",
              "sCn": "我是为了凯才去的。"
            },
            {
              "sContent": "I hope he’s told the truth for his own sake (= because it will be good for him ) .",
              "sCn": "为了他自己好，我希望他已经说出了真相。"
            }
          ],
          "desc": "例句"
        },
        "usphone": "[sek]",
        "syno": {
          "synos": [
            {
              "pos": "n",
              "tran": "目的；利益；理由；日本米酒",
              "hwds": [
                {
                  "w": "goals"
                },
                {
                  "w": "intention"
                },
                {
                  "w": "purpose"
                },
                {
                  "w": "behalf"
                },
                {
                  "w": "objective"
                }
              ]
            }
          ],
          "desc": "同近"
        },
        "ukphone": "seɪk",
        "ukspeech": "sake&type=1",
        "star": 0,
        "phrase": {
          "phrases": [
            {
              "pContent": "for the sake",
              "pCn": "为了…；为了...的利益"
            },
            {
              "pContent": "for the sake of",
              "pCn": "为了；为了…的利益"
            },
            {
              "pContent": "for god's sake",
              "pCn": "看在上帝面上"
            },
            {
              "pContent": "for sake",
              "pCn": "为了…的缘故"
            },
            {
              "pContent": "for sake of",
              "pCn": "为了…"
            },
            {
              "pContent": "for heaven's sake",
              "pCn": "看在上帝的份上"
            },
            {
              "pContent": "without sake",
              "pCn": "adv. 无缘无故"
            }
          ],
          "desc": "短语"
        },
        "phone": "seik",
        "speech": "sake",
        "usspeech": "sake&type=2",
        "trans": [
          {
            "tranCn": "缘故；目的",
            "descOther": "英释",
            "descCn": "中释",
            "pos": "n",
            "tranOther": "in order to help, improve, or please someone or something"
          }
        ]
      }
    }
  },
  "bookId": "IELTSluan_2"
}