{
  "wordRank": 1182,
  "headWord": "piety",
  "content": {
    "word": {
      "wordHead": "piety",
      "wordId": "IELTSluan_2_1182",
      "content": {
        "sentence": {
          "sentences": [
            {
              "sContent": "an act of Christian piety",
              "sCn": "表达基督徒虔诚的行为"
            }
          ],
          "desc": "例句"
        },
        "usphone": "'paɪəti",
        "syno": {
          "synos": [
            {
              "pos": "n",
              "tran": "虔诚；孝敬；虔诚的行为或语言",
              "hwds": [
                {
                  "w": "godliness"
                },
                {
                  "w": "religiosity"
                }
              ]
            }
          ],
          "desc": "同近"
        },
        "ukphone": "'paɪətɪ",
        "ukspeech": "piety&type=1",
        "star": 0,
        "phrase": {
          "phrases": [
            {
              "pContent": "filial piety",
              "pCn": "n. 孝顺；孝心"
            }
          ],
          "desc": "短语"
        },
        "phone": "'paiəti",
        "speech": "piety",
        "relWord": {
          "rels": [
            {
              "pos": "adj",
              "words": [
                {
                  "hwd": "pietistic",
                  "tran": " 虔诚的；虔信派的；假装虔诚的"
                }
              ]
            }
          ],
          "desc": "同根"
        },
        "usspeech": "piety&type=2",
        "trans": [
          {
            "tranCn": "虔诚",
            "descOther": "英释",
            "descCn": "中释",
            "pos": "n",
            "tranOther": "when you behave in a way that shows respect for your religion"
          }
        ]
      }
    }
  },
  "bookId": "IELTSluan_2"
}