{
  "wordRank": 1183,
  "headWord": "concern",
  "content": {
    "word": {
      "wordHead": "concern",
      "wordId": "IELTSluan_2_1183",
      "content": {
        "sentence": {
          "sentences": [
            {
              "sContent": "He was moved by her obvious concern.",
              "sCn": "她明显的关心使他感动。"
            }
          ],
          "desc": "例句"
        },
        "usphone": "kən'sɝn",
        "syno": {
          "synos": [
            {
              "pos": "vt",
              "tran": "涉及，关系到；使担心",
              "hwds": [
                {
                  "w": "deal with"
                },
                {
                  "w": "to relate to"
                }
              ]
            },
            {
              "pos": "n",
              "tran": "关系；关心；关心的事",
              "hwds": [
                {
                  "w": "relationship"
                },
                {
                  "w": "connection"
                },
                {
                  "w": "attention"
                },
                {
                  "w": "consideration"
                },
                {
                  "w": "bearing"
                }
              ]
            }
          ],
          "desc": "同近"
        },
        "ukphone": "kən'sɜːn",
        "ukspeech": "concern&type=1",
        "star": 0,
        "phrase": {
          "phrases": [
            {
              "pContent": "concern oneself",
              "pCn": "◎从事,忙于(常与with, about, in, over连用)"
            },
            {
              "pContent": "of concern",
              "pCn": "重要的；具有意义"
            },
            {
              "pContent": "concern about",
              "pCn": "对…表示担心/忧虑；使（自己）关心…"
            },
            {
              "pContent": "concern oneself in",
              "pCn": "adj. 干预；从事（参与；从事参与）；干涉"
            },
            {
              "pContent": "concern with",
              "pCn": "v. 使关心，挂念"
            },
            {
              "pContent": "concern over",
              "pCn": "对…的关心／忧虑"
            },
            {
              "pContent": "public concern",
              "pCn": "公众关注"
            },
            {
              "pContent": "primary concern",
              "pCn": "主要关心的事"
            },
            {
              "pContent": "ultimate concern",
              "pCn": "终极关怀"
            },
            {
              "pContent": "with concern",
              "pCn": "关切地"
            },
            {
              "pContent": "as concerns",
              "pCn": "关于；就…而论"
            },
            {
              "pContent": "going concern",
              "pCn": "继续经营企业"
            },
            {
              "pContent": "grave concern",
              "pCn": "严重关切"
            },
            {
              "pContent": "show one's concern for",
              "pCn": "对...表示关心或忧虑"
            },
            {
              "pContent": "business concern",
              "pCn": "企业；商行"
            },
            {
              "pContent": "express concern",
              "pCn": "表达关注"
            },
            {
              "pContent": "cause concern",
              "pCn": "提起注意"
            },
            {
              "pContent": "of no concern",
              "pCn": "无关紧要，没有意义"
            },
            {
              "pContent": "issue of common concern",
              "pCn": "共同关心的问题"
            }
          ],
          "desc": "短语"
        },
        "speech": "concern",
        "remMethod": {
          "val": " con(表加强) + cern(观察) → 关心； 关注",
          "desc": "记忆"
        },
        "relWord": {
          "rels": [
            {
              "pos": "adj",
              "words": [
                {
                  "hwd": "concerned",
                  "tran": " 有关的；关心的"
                }
              ]
            },
            {
              "pos": "adv",
              "words": [
                {
                  "hwd": "concernedly",
                  "tran": " 担心地；关心公众事务地"
                }
              ]
            },
            {
              "pos": "v",
              "words": [
                {
                  "hwd": "concerned",
                  "tran": " 关心（concern的过去时和过去分词）；与…有关"
                }
              ]
            }
          ],
          "desc": "同根"
        },
        "usspeech": "concern&type=2",
        "trans": [
          {
            "tranCn": "所关切的事；企业；关心v影响,涉及,关心",
            "descOther": "英释",
            "descCn": "中释",
            "pos": "\"n",
            "tranOther": "a feeling of wanting someone to be happy and healthy"
          },
          {
            "tranCn": "\"",
            "descCn": "中释",
            "pos": "n"
          }
        ]
      }
    }
  },
  "bookId": "IELTSluan_2"
}