{
  "wordRank": 1184,
  "headWord": "intuition",
  "content": {
    "word": {
      "wordHead": "intuition",
      "wordId": "IELTSluan_2_1184",
      "content": {
        "sentence": {
          "sentences": [
            {
              "sContent": "feminine intuition",
              "sCn": "女性的直觉"
            },
            {
              "sContent": "Intuition told her it was unwise to argue.",
              "sCn": "直觉告诉她争吵是不理智的。"
            }
          ],
          "desc": "例句"
        },
        "usphone": ",ɪntu'ɪʃən",
        "syno": {
          "synos": [
            {
              "pos": "n",
              "tran": "[心理]直觉；直觉力；直觉的知识",
              "hwds": [
                {
                  "w": "instinct"
                },
                {
                  "w": "sixth sense"
                }
              ]
            }
          ],
          "desc": "同近"
        },
        "ukphone": "ɪntjʊ'ɪʃ(ə)n",
        "ukspeech": "intuition&type=1",
        "star": 0,
        "phrase": {
          "phrases": [
            {
              "pContent": "intuition thinking",
              "pCn": "直觉思维"
            },
            {
              "pContent": "intellectual intuition",
              "pCn": "智的直觉；理智的直观"
            }
          ],
          "desc": "短语"
        },
        "phone": ",intju:'iʃən",
        "speech": "intuition",
        "relWord": {
          "rels": [
            {
              "pos": "adj",
              "words": [
                {
                  "hwd": "intuitive",
                  "tran": " 直觉的；凭直觉获知的"
                },
                {
                  "hwd": "intuitionist",
                  "tran": " 直觉主义的"
                }
              ]
            },
            {
              "pos": "adv",
              "words": [
                {
                  "hwd": "intuitively",
                  "tran": " 直观地；直觉地"
                }
              ]
            },
            {
              "pos": "n",
              "words": [
                {
                  "hwd": "intuitionism",
                  "tran": " 直观论；直觉说"
                },
                {
                  "hwd": "intuitionist",
                  "tran": " 直觉论者"
                }
              ]
            },
            {
              "pos": "vi",
              "words": [
                {
                  "hwd": "intuit",
                  "tran": " 凭直觉知道"
                }
              ]
            },
            {
              "pos": "vt",
              "words": [
                {
                  "hwd": "intuit",
                  "tran": " 由直觉知道"
                }
              ]
            }
          ],
          "desc": "同根"
        },
        "usspeech": "intuition&type=2",
        "trans": [
          {
            "tranCn": "直觉，直觉知识",
            "descOther": "英释",
            "descCn": "中释",
            "pos": "n",
            "tranOther": "the ability to understand or know something because of a feeling rather than by considering the facts"
          }
        ]
      }
    }
  },
  "bookId": "IELTSluan_2"
}