{
  "wordRank": 1185,
  "headWord": "troupe",
  "content": {
    "word": {
      "wordHead": "troupe",
      "wordId": "IELTSluan_2_1185",
      "content": {
        "sentence": {
          "sentences": [
            {
              "sContent": "...troupes of travelling actors.",
              "sCn": "…巡回演出的演员剧团。"
            }
          ],
          "desc": "例句"
        },
        "usphone": "trʊp",
        "syno": {
          "synos": [
            {
              "pos": "n",
              "tran": "剧团；一班；一团",
              "hwds": [
                {
                  "w": "gout"
                },
                {
                  "w": "wodge"
                }
              ]
            },
            {
              "pos": "vi",
              "tran": "巡回演出",
              "hwds": [
                {
                  "w": "road show"
                }
              ]
            }
          ],
          "desc": "同近"
        },
        "ukphone": "truːp",
        "ukspeech": "troupe&type=1",
        "star": 0,
        "phone": "tru:p",
        "speech": "troupe",
        "remMethod": {
          "val": " 部队(troop)里的一群(group)人组建了一个剧团(troupe)",
          "desc": "记忆"
        },
        "relWord": {
          "rels": [
            {
              "pos": "n",
              "words": [
                {
                  "hwd": "trouper",
                  "tran": " 戏团演员；台柱演员；剧团的团员；有经验的演员"
                }
              ]
            }
          ],
          "desc": "同根"
        },
        "usspeech": "troupe&type=2",
        "trans": [
          {
            "tranCn": "剧团，戏班",
            "descOther": "英释",
            "descCn": "中释",
            "pos": "n",
            "tranOther": "a group of singers, actors, dancers etc who work together"
          }
        ]
      }
    }
  },
  "bookId": "IELTSluan_2"
}