{
  "wordRank": 1186,
  "headWord": "panel",
  "content": {
    "word": {
      "wordHead": "panel",
      "wordId": "IELTSluan_2_1186",
      "content": {
        "sentence": {
          "sentences": [
            {
              "sContent": "He assembled a panel of scholars to advise him.",
              "sCn": "他集结了一个学者小组为他出谋划策。"
            }
          ],
          "desc": "例句"
        },
        "usphone": "'pænl",
        "syno": {
          "synos": [
            {
              "pos": "n",
              "tran": "仪表板；[建]嵌板；座谈小组，全体陪审员",
              "hwds": [
                {
                  "w": "fascia board"
                },
                {
                  "w": "instrument board"
                }
              ]
            }
          ],
          "desc": "同近"
        },
        "ukphone": "'pæn(ə)l",
        "ukspeech": "panel&type=1",
        "star": 0,
        "phrase": {
          "phrases": [
            {
              "pContent": "control panel",
              "pCn": "[计]控制面板"
            },
            {
              "pContent": "on the panel",
              "pCn": "◎[英国英语]已登记为替参加国民健康保险者治病的医生"
            },
            {
              "pContent": "panel data",
              "pCn": "固定样本数据"
            },
            {
              "pContent": "flat panel",
              "pCn": "扁平面板"
            },
            {
              "pContent": "display panel",
              "pCn": "显示面板，表示盘"
            },
            {
              "pContent": "solar panel",
              "pCn": "太阳电池板"
            },
            {
              "pContent": "front panel",
              "pCn": "前面板，面板"
            },
            {
              "pContent": "instrument panel",
              "pCn": "仪表板；仪表操纵板"
            },
            {
              "pContent": "panel display",
              "pCn": "平板显示；显示板"
            },
            {
              "pContent": "flat panel display",
              "pCn": "平面直角显示器"
            },
            {
              "pContent": "touch panel",
              "pCn": "触控面板；触感控制板"
            },
            {
              "pContent": "plasma display panel",
              "pCn": "等离子显示板"
            },
            {
              "pContent": "panel method",
              "pCn": "小样本连续研究法；盘区开采法；[化]板块法"
            },
            {
              "pContent": "sandwich panel",
              "pCn": "夹层板"
            },
            {
              "pContent": "panel of experts",
              "pCn": "专家小组"
            },
            {
              "pContent": "panel discussion",
              "pCn": "专题讨论会"
            },
            {
              "pContent": "wall panel",
              "pCn": "护墙板，墙板"
            },
            {
              "pContent": "lcd panel",
              "pCn": "液晶显示屏幕"
            },
            {
              "pContent": "operation panel",
              "pCn": "操作面板；操纵板"
            },
            {
              "pContent": "glass panel",
              "pCn": "镶嵌玻璃；玻璃嵌板"
            }
          ],
          "desc": "短语"
        },
        "phone": "'pænl",
        "speech": "panel",
        "relWord": {
          "rels": [
            {
              "pos": "n",
              "words": [
                {
                  "hwd": "panelist",
                  "tran": " 专门小组成员；专题讨论小组参加者（等于panellist）"
                },
                {
                  "hwd": "paneling",
                  "tran": " 镶板；嵌板"
                },
                {
                  "hwd": "panelling",
                  "tran": " 镶板"
                }
              ]
            },
            {
              "pos": "v",
              "words": [
                {
                  "hwd": "panelling",
                  "tran": " 用木或玻璃板等镶嵌或装饰（panel的现在分词形式）"
                }
              ]
            }
          ],
          "desc": "同根"
        },
        "usspeech": "panel&type=2",
        "trans": [
          {
            "tranCn": "镶板，控制板；座谈小组；镶饰",
            "descOther": "英释",
            "descCn": "中释",
            "pos": "n&vt",
            "tranOther": "a board in a car, plane, boat etc that has the controls on it"
          }
        ]
      }
    }
  },
  "bookId": "IELTSluan_2"
}