{
  "wordRank": 1187,
  "headWord": "ascent",
  "content": {
    "word": {
      "wordHead": "ascent",
      "wordId": "IELTSluan_2_1187",
      "content": {
        "sentence": {
          "sentences": [
            {
              "sContent": "the first ascent of Qomolangma",
              "sCn": "首次攀登珠穆朗玛峰"
            }
          ],
          "desc": "例句"
        },
        "usphone": "ə'sɛnt",
        "syno": {
          "synos": [
            {
              "pos": "n",
              "tran": "上升；[公路]上坡路；登高",
              "hwds": [
                {
                  "w": "rise"
                },
                {
                  "w": "upgrade"
                },
                {
                  "w": "raise"
                }
              ]
            }
          ],
          "desc": "同近"
        },
        "ukphone": "ə'sent",
        "ukspeech": "ascent&type=1",
        "star": 0,
        "phone": "ə'sent",
        "speech": "ascent",
        "relWord": {
          "rels": [
            {
              "pos": "adj",
              "words": [
                {
                  "hwd": "ascending",
                  "tran": " 上升的"
                },
                {
                  "hwd": "ascendant",
                  "tran": " 上升的；优越的"
                },
                {
                  "hwd": "ascendent",
                  "tran": " 上升的；占优势的"
                },
                {
                  "hwd": "ascensional",
                  "tran": " 上升的"
                },
                {
                  "hwd": "ascensive",
                  "tran": " 进步的；上升的；强调的"
                }
              ]
            },
            {
              "pos": "n",
              "words": [
                {
                  "hwd": "ascension",
                  "tran": " 上升；耶稣升天"
                },
                {
                  "hwd": "ascendant",
                  "tran": " 优势；运星；支配地位"
                },
                {
                  "hwd": "ascendent",
                  "tran": " 优势；支配力；运道（等于ascendant）"
                },
                {
                  "hwd": "ascender",
                  "tran": " 上升的人或物；字母的上半（或下半）出头部分"
                }
              ]
            },
            {
              "pos": "v",
              "words": [
                {
                  "hwd": "ascending",
                  "tran": " 上升；获得（ascend的ing形式）；追溯"
                }
              ]
            }
          ],
          "desc": "同根"
        },
        "usspeech": "ascent&type=2",
        "trans": [
          {
            "tranCn": "上升，上坡",
            "descOther": "英释",
            "descCn": "中释",
            "pos": "n",
            "tranOther": "the act of climbing something or moving upwards"
          }
        ]
      }
    }
  },
  "bookId": "IELTSluan_2"
}