{
  "wordRank": 1188,
  "headWord": "anthem",
  "content": {
    "word": {
      "wordHead": "anthem",
      "wordId": "IELTSluan_2_1188",
      "content": {
        "usphone": "'ænθəm",
        "syno": {
          "synos": [
            {
              "pos": "n",
              "tran": "赞美诗；圣歌",
              "hwds": [
                {
                  "w": "spiritual"
                },
                {
                  "w": "chorale"
                }
              ]
            }
          ],
          "desc": "同近"
        },
        "ukphone": "'ænθəm",
        "ukspeech": "anthem&type=1",
        "star": 0,
        "phrase": {
          "phrases": [
            {
              "pContent": "national anthem",
              "pCn": "国歌"
            }
          ],
          "desc": "短语"
        },
        "phone": "'ænθəm",
        "speech": "anthem",
        "usspeech": "anthem&type=2",
        "trans": [
          {
            "tranCn": "赞美诗，圣歌",
            "descOther": "英释",
            "descCn": "中释",
            "pos": "n",
            "tranOther": "a formal or religious song"
          }
        ]
      }
    }
  },
  "bookId": "IELTSluan_2"
}