{
  "wordRank": 1189,
  "headWord": "traverse",
  "content": {
    "word": {
      "wordHead": "traverse",
      "wordId": "IELTSluan_2_1189",
      "content": {
        "sentence": {
          "sentences": [
            {
              "sContent": "two minutes to traverse the park",
              "sCn": "两分钟横穿公园"
            }
          ],
          "desc": "例句"
        },
        "usphone": "trə'vɝs",
        "syno": {
          "synos": [
            {
              "pos": "n",
              "tran": "穿过；横贯；横木",
              "hwds": [
                {
                  "w": "crossrail"
                },
                {
                  "w": "ledger strip"
                }
              ]
            },
            {
              "pos": "vt",
              "tran": "穿过；反对；详细研究；在…来回移动",
              "hwds": [
                {
                  "w": "combat"
                },
                {
                  "w": "thread"
                }
              ]
            },
            {
              "pos": "vi",
              "tran": "横越；[机]旋转；来回移动",
              "hwds": [
                {
                  "w": "circle"
                },
                {
                  "w": "wheel"
                },
                {
                  "w": "spin"
                }
              ]
            },
            {
              "pos": "adj",
              "tran": "横贯的",
              "hwds": [
                {
                  "w": "transcurrent"
                }
              ]
            }
          ],
          "desc": "同近"
        },
        "ukphone": "'trævəs; trə'vɜːs",
        "ukspeech": "traverse&type=1",
        "star": 0,
        "phrase": {
          "phrases": [
            {
              "pContent": "traverse survey",
              "pCn": "导线测量"
            },
            {
              "pContent": "rapid traverse",
              "pCn": "快速移位；快速横动；快速行程"
            }
          ],
          "desc": "短语"
        },
        "phone": "'trævəs, -və:s, trə'və:s, træ-",
        "speech": "traverse",
        "relWord": {
          "rels": [
            {
              "pos": "adj",
              "words": [
                {
                  "hwd": "travelling",
                  "tran": " 旅行的；移动的；旅行用的"
                }
              ]
            },
            {
              "pos": "n",
              "words": [
                {
                  "hwd": "traversal",
                  "tran": " [计] 遍历；横越；横断物"
                },
                {
                  "hwd": "traverser",
                  "tran": " 否认者；横越者；（铁路的）转盘"
                }
              ]
            },
            {
              "pos": "v",
              "words": [
                {
                  "hwd": "travelling",
                  "tran": " 旅行（travel的现在分词形式）"
                }
              ]
            }
          ],
          "desc": "同根"
        },
        "usspeech": "traverse&type=2",
        "trans": [
          {
            "tranCn": "横越，穿过",
            "descOther": "英释",
            "descCn": "中释",
            "pos": "v",
            "tranOther": "to move across, over, or through something, especially an area of land or water"
          }
        ]
      }
    }
  },
  "bookId": "IELTSluan_2"
}