{
  "wordRank": 119,
  "headWord": "dizzy",
  "content": {
    "word": {
      "wordHead": "dizzy",
      "wordId": "IELTSluan_2_119",
      "content": {
        "sentence": {
          "sentences": [
            {
              "sContent": "The heat and the champagne made him feel dizzy .",
              "sCn": "高温和香槟酒使他感到眩晕。"
            },
            {
              "sContent": "She started to suffer from dizzy spells (= a short period when you feel dizzy ) .",
              "sCn": "她开始感到一阵阵的眩晕。"
            }
          ],
          "desc": "例句"
        },
        "usphone": "'dɪzi",
        "ukspeech": "dizzy&type=1",
        "star": 0,
        "usspeech": "dizzy&type=2",
        "syno": {
          "synos": [
            {
              "pos": "adj",
              "tran": "晕眩的；使人头晕的；昏乱的；心不在焉的；愚蠢的",
              "hwds": [
                {
                  "w": "swimming"
                },
                {
                  "w": "foolish"
                },
                {
                  "w": "stupid"
                }
              ]
            },
            {
              "pos": "vt",
              "tran": "使头晕眼花；使混乱；使茫然",
              "hwds": [
                {
                  "w": "cloud"
                },
                {
                  "w": "confuse"
                }
              ]
            }
          ],
          "desc": "同近"
        },
        "ukphone": "'dɪzɪ",
        "phrase": {
          "phrases": [
            {
              "pContent": "feel dizzy",
              "pCn": "头晕；感到晕眩"
            }
          ],
          "desc": "短语"
        },
        "phone": "'dizi",
        "speech": "dizzy",
        "remMethod": {
          "val": " di(二) + zz(打鼾声) + y → 室友打鼾， 吵得睡不着 → 眩晕的",
          "desc": "记忆"
        },
        "relWord": {
          "rels": [
            {
              "pos": "adv",
              "words": [
                {
                  "hwd": "dizzily",
                  "tran": " 使人眼花地；头昏眼花地"
                }
              ]
            },
            {
              "pos": "n",
              "words": [
                {
                  "hwd": "dizziness",
                  "tran": " 头晕；头昏眼花"
                }
              ]
            }
          ],
          "desc": "同根"
        },
        "trans": [
          {
            "tranCn": "使人头晕的，眩晕的",
            "descOther": "英释",
            "descCn": "中释",
            "pos": "adj",
            "tranOther": "feeling unable to stand steadily, for example because you are looking down from a high place or because you are ill"
          }
        ]
      }
    }
  },
  "bookId": "IELTSluan_2"
}