{
  "wordRank": 1190,
  "headWord": "qualify",
  "content": {
    "word": {
      "wordHead": "qualify",
      "wordId": "IELTSluan_2_1190",
      "content": {
        "sentence": {
          "sentences": [
            {
              "sContent": "Free school lunches are given to children who qualify.",
              "sCn": "符合条件的儿童可获得免费的学生午餐。"
            }
          ],
          "desc": "例句"
        },
        "usphone": "ˈkwɑləˌfaɪ",
        "syno": {
          "synos": [
            {
              "pos": "vt",
              "tran": "限制；使具有资格；证明…合格",
              "hwds": [
                {
                  "w": "block"
                },
                {
                  "w": "set a limit to"
                }
              ]
            },
            {
              "pos": "vi",
              "tran": "取得资格，有资格",
              "hwds": [
                {
                  "w": "be in a position"
                },
                {
                  "w": "be qualified to"
                }
              ]
            }
          ],
          "desc": "同近"
        },
        "ukphone": "'kwɒlɪfaɪ",
        "ukspeech": "qualify&type=1",
        "star": 0,
        "phrase": {
          "phrases": [
            {
              "pContent": "qualify for",
              "pCn": "合格；有…的资格"
            },
            {
              "pContent": "qualify as",
              "pCn": "取得……资格；作为……合适"
            }
          ],
          "desc": "短语"
        },
        "phone": "'kwɔlifai",
        "speech": "qualify",
        "relWord": {
          "rels": [
            {
              "pos": "adj",
              "words": [
                {
                  "hwd": "qualified",
                  "tran": " 合格的；有资格的"
                },
                {
                  "hwd": "qualifying",
                  "tran": " 使具有资格的"
                }
              ]
            },
            {
              "pos": "n",
              "words": [
                {
                  "hwd": "qualification",
                  "tran": " 资格；条件；限制；赋予资格"
                },
                {
                  "hwd": "qualifier",
                  "tran": " 限定词，[语] 限定语；取得资格的人；修饰语"
                }
              ]
            },
            {
              "pos": "v",
              "words": [
                {
                  "hwd": "qualified",
                  "tran": " 限制（qualify的过去分词）；描述；授权予"
                }
              ]
            }
          ],
          "desc": "同根"
        },
        "usspeech": "qualify&type=2",
        "trans": [
          {
            "tranCn": "(使)合格",
            "descOther": "英释",
            "descCn": "中释",
            "pos": "v",
            "tranOther": "to have the right to have or do something, or to give someone this right"
          }
        ]
      }
    }
  },
  "bookId": "IELTSluan_2"
}