{
  "wordRank": 1191,
  "headWord": "manifold",
  "content": {
    "word": {
      "wordHead": "manifold",
      "wordId": "IELTSluan_2_1191",
      "content": {
        "sentence": {
          "sentences": [
            {
              "sContent": "The reasons for this situation are manifold.",
              "sCn": "出现这种情况原因是多方面的。"
            }
          ],
          "desc": "例句"
        },
        "usphone": "'mænɪfold",
        "syno": {
          "synos": [
            {
              "pos": "vt",
              "tran": "复写，复印；增多；使……多样化",
              "hwds": [
                {
                  "w": "copy"
                }
              ]
            },
            {
              "pos": "adj",
              "tran": "多方面的，有许多部分的；各式各样的",
              "hwds": [
                {
                  "w": "various"
                },
                {
                  "w": "multi-faceted"
                }
              ]
            }
          ],
          "desc": "同近"
        },
        "ukphone": "'mænɪfəʊld",
        "ukspeech": "manifold&type=1",
        "star": 0,
        "phrase": {
          "phrases": [
            {
              "pContent": "intake manifold",
              "pCn": "进气歧管"
            },
            {
              "pContent": "exhaust manifold",
              "pCn": "[化]排废管汇"
            },
            {
              "pContent": "riemannian manifold",
              "pCn": "[数]黎曼流形；黎曼廖"
            },
            {
              "pContent": "hydraulic manifold",
              "pCn": "液压系统分路阀箱"
            },
            {
              "pContent": "inlet manifold",
              "pCn": "进气总管；入口集合管"
            },
            {
              "pContent": "manifold block",
              "pCn": "歧管档块"
            },
            {
              "pContent": "fuel manifold",
              "pCn": "燃油歧管；燃油总管"
            }
          ],
          "desc": "短语"
        },
        "phone": "'mænifəuld",
        "speech": "manifold",
        "usspeech": "manifold&type=2",
        "trans": [
          {
            "tranCn": "多样的；种种的",
            "descOther": "英释",
            "descCn": "中释",
            "pos": "adj",
            "tranOther": "many and of different kinds"
          }
        ]
      }
    }
  },
  "bookId": "IELTSluan_2"
}