{
  "wordRank": 1192,
  "headWord": "oriental",
  "content": {
    "word": {
      "wordHead": "oriental",
      "wordId": "IELTSluan_2_1192",
      "content": {
        "usphone": ",orɪ'ɛntəl",
        "syno": {
          "synos": [
            {
              "pos": "adj",
              "tran": "东方的；东方人的",
              "hwds": [
                {
                  "w": "eastern"
                }
              ]
            },
            {
              "pos": "n",
              "tran": "东方人",
              "hwds": [
                {
                  "w": "eastern"
                }
              ]
            }
          ],
          "desc": "同近"
        },
        "ukphone": "ɔːrɪ'ent(ə)l; ɒr-",
        "ukspeech": "oriental&type=1",
        "star": 0,
        "phrase": {
          "phrases": [
            {
              "pContent": "oriental pearl",
              "pCn": "东方明珠；东方之珠；东方珍珠"
            },
            {
              "pContent": "new oriental",
              "pCn": "新东方（专业的培训机构）"
            },
            {
              "pContent": "oriental cherry",
              "pCn": "樱花"
            },
            {
              "pContent": "oriental style",
              "pCn": "东方气质"
            },
            {
              "pContent": "mandarin oriental hotel",
              "pCn": "文华东方酒店"
            },
            {
              "pContent": "oriental region",
              "pCn": "东洋界；东洋区"
            }
          ],
          "desc": "短语"
        },
        "phone": ",ɔ:ri'entəl, ,əu-",
        "speech": "oriental",
        "relWord": {
          "rels": [
            {
              "pos": "adj",
              "words": [
                {
                  "hwd": "oriented",
                  "tran": " 导向的；定向的；以…为方向的"
                },
                {
                  "hwd": "orient",
                  "tran": " 东方的"
                }
              ]
            },
            {
              "pos": "n",
              "words": [
                {
                  "hwd": "orientation",
                  "tran": " 方向；定向；适应；情况介绍；向东方"
                },
                {
                  "hwd": "orient",
                  "tran": " 东方；东方诸国"
                }
              ]
            },
            {
              "pos": "v",
              "words": [
                {
                  "hwd": "oriented",
                  "tran": " 调整；使朝向（orient的过去分词）；确定…的方位"
                },
                {
                  "hwd": "orientalize",
                  "tran": " 东方化"
                }
              ]
            },
            {
              "pos": "vi",
              "words": [
                {
                  "hwd": "orient",
                  "tran": " 向东"
                },
                {
                  "hwd": "orientate",
                  "tran": " 向东；定向"
                }
              ]
            },
            {
              "pos": "vt",
              "words": [
                {
                  "hwd": "orient",
                  "tran": " 使适应；确定方向；使朝东"
                },
                {
                  "hwd": "orientate",
                  "tran": " 给...定位；使适应"
                }
              ]
            }
          ],
          "desc": "同根"
        },
        "usspeech": "oriental&type=2",
        "trans": [
          {
            "tranCn": "东方的；东方人",
            "descOther": "英释",
            "descCn": "中释",
            "pos": "a&n",
            "tranOther": "a word for someone from the eastern part of the world, especially China or Japan, now considered offensive"
          }
        ]
      }
    }
  },
  "bookId": "IELTSluan_2"
}