{
  "wordRank": 1193,
  "headWord": "fracture",
  "content": {
    "word": {
      "wordHead": "fracture",
      "wordId": "IELTSluan_2_1193",
      "content": {
        "sentence": {
          "sentences": [
            {
              "sContent": "At least one-third of all women over ninety have sustained a hip fracture.",
              "sCn": "90岁以上的妇女中至少有1/3遭受过髋骨骨折。"
            }
          ],
          "desc": "例句"
        },
        "usphone": "'fræktʃɚ",
        "syno": {
          "synos": [
            {
              "pos": "n",
              "tran": "破裂，[力]断裂；[外科]骨折",
              "hwds": [
                {
                  "w": "cracking"
                },
                {
                  "w": "rhexis"
                }
              ]
            },
            {
              "pos": "vi",
              "tran": "破裂；折断",
              "hwds": [
                {
                  "w": "crack"
                },
                {
                  "w": "come apart at the seams"
                }
              ]
            },
            {
              "pos": "vt",
              "tran": "使破裂",
              "hwds": [
                {
                  "w": "crack"
                },
                {
                  "w": "flaw"
                }
              ]
            }
          ],
          "desc": "同近"
        },
        "ukphone": "'fræktʃə",
        "ukspeech": "fracture&type=1",
        "star": 0,
        "phrase": {
          "phrases": [
            {
              "pContent": "fracture toughness",
              "pCn": "断裂韧性"
            },
            {
              "pContent": "fracture mechanics",
              "pCn": "断裂力学"
            },
            {
              "pContent": "fracture surface",
              "pCn": "断裂面"
            },
            {
              "pContent": "fracture zone",
              "pCn": "断裂带；破裂带"
            },
            {
              "pContent": "bone fracture",
              "pCn": "骨折"
            },
            {
              "pContent": "fatigue fracture",
              "pCn": "疲劳断裂；疲劳骨折"
            },
            {
              "pContent": "brittle fracture",
              "pCn": "脆性破坏"
            },
            {
              "pContent": "fracture mechanism",
              "pCn": "断裂机理；断裂机制"
            },
            {
              "pContent": "fracture process",
              "pCn": "断裂过程"
            },
            {
              "pContent": "fracture strength",
              "pCn": "断裂强度；破坏强度"
            },
            {
              "pContent": "ductile fracture",
              "pCn": "韧性断裂；延性破裂"
            },
            {
              "pContent": "fracture appearance",
              "pCn": "断口外观"
            },
            {
              "pContent": "comminuted fracture",
              "pCn": "n. 粉碎性骨折"
            },
            {
              "pContent": "fracture criterion",
              "pCn": "断裂判据，断裂准则；断裂指标"
            },
            {
              "pContent": "shear fracture",
              "pCn": "剪断裂；剪切破坏"
            },
            {
              "pContent": "damage and fracture",
              "pCn": "损伤与断裂"
            },
            {
              "pContent": "stress fracture",
              "pCn": "应力性骨折"
            },
            {
              "pContent": "fracture test",
              "pCn": "断口试验"
            },
            {
              "pContent": "fracture propagation",
              "pCn": "断裂传播；裂缝延伸"
            },
            {
              "pContent": "compound fracture",
              "pCn": "有创骨折，哆开骨折"
            }
          ],
          "desc": "短语"
        },
        "phone": "'fræktʃə",
        "speech": "fracture",
        "remMethod": {
          "val": " fract(打碎) + ure → (使)断裂",
          "desc": "记忆"
        },
        "usspeech": "fracture&type=2",
        "trans": [
          {
            "tranCn": "碎片，片断；分数",
            "descOther": "英释",
            "descCn": "中释",
            "pos": "n",
            "tranOther": "A fracture is a crack or break in something, especially a bone"
          }
        ]
      }
    }
  },
  "bookId": "IELTSluan_2"
}