{
  "wordRank": 1194,
  "headWord": "snap",
  "content": {
    "word": {
      "wordHead": "snap",
      "wordId": "IELTSluan_2_1194",
      "content": {
        "usphone": "snæp",
        "syno": {
          "synos": [
            {
              "pos": "vt",
              "tran": "突然折断，拉断；猛咬；啪地关上",
              "hwds": [
                {
                  "w": "pull cut"
                }
              ]
            },
            {
              "pos": "vi",
              "tran": "咬；厉声说；咯嗒一声关上",
              "hwds": [
                {
                  "w": "bite"
                },
                {
                  "w": "gnaw at"
                }
              ]
            },
            {
              "pos": "n",
              "tran": "猛咬；劈啪声；突然折断",
              "hwds": [
                {
                  "w": "splutter"
                }
              ]
            },
            {
              "pos": "adj",
              "tran": "突然的",
              "hwds": [
                {
                  "w": "sudden"
                },
                {
                  "w": "unannounced"
                }
              ]
            }
          ],
          "desc": "同近"
        },
        "ukphone": "snæp",
        "ukspeech": "snap&type=1",
        "star": 0,
        "phrase": {
          "phrases": [
            {
              "pContent": "in a snap",
              "pCn": "马上，立刻"
            },
            {
              "pContent": "snap up",
              "pCn": "抢购，匆匆吃下，抢先弄到手；锁键调节式"
            },
            {
              "pContent": "cold snap",
              "pCn": "寒流，寒潮"
            },
            {
              "pContent": "snap at",
              "pCn": "v. 咬；抓；厉声说"
            },
            {
              "pContent": "snap out",
              "pCn": "快速脱离；流出"
            },
            {
              "pContent": "snap out of",
              "pCn": "从…中摆脱出来"
            },
            {
              "pContent": "snap back",
              "pCn": "迅速返回，很快恢复"
            },
            {
              "pContent": "snap shot",
              "pCn": "n. 急射；乱射"
            },
            {
              "pContent": "snap button",
              "pCn": "急纽；子母扣，四合扣"
            },
            {
              "pContent": "snap ring",
              "pCn": "卡环；止动环；扣环；弹簧锁环"
            },
            {
              "pContent": "snap election",
              "pCn": "提前选举；临时选举；仓促的选举"
            }
          ],
          "desc": "短语"
        },
        "phone": "snæp",
        "speech": "snap",
        "remMethod": {
          "val": " s + nap(小睡) → 上课小睡时被老师抓住了， 遭到了训斥 → 怒声责斥",
          "desc": "记忆"
        },
        "relWord": {
          "rels": [
            {
              "pos": "adj",
              "words": [
                {
                  "hwd": "snappy",
                  "tran": " 厉声说话的；生气勃勃的；时髦的；爽快的"
                },
                {
                  "hwd": "snappish",
                  "tran": " 厉声说话的；暴躁的"
                }
              ]
            },
            {
              "pos": "n",
              "words": [
                {
                  "hwd": "snapper",
                  "tran": " 鲷鱼；揿钮；咬人的狗；暴燥的人"
                }
              ]
            }
          ],
          "desc": "同根"
        },
        "usspeech": "snap&type=2",
        "trans": [
          {
            "tranCn": "out",
            "descCn": "中释",
            "pos": "v"
          },
          {
            "tranCn": "of",
            "descCn": "中释",
            "pos": "v"
          },
          {
            "tranCn": "中迅速恢复过来；改变",
            "descCn": "中释",
            "pos": "it从"
          }
        ]
      }
    }
  },
  "bookId": "IELTSluan_2"
}