{
  "wordRank": 1195,
  "headWord": "capture",
  "content": {
    "word": {
      "wordHead": "capture",
      "wordId": "IELTSluan_2_1195",
      "content": {
        "sentence": {
          "sentences": [
            {
              "sContent": "Government troops have succeeded in capturing the rebel leader.",
              "sCn": "政府军已经成功抓获叛乱分子的头目。"
            },
            {
              "sContent": "40 captured French soldiers",
              "sCn": "40名被俘虏的法国士兵"
            }
          ],
          "desc": "例句"
        },
        "usphone": "'kæptʃɚ",
        "syno": {
          "synos": [
            {
              "pos": "vt",
              "tran": "[物]俘获；夺得",
              "hwds": [
                {
                  "w": "snatch"
                }
              ]
            },
            {
              "pos": "n",
              "tran": "捕获；战利品，俘虏",
              "hwds": [
                {
                  "w": "taking"
                },
                {
                  "w": "prize"
                },
                {
                  "w": "acquiring"
                }
              ]
            }
          ],
          "desc": "同近"
        },
        "ukphone": "'kæptʃə",
        "ukspeech": "capture&type=1",
        "star": 0,
        "phrase": {
          "phrases": [
            {
              "pContent": "video capture",
              "pCn": "视频捕捉"
            },
            {
              "pContent": "data capture",
              "pCn": "数据捕捉"
            },
            {
              "pContent": "motion capture",
              "pCn": "动作捕捉"
            },
            {
              "pContent": "screen capture",
              "pCn": "屏幕捕获；屏幕抓图"
            },
            {
              "pContent": "electron capture",
              "pCn": "电子俘获"
            },
            {
              "pContent": "capture efficiency",
              "pCn": "俘获效率；采油效率"
            },
            {
              "pContent": "capture the imagination of",
              "pCn": "激发...的想象力"
            },
            {
              "pContent": "capture cross section",
              "pCn": "俘获截面"
            },
            {
              "pContent": "capture theory",
              "pCn": "俘获理论；捕获说"
            },
            {
              "pContent": "neutron capture",
              "pCn": "中子捕获"
            },
            {
              "pContent": "electron capture detector",
              "pCn": "电子俘获检测器"
            },
            {
              "pContent": "capture image",
              "pCn": "捉取图像"
            },
            {
              "pContent": "capture time",
              "pCn": "捕获时间"
            }
          ],
          "desc": "短语"
        },
        "speech": "capture",
        "remMethod": {
          "val": " capt(抓住) + ure(表行为) → 抓住 → 捕获， 俘获",
          "desc": "记忆"
        },
        "relWord": {
          "rels": [
            {
              "pos": "adj",
              "words": [
                {
                  "hwd": "captive",
                  "tran": " 被俘虏的；被迷住的"
                }
              ]
            },
            {
              "pos": "n",
              "words": [
                {
                  "hwd": "captive",
                  "tran": " 俘虏；迷恋者"
                },
                {
                  "hwd": "captor",
                  "tran": " 捕获者；俘虏者"
                },
                {
                  "hwd": "capturer",
                  "tran": " 捕获者"
                }
              ]
            }
          ],
          "desc": "同根"
        },
        "usspeech": "capture&type=2",
        "trans": [
          {
            "tranCn": "捕获，俘虏，夺得；战利品",
            "descOther": "英释",
            "descCn": "中释",
            "pos": "vt&n",
            "tranOther": "to catch a person and keep them as a prisoner"
          }
        ]
      }
    }
  },
  "bookId": "IELTSluan_2"
}