{
  "wordRank": 1196,
  "headWord": "kidney",
  "content": {
    "word": {
      "wordHead": "kidney",
      "wordId": "IELTSluan_2_1196",
      "content": {
        "sentence": {
          "sentences": [
            {
              "sContent": "a kidney transplant",
              "sCn": "肾脏移植"
            }
          ],
          "desc": "例句"
        },
        "usphone": "'kɪdni",
        "syno": {
          "synos": [
            {
              "pos": "n",
              "tran": "[解剖]肾脏；腰子；个性",
              "hwds": [
                {
                  "w": "personality"
                },
                {
                  "w": "individuality"
                }
              ]
            }
          ],
          "desc": "同近"
        },
        "ukphone": "'kɪdnɪ",
        "ukspeech": "kidney&type=1",
        "star": 0,
        "phrase": {
          "phrases": [
            {
              "pContent": "kidney failure",
              "pCn": "肾衰竭；肾功能衰竭"
            },
            {
              "pContent": "kidney stone",
              "pCn": "n. 肾结石"
            },
            {
              "pContent": "kidney bean",
              "pCn": "菜豆；四季豆；肾形豆"
            },
            {
              "pContent": "polycystic kidney",
              "pCn": "[医]多囊肾"
            },
            {
              "pContent": "horseshoe kidney",
              "pCn": "马蹄肾"
            }
          ],
          "desc": "短语"
        },
        "phone": "'kidni",
        "speech": "kidney",
        "usspeech": "kidney&type=2",
        "trans": [
          {
            "tranCn": "肾，腰子",
            "descOther": "英释",
            "descCn": "中释",
            "pos": "n",
            "tranOther": "one of the two organs in your lower back that separate waste products from your blood and make urine"
          }
        ]
      }
    }
  },
  "bookId": "IELTSluan_2"
}