{
  "wordRank": 1197,
  "headWord": "disaster",
  "content": {
    "word": {
      "wordHead": "disaster",
      "wordId": "IELTSluan_2_1197",
      "content": {
        "sentence": {
          "sentences": [
            {
              "sContent": "One hundred and twenty people died in China’s worst air disaster .",
              "sCn": "有120人在中国这起最惨烈的空难事故中丧生。"
            },
            {
              "sContent": "the economic consequences of the Chernobyl nuclear disaster",
              "sCn": "切尔诺贝利核灾难给经济带来的后果"
            },
            {
              "sContent": "The 1987 hurricane was the worst natural disaster to hit England for decades.",
              "sCn": "1987年的飓风是英格兰数十年来遭遇的最为严重的自然灾害。"
            },
            {
              "sContent": "Their expedition nearly ended in disaster , when one of the climbers slid off the mountain.",
              "sCn": "一名登山者从山上滑落，他们的探险活动险些以灾难告终。"
            },
            {
              "sContent": "The drought could spell disaster for wildlife.",
              "sCn": "干旱可能会对野生生物造成灾难。"
            },
            {
              "sContent": "Disaster struckwhen two men were killed during their parachute jumps.",
              "sCn": "灾难突然降临，两名男子在跳伞过程中丧生。"
            },
            {
              "sContent": "The peace process was on the brink of disaster .",
              "sCn": "和平进程到了灾难的边缘。"
            },
            {
              "sContent": "Luckily the pilot saw the other plane just in time, and a disaster was narrowly averted .",
              "sCn": "幸好驾驶员及时看到了另一架飞机，侥幸避免了一场灾难。"
            }
          ],
          "desc": "例句"
        },
        "usphone": "dɪ'zæstɚ",
        "syno": {
          "synos": [
            {
              "pos": "n",
              "tran": "灾难，灾祸；不幸",
              "hwds": [
                {
                  "w": "tragedy"
                },
                {
                  "w": "evil"
                },
                {
                  "w": "calamity"
                },
                {
                  "w": "grief"
                }
              ]
            }
          ],
          "desc": "同近"
        },
        "ukphone": "dɪ'zɑːstə",
        "ukspeech": "disaster&type=1",
        "star": 0,
        "phrase": {
          "phrases": [
            {
              "pContent": "natural disaster",
              "pCn": "自然灾难，自然灾害"
            },
            {
              "pContent": "disaster relief",
              "pCn": "赈灾；灾难援助"
            },
            {
              "pContent": "disaster prevention",
              "pCn": "防灾"
            },
            {
              "pContent": "disaster area",
              "pCn": "灾区"
            },
            {
              "pContent": "earthquake disaster",
              "pCn": "地震灾害"
            },
            {
              "pContent": "disaster recovery",
              "pCn": "灾难复原"
            },
            {
              "pContent": "disaster management",
              "pCn": "灾难管理；灾备管理"
            },
            {
              "pContent": "environmental disaster",
              "pCn": "环境灾难；生态灾害，生态灾难"
            },
            {
              "pContent": "meteorological disaster",
              "pCn": "气象灾害"
            },
            {
              "pContent": "disaster preparedness",
              "pCn": "防灾准备状态"
            },
            {
              "pContent": "recipe for disaster",
              "pCn": "造成灾难的因素"
            },
            {
              "pContent": "social disaster",
              "pCn": "社会灾祸"
            },
            {
              "pContent": "disaster recovery plan",
              "pCn": "灾难恢复计划"
            },
            {
              "pContent": "disaster film",
              "pCn": "灾难片"
            }
          ],
          "desc": "短语"
        },
        "phone": ",di'zɑ:stə",
        "speech": "disaster",
        "usspeech": "disaster&type=2",
        "trans": [
          {
            "tranCn": "灾难，祸患",
            "descOther": "英释",
            "descCn": "中释",
            "pos": "n",
            "tranOther": "a sudden event such as a flood, storm, or accident which causes great damage or suffering"
          }
        ]
      }
    }
  },
  "bookId": "IELTSluan_2"
}