{
  "wordRank": 1198,
  "headWord": "customary",
  "content": {
    "word": {
      "wordHead": "customary",
      "wordId": "IELTSluan_2_1198",
      "content": {
        "sentence": {
          "sentences": [
            {
              "sContent": "Barbara answered with her customary enthusiasm.",
              "sCn": "芭芭拉以惯有的热情作了回答。"
            }
          ],
          "desc": "例句"
        },
        "usphone": "'kʌstə'mɛri",
        "syno": {
          "synos": [
            {
              "pos": "adj",
              "tran": "习惯的；通常的",
              "hwds": [
                {
                  "w": "usual"
                },
                {
                  "w": "used"
                },
                {
                  "w": "common"
                },
                {
                  "w": "accustomed"
                }
              ]
            }
          ],
          "desc": "同近"
        },
        "ukphone": "'kʌstəm(ə)rɪ",
        "ukspeech": "customary&type=1",
        "star": 0,
        "phrase": {
          "phrases": [
            {
              "pContent": "customary law",
              "pCn": "习惯法"
            }
          ],
          "desc": "短语"
        },
        "phone": "'kʌstə,məri",
        "speech": "customary",
        "relWord": {
          "rels": [
            {
              "pos": "adj",
              "words": [
                {
                  "hwd": "custom",
                  "tran": " 定制的，定做的"
                }
              ]
            },
            {
              "pos": "adv",
              "words": [
                {
                  "hwd": "customarily",
                  "tran": " 通常，习惯上"
                }
              ]
            },
            {
              "pos": "n",
              "words": [
                {
                  "hwd": "custom",
                  "tran": " 习惯；风俗；海关"
                }
              ]
            }
          ],
          "desc": "同根"
        },
        "usspeech": "customary&type=2",
        "trans": [
          {
            "tranCn": "通常的；惯例的",
            "descOther": "英释",
            "descCn": "中释",
            "pos": "adj",
            "tranOther": "something that is customary is normal because it is the way something is usually done"
          }
        ]
      }
    }
  },
  "bookId": "IELTSluan_2"
}