{
  "wordRank": 1199,
  "headWord": "tentative",
  "content": {
    "word": {
      "wordHead": "tentative",
      "wordId": "IELTSluan_2_1199",
      "content": {
        "sentence": {
          "sentences": [
            {
              "sContent": "I passed on my tentative conclusions to the police.",
              "sCn": "我把我的初步结论递交给了警方。"
            }
          ],
          "desc": "例句"
        },
        "usphone": "'tɛntətɪv",
        "syno": {
          "synos": [
            {
              "pos": "adj",
              "tran": "[试验]试验性的，暂定的；踌躇的",
              "hwds": [
                {
                  "w": "experimental"
                },
                {
                  "w": "cut-and-try"
                }
              ]
            },
            {
              "pos": "n",
              "tran": "假设，试验",
              "hwds": [
                {
                  "w": "hypothesis"
                },
                {
                  "w": "proof"
                },
                {
                  "w": "experiment"
                },
                {
                  "w": "try"
                }
              ]
            }
          ],
          "desc": "同近"
        },
        "ukphone": "'tentətɪv",
        "ukspeech": "tentative&type=1",
        "star": 0,
        "phrase": {
          "phrases": [
            {
              "pContent": "tentative plan",
              "pCn": "设想；试验性计划"
            },
            {
              "pContent": "tentative data",
              "pCn": "试验数据；推测数据"
            },
            {
              "pContent": "tentative schedule",
              "pCn": "试验性时间表"
            },
            {
              "pContent": "tentative standard",
              "pCn": "暂行标准"
            }
          ],
          "desc": "短语"
        },
        "phone": "'tentətiv",
        "speech": "tentative",
        "relWord": {
          "rels": [
            {
              "pos": "adv",
              "words": [
                {
                  "hwd": "tentatively",
                  "tran": " 暂时地；试验性地"
                }
              ]
            }
          ],
          "desc": "同根"
        },
        "usspeech": "tentative&type=2",
        "trans": [
          {
            "tranCn": "暂时的；试验性的",
            "descCn": "中释",
            "pos": "adj"
          }
        ]
      }
    }
  },
  "bookId": "IELTSluan_2"
}