{
  "wordRank": 12,
  "headWord": "fridge",
  "content": {
    "word": {
      "wordHead": "fridge",
      "wordId": "IELTSluan_2_12",
      "content": {
        "sentence": {
          "sentences": [
            {
              "sContent": "Then all three of you sign the contract and post in on the fridge.",
              "sContent_eng": "Then all three of you sign the contract and post in on the <b>fridge</b>.",
              "sSpeech": "Then+all+three+of+you+sign+the+contract+and+post+in+on+the+fridge.&le=eng",
              "sCn": "然后你们三个人要都在协议上签名，并把它贴在冰箱上。"
            },
            {
              "sContent": "I want this beer to chill so I'll leave it in the fridge for an hour.",
              "sContent_eng": "I want this beer to chill so I'll leave it in the <b>fridge</b> for an hour.",
              "sSpeech": "I+want+this+beer+to+chill+so+I%27ll+leave+it+in+the+fridge+for+an+hour.&le=eng",
              "sCn": "我想要啤酒变凉，因此我把它放在冰箱里一小时。"
            },
            {
              "sContent": "It can be anything: spoiled milk from the back of your fridge right down to tar and feathers.",
              "sContent_eng": "It can be anything: spoiled milk from the back of your <b>fridge</b> right down to tar and feathers.",
              "sSpeech": "It+can+be+anything%3A+spoiled+milk+from+the+back+of+your+fridge+right+down+to+tar+and+feathers.&le=eng",
              "sCn": "它可以是任何玩意儿：从你冰箱后面那些变质的牛奶到沥青和羽毛。"
            }
          ],
          "desc": "例句"
        },
        "usphone": "frɪdʒ",
        "syno": {
          "synos": [
            {
              "pos": "n",
              "tran": "电冰箱",
              "hwds": [
                {
                  "w": "electric refrigerator"
                }
              ]
            }
          ],
          "desc": "同近"
        },
        "ukphone": "frɪdʒ",
        "ukspeech": "fridge&type=1",
        "star": 0,
        "phone": "fridʒ",
        "speech": "fridge",
        "usspeech": "fridge&type=2",
        "trans": [
          {
            "tranCn": "冰箱",
            "descOther": "英释",
            "descCn": "中释",
            "pos": "n",
            "tranOther": "a large piece of electrical kitchen equipment, used for keeping food and drinks cool"
          }
        ]
      }
    }
  },
  "bookId": "IELTSluan_2"
}