{
  "wordRank": 120,
  "headWord": "ancestor",
  "content": {
    "word": {
      "wordHead": "ancestor",
      "wordId": "IELTSluan_2_120",
      "content": {
        "sentence": {
          "sentences": [
            {
              "sContent": "My ancestors were French.",
              "sCn": "我的祖先是法国人。"
            }
          ],
          "desc": "例句"
        },
        "usphone": "'ænsɛstɚ",
        "syno": {
          "synos": [
            {
              "pos": "n",
              "tran": "始祖，[生物]祖先；被继承人",
              "hwds": [
                {
                  "w": "father"
                },
                {
                  "w": "root"
                },
                {
                  "w": "grandfather"
                }
              ]
            }
          ],
          "desc": "同近"
        },
        "ukphone": "'ænsestə",
        "ukspeech": "ancestor&type=1",
        "star": 0,
        "phrase": {
          "phrases": [
            {
              "pContent": "ancestor worship",
              "pCn": "祖先崇拜；祭祖；敬奉祖先"
            }
          ],
          "desc": "短语"
        },
        "phone": "'ænsestə",
        "speech": "ancestor",
        "relWord": {
          "rels": [
            {
              "pos": "adj",
              "words": [
                {
                  "hwd": "ancestral",
                  "tran": " 祖先的；祖传的"
                }
              ]
            },
            {
              "pos": "n",
              "words": [
                {
                  "hwd": "ancestry",
                  "tran": " 祖先；血统"
                },
                {
                  "hwd": "ancestress",
                  "tran": " 女性祖先；女性被继承人"
                }
              ]
            }
          ],
          "desc": "同根"
        },
        "usspeech": "ancestor&type=2",
        "trans": [
          {
            "tranCn": "祖先",
            "descOther": "英释",
            "descCn": "中释",
            "pos": "n",
            "tranOther": "a member of your family who lived a long time ago"
          }
        ]
      }
    }
  },
  "bookId": "IELTSluan_2"
}