{
  "wordRank": 1200,
  "headWord": "figure",
  "content": {
    "word": {
      "wordHead": "figure",
      "wordId": "IELTSluan_2_1200",
      "content": {
        "sentence": {
          "sentences": [
            {
              "sContent": "a natural ability with figures",
              "sCn": "算术天赋"
            }
          ],
          "desc": "例句"
        },
        "usphone": "'fɪɡjɚ",
        "syno": {
          "synos": [
            {
              "pos": "n",
              "tran": "[数]数字；人物；图形；价格；（人的）体形；画像",
              "hwds": [
                {
                  "w": "digital"
                },
                {
                  "w": "price"
                },
                {
                  "w": "value"
                },
                {
                  "w": "number"
                },
                {
                  "w": "rate"
                }
              ]
            },
            {
              "pos": "vi",
              "tran": "计算；出现；扮演角色",
              "hwds": [
                {
                  "w": "occur"
                },
                {
                  "w": "cast"
                },
                {
                  "w": "offer"
                },
                {
                  "w": "come out"
                }
              ]
            },
            {
              "pos": "vt",
              "tran": "计算；认为；描绘；象征",
              "hwds": [
                {
                  "w": "indicate"
                },
                {
                  "w": "expect"
                },
                {
                  "w": "guess"
                },
                {
                  "w": "find"
                },
                {
                  "w": "feel"
                }
              ]
            }
          ],
          "desc": "同近"
        },
        "ukphone": "'fɪgə",
        "ukspeech": "figure&type=1",
        "star": 0,
        "phrase": {
          "phrases": [
            {
              "pContent": "public figure",
              "pCn": "社会名人"
            },
            {
              "pContent": "figure out",
              "pCn": "解决；算出；想出；理解；断定"
            },
            {
              "pContent": "figure in",
              "pCn": "算进；包括进"
            },
            {
              "pContent": "father figure",
              "pCn": "n. 长者；父亲般的人物；领袖"
            },
            {
              "pContent": "good figure",
              "pCn": "良好图形；良型"
            },
            {
              "pContent": "figure on",
              "pCn": "[美口]指望；[英口]打算；料想；把…估计在内"
            },
            {
              "pContent": "figure of speech",
              "pCn": "修辞；比喻说法"
            },
            {
              "pContent": "figure skating",
              "pCn": "花式溜冰"
            },
            {
              "pContent": "figure it out",
              "pCn": "弄明白；搞定它"
            },
            {
              "pContent": "figure for",
              "pCn": "谋取；企图获得"
            },
            {
              "pContent": "go figure",
              "pCn": "猜猜看；想想看吧"
            },
            {
              "pContent": "ballpark figure",
              "pCn": "大略估计"
            },
            {
              "pContent": "key figure",
              "pCn": "关键人物"
            },
            {
              "pContent": "geometric figure",
              "pCn": "几何图形"
            },
            {
              "pContent": "noise figure",
              "pCn": "噪声因数"
            },
            {
              "pContent": "figure as",
              "pCn": "扮演…角色"
            },
            {
              "pContent": "figure of merit",
              "pCn": "品质因数；灵敏值"
            },
            {
              "pContent": "plane figure",
              "pCn": "平面图形"
            },
            {
              "pContent": "pole figure",
              "pCn": "极像图"
            },
            {
              "pContent": "action figure",
              "pCn": "动作人物；可动人型；玩具人；活动人"
            }
          ],
          "desc": "短语"
        },
        "phone": "'fiɡə",
        "speech": "figure",
        "relWord": {
          "rels": [
            {
              "pos": "adj",
              "words": [
                {
                  "hwd": "figurative",
                  "tran": " 比喻的；修饰丰富的；形容多的"
                },
                {
                  "hwd": "figured",
                  "tran": " 华丽的；有形状的；用图画表现的；有图案的"
                },
                {
                  "hwd": "figural",
                  "tran": " 借喻的；具有人的形象的；比喻的"
                }
              ]
            },
            {
              "pos": "n",
              "words": [
                {
                  "hwd": "figuration",
                  "tran": " 成形；外形；定形；比喻表达法；图案装饰法"
                },
                {
                  "hwd": "figurant",
                  "tran": " （戏剧电影中的）群众演员；男配角演员"
                }
              ]
            },
            {
              "pos": "v",
              "words": [
                {
                  "hwd": "figured",
                  "tran": " 以图画或图表描绘；设想（figure的过去式和过去分词）"
                }
              ]
            }
          ],
          "desc": "同根"
        },
        "usspeech": "figure&type=2",
        "trans": [
          {
            "tranCn": "数字，算术，图形，人物",
            "descOther": "英释",
            "descCn": "中释",
            "pos": "n",
            "tranOther": "the activity of adding, multiplying etc numbers"
          },
          {
            "tranCn": "相信，计算",
            "descOther": "英释",
            "descCn": "中释",
            "pos": "v",
            "tranOther": "to calculate an amount"
          }
        ]
      }
    }
  },
  "bookId": "IELTSluan_2"
}