{
  "wordRank": 1201,
  "headWord": "undergo",
  "content": {
    "word": {
      "wordHead": "undergo",
      "wordId": "IELTSluan_2_1201",
      "content": {
        "sentence": {
          "sentences": [
            {
              "sContent": "The country has undergone massive changes recently.",
              "sCn": "这个国家最近经历了巨大的变化。"
            },
            {
              "sContent": "He has been released from prison to undergo medical treatment in the United States.",
              "sCn": "他获释出狱去美国接受治疗。"
            },
            {
              "sContent": "She has been undergoing tests since Monday.",
              "sCn": "她从星期一开始一直在接受各种检查。"
            },
            {
              "sContent": "Teachers should be expected to undergo mid-career training and development.",
              "sCn": "教师应该参加中期职业培训和发展活动。"
            }
          ],
          "desc": "例句"
        },
        "usphone": ",ʌndɚ'ɡo",
        "syno": {
          "synos": [
            {
              "pos": "vt",
              "tran": "经历，经受；忍受",
              "hwds": [
                {
                  "w": "experience"
                },
                {
                  "w": "stand"
                },
                {
                  "w": "stomach"
                },
                {
                  "w": "tough"
                },
                {
                  "w": "abide"
                }
              ]
            }
          ],
          "desc": "同近"
        },
        "ukphone": "ʌndə'gəʊ",
        "ukspeech": "undergo&type=1",
        "star": 0,
        "phone": ",ʌndə'ɡəu",
        "speech": "undergo",
        "usspeech": "undergo&type=2",
        "trans": [
          {
            "tranCn": "经历，遭受",
            "descOther": "英释",
            "descCn": "中释",
            "pos": "v",
            "tranOther": "if you undergo a change, an unpleasant experience etc, it happens to you or is done to you"
          }
        ]
      }
    }
  },
  "bookId": "IELTSluan_2"
}