{
  "wordRank": 1202,
  "headWord": "sprawl",
  "content": {
    "word": {
      "wordHead": "sprawl",
      "wordId": "IELTSluan_2_1202",
      "content": {
        "usphone": "sprɔl",
        "syno": {
          "synos": [
            {
              "pos": "vi",
              "tran": "蔓延；伸开手足躺；无计划地扩展",
              "hwds": [
                {
                  "w": "creep"
                },
                {
                  "w": "to spread"
                }
              ]
            },
            {
              "pos": "vt",
              "tran": "懒散地伸开；使蔓生",
              "hwds": [
                {
                  "w": "sprig"
                }
              ]
            },
            {
              "pos": "n",
              "tran": "蔓生；伸开手足躺卧姿势",
              "hwds": [
                {
                  "w": "rampancy"
                }
              ]
            }
          ],
          "desc": "同近"
        },
        "ukphone": "sprɔːl",
        "ukspeech": "sprawl&type=1",
        "star": 0,
        "phrase": {
          "phrases": [
            {
              "pContent": "urban sprawl",
              "pCn": "城市扩张；都市向郊区扩张的现象"
            }
          ],
          "desc": "短语"
        },
        "phone": "sprɔ:l",
        "speech": "sprawl",
        "remMethod": {
          "val": " 伸展手脚趴在地上(sprawl)潦草地写(scrawl)",
          "desc": "记忆"
        },
        "usspeech": "sprawl&type=2",
        "trans": [
          {
            "tranCn": "植物蔓生；城市无计划扩张",
            "descCn": "中释",
            "pos": "v"
          }
        ]
      }
    }
  },
  "bookId": "IELTSluan_2"
}