{
  "wordRank": 1203,
  "headWord": "trek",
  "content": {
    "word": {
      "wordHead": "trek",
      "wordId": "IELTSluan_2_1203",
      "content": {
        "sentence": {
          "sentences": [
            {
              "sContent": "...trekking through the jungles.",
              "sCn": "…徒步穿越丛林。"
            }
          ],
          "desc": "例句"
        },
        "usphone": "trɛk",
        "syno": {
          "synos": [
            {
              "pos": "n",
              "tran": "艰苦跋涉",
              "hwds": [
                {
                  "w": "treck"
                }
              ]
            },
            {
              "pos": "vt",
              "tran": "（牛）拉（货车）；搬运",
              "hwds": [
                {
                  "w": "pull"
                },
                {
                  "w": "draw"
                },
                {
                  "w": "carry"
                }
              ]
            },
            {
              "pos": "vi",
              "tran": "艰苦跋涉",
              "hwds": [
                {
                  "w": "treck"
                }
              ]
            }
          ],
          "desc": "同近"
        },
        "ukphone": "trek",
        "ukspeech": "trek&type=1",
        "star": 0,
        "phone": "trek",
        "speech": "trek",
        "usspeech": "trek&type=2",
        "trans": [
          {
            "tranCn": "长途跋涉；旅行",
            "descOther": "英释",
            "descCn": "中释",
            "pos": "v",
            "tranOther": "to make a long and difficult journey, especially on foot"
          }
        ]
      }
    }
  },
  "bookId": "IELTSluan_2"
}