{
  "wordRank": 1204,
  "headWord": "equation",
  "content": {
    "word": {
      "wordHead": "equation",
      "wordId": "IELTSluan_2_1204",
      "content": {
        "sentence": {
          "sentences": [
            {
              "sContent": "In the equation 2x + 1 = 7, what is x?",
              "sCn": "在方程式2x+1=7中，x的值为多少？"
            }
          ],
          "desc": "例句"
        },
        "usphone": "ɪ'kweʒn",
        "syno": {
          "synos": [
            {
              "pos": "n",
              "tran": "[数]方程式，等式；相等；[化学]反应式",
              "hwds": [
                {
                  "w": "eqs"
                },
                {
                  "w": "equivalence"
                }
              ]
            }
          ],
          "desc": "同近"
        },
        "ukphone": "ɪ'kweɪʒ(ə)n",
        "ukspeech": "equation&type=1",
        "star": 0,
        "phrase": {
          "phrases": [
            {
              "pContent": "differential equation",
              "pCn": "微分方程"
            },
            {
              "pContent": "wave equation",
              "pCn": "波动方程"
            },
            {
              "pContent": "regression equation",
              "pCn": "回归方程"
            },
            {
              "pContent": "state equation",
              "pCn": "状态方程"
            },
            {
              "pContent": "integral equation",
              "pCn": "积分方程"
            },
            {
              "pContent": "balance equation",
              "pCn": "平衡方程，平衡方程式"
            },
            {
              "pContent": "partial differential equation",
              "pCn": "偏微分方程"
            },
            {
              "pContent": "diffusion equation",
              "pCn": "扩散方程"
            },
            {
              "pContent": "structural equation",
              "pCn": "结构方程式"
            },
            {
              "pContent": "constitutive equation",
              "pCn": "本构方程"
            },
            {
              "pContent": "motion equation",
              "pCn": "运动方程"
            },
            {
              "pContent": "equation of state",
              "pCn": "状态方程式"
            },
            {
              "pContent": "difference equation",
              "pCn": "[计]差分方程，差分方程式"
            },
            {
              "pContent": "rate equation",
              "pCn": "速率方程"
            },
            {
              "pContent": "linear equation",
              "pCn": "n. 线性方程"
            },
            {
              "pContent": "ordinary differential equation",
              "pCn": "常微分方程"
            },
            {
              "pContent": "basic equation",
              "pCn": "基本方程；基底方程"
            },
            {
              "pContent": "governing equation",
              "pCn": "控制方程"
            },
            {
              "pContent": "matrix equation",
              "pCn": "矩阵方程"
            },
            {
              "pContent": "equation of motion",
              "pCn": "运动方程"
            }
          ],
          "desc": "短语"
        },
        "phone": "i'kweiʒən, -ʃən",
        "speech": "equation",
        "relWord": {
          "rels": [
            {
              "pos": "vi",
              "words": [
                {
                  "hwd": "equate",
                  "tran": " 等同"
                }
              ]
            },
            {
              "pos": "vt",
              "words": [
                {
                  "hwd": "equate",
                  "tran": " 使相等；视为平等"
                }
              ]
            }
          ],
          "desc": "同根"
        },
        "usspeech": "equation&type=2",
        "trans": [
          {
            "tranCn": "方程式，等式",
            "descOther": "英释",
            "descCn": "中释",
            "pos": "n",
            "tranOther": "a statement in mathematics that shows that two amounts or totals are equal"
          }
        ]
      }
    }
  },
  "bookId": "IELTSluan_2"
}