{
  "wordRank": 1205,
  "headWord": "mould",
  "content": {
    "word": {
      "wordHead": "mould",
      "wordId": "IELTSluan_2_1205",
      "content": {
        "sentence": {
          "sentences": [
            {
              "sContent": "Another method, used especially for figures, was to pour the clay into a mould.",
              "sCn": "另一个方法是把黏土倒入模具中，尤其用于铸造人像。"
            },
            {
              "sContent": "lime jell-o in a mould",
              "sCn": "装在果冻模里的来檬果冻"
            }
          ],
          "desc": "例句"
        },
        "usphone": "məuld",
        "syno": {
          "synos": [
            {
              "pos": "vi",
              "tran": "发霉",
              "hwds": [
                {
                  "w": "go moldy"
                }
              ]
            },
            {
              "pos": "vt",
              "tran": "浇铸；用泥土覆盖",
              "hwds": [
                {
                  "w": "cast"
                },
                {
                  "w": "typecast"
                }
              ]
            },
            {
              "pos": "n",
              "tran": "模具；霉",
              "hwds": [
                {
                  "w": "mildew"
                }
              ]
            }
          ],
          "desc": "同近"
        },
        "ukphone": "məʊld",
        "ukspeech": "mould&type=1",
        "star": 0,
        "phrase": {
          "phrases": [
            {
              "pContent": "injection mould",
              "pCn": "注塑模具"
            },
            {
              "pContent": "mould design",
              "pCn": "模具设计；铸模设计"
            },
            {
              "pContent": "sand mould",
              "pCn": "砂型；砂模"
            },
            {
              "pContent": "steel mould",
              "pCn": "钢模；钢锭模"
            },
            {
              "pContent": "mould plate",
              "pCn": "模板，模型板"
            },
            {
              "pContent": "permanent mould",
              "pCn": "永久模，硬模"
            },
            {
              "pContent": "mould machine",
              "pCn": "模塑机；圆网造纸机"
            },
            {
              "pContent": "ingot mould",
              "pCn": "锭模，钢锭模"
            },
            {
              "pContent": "mould proof",
              "pCn": "防霉"
            },
            {
              "pContent": "graphite mould",
              "pCn": "石墨模子，石墨模具；石墨模"
            },
            {
              "pContent": "mould inhibitor",
              "pCn": "防霉剂，霉菌抑制剂"
            },
            {
              "pContent": "paper mould",
              "pCn": "纸型"
            },
            {
              "pContent": "mould release agent",
              "pCn": "下模剂"
            },
            {
              "pContent": "tyre mould",
              "pCn": "轮胎压模"
            },
            {
              "pContent": "mould base",
              "pCn": "模架；模座"
            }
          ],
          "desc": "短语"
        },
        "phone": "məuld",
        "speech": "mould",
        "relWord": {
          "rels": [
            {
              "pos": "adj",
              "words": [
                {
                  "hwd": "mouldy",
                  "tran": " 发霉的；旧式的；腐朽的"
                }
              ]
            },
            {
              "pos": "n",
              "words": [
                {
                  "hwd": "moulding",
                  "tran": " 模制；浇铸"
                },
                {
                  "hwd": "mouldy",
                  "tran": " 鱼雷"
                },
                {
                  "hwd": "moulder",
                  "tran": " 制模工，铸工"
                }
              ]
            },
            {
              "pos": "v",
              "words": [
                {
                  "hwd": "moulding",
                  "tran": " 塑造（mould的ing形式）；用模子制作"
                }
              ]
            },
            {
              "pos": "vi",
              "words": [
                {
                  "hwd": "moulder",
                  "tran": " 腐朽；衰退"
                }
              ]
            },
            {
              "pos": "vt",
              "words": [
                {
                  "hwd": "moulder",
                  "tran": " 使腐朽；使衰退"
                }
              ]
            }
          ],
          "desc": "同根"
        },
        "usspeech": "mould&type=2",
        "trans": [
          {
            "tranCn": "模子，模型；模制品",
            "descOther": "英释",
            "descCn": "中释",
            "pos": "n",
            "tranOther": "a hollow container that you pour a liquid or soft substance into, so that when it becomes solid, it takes the shape of the container"
          }
        ]
      }
    }
  },
  "bookId": "IELTSluan_2"
}