{
  "wordRank": 1206,
  "headWord": "depict",
  "content": {
    "word": {
      "wordHead": "depict",
      "wordId": "IELTSluan_2_1206",
      "content": {
        "sentence": {
          "sentences": [
            {
              "sContent": "a book depicting life in pre-revolutionary Russia",
              "sCn": "描写革命前俄国人生活的一本书"
            }
          ],
          "desc": "例句"
        },
        "usphone": "dɪ'pɪkt",
        "syno": {
          "synos": [
            {
              "pos": "vt",
              "tran": "描述；描画",
              "hwds": [
                {
                  "w": "bewrite"
                },
                {
                  "w": "describe  v. say what is like"
                }
              ]
            }
          ],
          "desc": "同近"
        },
        "ukphone": "dɪ'pɪkt",
        "ukspeech": "depict&type=1",
        "star": 0,
        "phone": "di'pikt",
        "speech": "depict",
        "remMethod": {
          "val": " de(表加强) + pict(描写， 画) → 描绘， 描述",
          "desc": "记忆"
        },
        "relWord": {
          "rels": [
            {
              "pos": "adj",
              "words": [
                {
                  "hwd": "depictive",
                  "tran": " 描写的；描述的"
                }
              ]
            },
            {
              "pos": "n",
              "words": [
                {
                  "hwd": "depiction",
                  "tran": " 描写，叙述"
                }
              ]
            }
          ],
          "desc": "同根"
        },
        "usspeech": "depict&type=2",
        "trans": [
          {
            "tranCn": "描写，描绘",
            "descOther": "英释",
            "descCn": "中释",
            "pos": "v",
            "tranOther": "to describe something or someone in writing or speech, or to show them in a painting, picture etc"
          }
        ]
      }
    }
  },
  "bookId": "IELTSluan_2"
}