{
  "wordRank": 1207,
  "headWord": "grease",
  "content": {
    "word": {
      "wordHead": "grease",
      "wordId": "IELTSluan_2_1207",
      "content": {
        "sentence": {
          "sentences": [
            {
              "sContent": "His hair is thick with grease.",
              "sCn": "他的头发油腻腻的。"
            }
          ],
          "desc": "例句"
        },
        "usphone": "gris",
        "syno": {
          "synos": [
            {
              "pos": "vt",
              "tran": "涂脂于；贿赂",
              "hwds": [
                {
                  "w": "tamper with"
                },
                {
                  "w": "buy over"
                }
              ]
            },
            {
              "pos": "n",
              "tran": "油脂；贿赂",
              "hwds": [
                {
                  "w": "lipid"
                },
                {
                  "w": "fix"
                }
              ]
            }
          ],
          "desc": "同近"
        },
        "ukphone": "griːs",
        "ukspeech": "grease&type=1",
        "star": 0,
        "phrase": {
          "phrases": [
            {
              "pContent": "lubricating grease",
              "pCn": "滑脂；润滑脂；润滑膏"
            },
            {
              "pContent": "grease the wheels",
              "pCn": "v. 使顺利进行；贿赂"
            },
            {
              "pContent": "oil and grease",
              "pCn": "油脂"
            },
            {
              "pContent": "grease lubrication",
              "pCn": "n. 滑脂润滑；油脂润滑"
            },
            {
              "pContent": "lithium grease",
              "pCn": "[化]锂基润滑脂"
            },
            {
              "pContent": "elbow grease",
              "pCn": "费力的工作；重活"
            },
            {
              "pContent": "grease gun",
              "pCn": "黄油枪，滑脂枪"
            },
            {
              "pContent": "silicone grease",
              "pCn": "硅脂；硅润滑脂"
            },
            {
              "pContent": "high temperature grease",
              "pCn": "高温润滑脂；高温润滑油"
            },
            {
              "pContent": "grease spots",
              "pCn": "油斑（纸病）（grease spot的复数）"
            }
          ],
          "desc": "短语"
        },
        "phone": "ɡri:s",
        "speech": "grease",
        "relWord": {
          "rels": [
            {
              "pos": "n",
              "words": [
                {
                  "hwd": "greaser",
                  "tran": " 润滑器；润滑工；加油脂或涂油脂的工人"
                }
              ]
            }
          ],
          "desc": "同根"
        },
        "usspeech": "grease&type=2",
        "trans": [
          {
            "tranCn": "动物脂肪；油脂状物",
            "descOther": "英释",
            "descCn": "中释",
            "pos": "n",
            "tranOther": "a fatty or oily substance that comes off meat when it is cooked, or off food made using butter or oil"
          },
          {
            "tranCn": "涂油脂于",
            "descOther": "英释",
            "descCn": "中释",
            "pos": "v",
            "tranOther": "to put butter, grease etc on a pan etc to prevent food from sticking to it"
          }
        ]
      }
    }
  },
  "bookId": "IELTSluan_2"
}