{
  "wordRank": 1208,
  "headWord": "insolvent",
  "content": {
    "word": {
      "wordHead": "insolvent",
      "wordId": "IELTSluan_2_1208",
      "content": {
        "sentence": {
          "sentences": [
            {
              "sContent": "The company was later declared insolvent (= officially said to be insolvent ).",
              "sCn": "公司随后被宣布破产。"
            }
          ],
          "desc": "例句"
        },
        "usphone": "ɪn'sɑlvənt",
        "syno": {
          "synos": [
            {
              "pos": "n",
              "tran": "[经]破产者；无力偿还者",
              "hwds": [
                {
                  "w": "bankrupt"
                }
              ]
            },
            {
              "pos": "adj",
              "tran": "[经]破产的；无力偿还的",
              "hwds": [
                {
                  "w": "broke"
                },
                {
                  "w": "bankrupt"
                }
              ]
            }
          ],
          "desc": "同近"
        },
        "ukphone": "ɪn'sɒlv(ə)nt",
        "ukspeech": "insolvent&type=1",
        "star": 0,
        "phrase": {
          "phrases": [
            {
              "pContent": "become insolvent",
              "pCn": "破产"
            }
          ],
          "desc": "短语"
        },
        "phone": "in'sɔlvənt",
        "speech": "insolvent",
        "relWord": {
          "rels": [
            {
              "pos": "n",
              "words": [
                {
                  "hwd": "insolvency",
                  "tran": " 破产，无力偿还；倒闭"
                }
              ]
            }
          ],
          "desc": "同根"
        },
        "usspeech": "insolvent&type=2",
        "trans": [
          {
            "tranCn": "无偿债能力的",
            "descOther": "英释",
            "descCn": "中释",
            "pos": "adj",
            "tranOther": "not having enough money to pay what you owe"
          }
        ]
      }
    }
  },
  "bookId": "IELTSluan_2"
}