{
  "wordRank": 1209,
  "headWord": "misery",
  "content": {
    "word": {
      "wordHead": "misery",
      "wordId": "IELTSluan_2_1209",
      "content": {
        "sentence": {
          "sentences": [
            {
              "sContent": "She looked away so that Tom wouldn’t see her misery.",
              "sCn": "她扭过头去，不让汤姆看到自己的痛苦。"
            },
            {
              "sContent": "His face was a picture of sheer misery (= great unhappiness, with no other emotion ) .",
              "sCn": "他一脸的愁苦。"
            },
            {
              "sContent": "The news plunged him into abject misery (= extreme unhappiness ) .",
              "sCn": "这消息让他陷入极度痛苦之中。"
            }
          ],
          "desc": "例句"
        },
        "usphone": "'mɪzəri",
        "syno": {
          "synos": [
            {
              "pos": "n",
              "tran": "痛苦，悲惨；不幸；苦恼；穷困",
              "hwds": [
                {
                  "w": "smart"
                },
                {
                  "w": "disaster"
                },
                {
                  "w": "hurt"
                },
                {
                  "w": "evil"
                },
                {
                  "w": "grief"
                }
              ]
            }
          ],
          "desc": "同近"
        },
        "ukphone": "'mɪz(ə)rɪ",
        "ukspeech": "misery&type=1",
        "star": 0,
        "phone": "'mizəri",
        "speech": "misery",
        "usspeech": "misery&type=2",
        "trans": [
          {
            "tranCn": "悲惨，痛苦的事",
            "descOther": "英释",
            "descCn": "中释",
            "pos": "n",
            "tranOther": "great unhappiness"
          }
        ]
      }
    }
  },
  "bookId": "IELTSluan_2"
}