{
  "wordRank": 121,
  "headWord": "vanish",
  "content": {
    "word": {
      "wordHead": "vanish",
      "wordId": "IELTSluan_2_121",
      "content": {
        "sentence": {
          "sentences": [
            {
              "sContent": "My keys were here a minute ago but now they’ve vanished.",
              "sCn": "我的钥匙刚刚还在这里，现在却不翼而飞了。"
            },
            {
              "sContent": "The bird vanished from sight.",
              "sCn": "那只鸟从视线中消失了。"
            },
            {
              "sContent": "She seemed to have just vanished into thin air (= suddenly disappeared in a very mysterious way ).",
              "sCn": "她好像就蒸发了似的。"
            }
          ],
          "desc": "例句"
        },
        "usphone": "'vænɪʃ",
        "antos": {
          "anto": [
            {
              "hwd": "emerge"
            }
          ],
          "desc": "反义"
        },
        "ukspeech": "vanish&type=1",
        "star": 0,
        "usspeech": "vanish&type=2",
        "syno": {
          "synos": [
            {
              "pos": "vi",
              "tran": "[数]消失；突然不见；成为零",
              "hwds": [
                {
                  "w": "disappear"
                },
                {
                  "w": "blank"
                }
              ]
            },
            {
              "pos": "vt",
              "tran": "使不见，[数]使消失",
              "hwds": [
                {
                  "w": "unmake"
                }
              ]
            }
          ],
          "desc": "同近"
        },
        "ukphone": "'vænɪʃ",
        "phrase": {
          "phrases": [
            {
              "pContent": "vanish from",
              "pCn": "从…失去；从…消失"
            },
            {
              "pContent": "vanish away",
              "pCn": "消失"
            }
          ],
          "desc": "短语"
        },
        "phone": "'væniʃ",
        "speech": "vanish",
        "remMethod": {
          "val": " van(空) + ish → 空无一物 → 不复存在",
          "desc": "记忆"
        },
        "relWord": {
          "rels": [
            {
              "pos": "adj",
              "words": [
                {
                  "hwd": "vanishing",
                  "tran": " 消没的"
                }
              ]
            },
            {
              "pos": "adv",
              "words": [
                {
                  "hwd": "vanishingly",
                  "tran": " 难以察觉地；消遁似地；趋于零地"
                }
              ]
            },
            {
              "pos": "n",
              "words": [
                {
                  "hwd": "vanishing",
                  "tran": " 消失"
                }
              ]
            },
            {
              "pos": "v",
              "words": [
                {
                  "hwd": "vanishing",
                  "tran": " 消失（vanish的ing形式）"
                }
              ]
            }
          ],
          "desc": "同根"
        },
        "trans": [
          {
            "tranCn": "消失",
            "descOther": "英释",
            "descCn": "中释",
            "pos": "v",
            "tranOther": "to disappear suddenly, especially in a way that cannot be easily explained"
          }
        ]
      }
    }
  },
  "bookId": "IELTSluan_2"
}