{
  "wordRank": 1210,
  "headWord": "zeal",
  "content": {
    "word": {
      "wordHead": "zeal",
      "wordId": "IELTSluan_2_1210",
      "content": {
        "sentence": {
          "sentences": [
            {
              "sContent": "...his zeal for teaching.",
              "sCn": "…他对教学的热衷。"
            }
          ],
          "desc": "例句"
        },
        "usphone": "zil",
        "syno": {
          "synos": [
            {
              "pos": "n",
              "tran": "热情；热心；热诚",
              "hwds": [
                {
                  "w": "passion"
                },
                {
                  "w": "flame"
                },
                {
                  "w": "fire"
                },
                {
                  "w": "warmth"
                },
                {
                  "w": "fervor"
                }
              ]
            }
          ],
          "desc": "同近"
        },
        "ukphone": "ziːl",
        "ukspeech": "zeal&type=1",
        "star": 0,
        "phrase": {
          "phrases": [
            {
              "pContent": "zeal for",
              "pCn": "热心"
            }
          ],
          "desc": "短语"
        },
        "phone": "zi:l",
        "speech": "zeal",
        "relWord": {
          "rels": [
            {
              "pos": "adj",
              "words": [
                {
                  "hwd": "zealous",
                  "tran": " 热心的，热情的，积极的"
                }
              ]
            },
            {
              "pos": "adv",
              "words": [
                {
                  "hwd": "zealously",
                  "tran": " 热心地，积极地"
                }
              ]
            }
          ],
          "desc": "同根"
        },
        "usspeech": "zeal&type=2",
        "trans": [
          {
            "tranCn": "热心，热情",
            "descOther": "英释",
            "descCn": "中释",
            "pos": "n",
            "tranOther": "eagerness to do something, especially to achieve a particular religious or political aim"
          }
        ]
      }
    }
  },
  "bookId": "IELTSluan_2"
}