{
  "wordRank": 1211,
  "headWord": "erupt",
  "content": {
    "word": {
      "wordHead": "erupt",
      "wordId": "IELTSluan_2_1211",
      "content": {
        "sentence": {
          "sentences": [
            {
              "sContent": "Violence erupted after police shot a student during the demonstration.",
              "sCn": "警察向示威人群中的一名学生开枪，暴乱随之发生。"
            },
            {
              "sContent": "A political row erupted over the MP’s comments.",
              "sCn": "这名下院议员的评论引发了一场政治论战。"
            }
          ],
          "desc": "例句"
        },
        "usphone": "ɪ'rʌpt",
        "syno": {
          "synos": [
            {
              "pos": "vi",
              "tran": "爆发；喷出；发疹；长牙",
              "hwds": [
                {
                  "w": "out break"
                },
                {
                  "w": "blow up"
                }
              ]
            },
            {
              "pos": "vt",
              "tran": "爆发；喷出",
              "hwds": [
                {
                  "w": "out break"
                },
                {
                  "w": "blow up"
                }
              ]
            }
          ],
          "desc": "同近"
        },
        "ukphone": "ɪ'rʌpt",
        "ukspeech": "erupt&type=1",
        "star": 0,
        "phone": "i'rʌpt",
        "speech": "erupt",
        "relWord": {
          "rels": [
            {
              "pos": "adj",
              "words": [
                {
                  "hwd": "eruptive",
                  "tran": " 暴发的；喷出的；疹的"
                }
              ]
            },
            {
              "pos": "n",
              "words": [
                {
                  "hwd": "eruption",
                  "tran": " 爆发，喷发；火山灰；出疹"
                }
              ]
            }
          ],
          "desc": "同根"
        },
        "usspeech": "erupt&type=2",
        "trans": [
          {
            "tranCn": "喷发，爆发",
            "descOther": "英释",
            "descCn": "中释",
            "pos": "v",
            "tranOther": "if fighting, violence, noise etc erupts, it starts suddenly"
          }
        ]
      }
    }
  },
  "bookId": "IELTSluan_2"
}