{
  "wordRank": 1212,
  "headWord": "compliance",
  "content": {
    "word": {
      "wordHead": "compliance",
      "wordId": "IELTSluan_2_1212",
      "content": {
        "sentence": {
          "sentences": [
            {
              "sContent": "Inspectors were sent to visit nuclear sites and verify compliance with the treaty.",
              "sCn": "监察员被派去参观核址并核实条约的遵守情况。"
            }
          ],
          "desc": "例句"
        },
        "usphone": "kəm'plaɪəns",
        "syno": {
          "synos": [
            {
              "pos": "n",
              "tran": "顺从，服从；承诺",
              "hwds": [
                {
                  "w": "commitment"
                },
                {
                  "w": "obedience"
                }
              ]
            }
          ],
          "desc": "同近"
        },
        "ukphone": "kəm'plaɪəns",
        "ukspeech": "compliance&type=1",
        "star": 0,
        "phrase": {
          "phrases": [
            {
              "pContent": "compliance with",
              "pCn": "符合；遵守"
            },
            {
              "pContent": "in compliance with",
              "pCn": "按照…"
            },
            {
              "pContent": "regulatory compliance",
              "pCn": "法规遵从"
            },
            {
              "pContent": "social compliance",
              "pCn": "社会责任"
            },
            {
              "pContent": "compliance audit",
              "pCn": "合规性审计；符合规章审计；法规符合审计"
            },
            {
              "pContent": "patient compliance",
              "pCn": "病人的依从性；病人的配合度"
            },
            {
              "pContent": "creep compliance",
              "pCn": "蠕变柔量"
            },
            {
              "pContent": "tax compliance",
              "pCn": "税收遵从；守法纳税"
            },
            {
              "pContent": "legal compliance",
              "pCn": "遵纪守法"
            },
            {
              "pContent": "compliance test",
              "pCn": "验证检验；符合性程序"
            },
            {
              "pContent": "compliance method",
              "pCn": "柔度法"
            },
            {
              "pContent": "certificate of compliance",
              "pCn": "符合证明；一致的证明；合约完成证明书"
            },
            {
              "pContent": "compliance officer",
              "pCn": "合规官员；监察主任"
            }
          ],
          "desc": "短语"
        },
        "phone": "kəm'plaiəns",
        "speech": "compliance",
        "relWord": {
          "rels": [
            {
              "pos": "adj",
              "words": [
                {
                  "hwd": "compliant",
                  "tran": " 顺从的；服从的；应允的"
                }
              ]
            },
            {
              "pos": "n",
              "words": [
                {
                  "hwd": "compliancy",
                  "tran": " 顺从；依从（等于compliance）"
                }
              ]
            }
          ],
          "desc": "同根"
        },
        "usspeech": "compliance&type=2",
        "trans": [
          {
            "tranCn": "遵守，依从",
            "descOther": "英释",
            "descCn": "中释",
            "pos": "n",
            "tranOther": "when someone obeys a rule, agreement, or demand"
          }
        ]
      }
    }
  },
  "bookId": "IELTSluan_2"
}