{
  "wordRank": 1213,
  "headWord": "apparent",
  "content": {
    "word": {
      "wordHead": "apparent",
      "wordId": "IELTSluan_2_1213",
      "content": {
        "sentence": {
          "sentences": [
            {
              "sContent": "The difference in quality was immediately apparent .",
              "sCn": "质量的差异显而易见。"
            },
            {
              "sContent": "He left suddenly, for no apparent reason .",
              "sCn": "不知什么原因，他突然离开了。"
            }
          ],
          "desc": "例句"
        },
        "usphone": "ə'pærənt",
        "ukspeech": "apparent&type=1",
        "star": 0,
        "usspeech": "apparent&type=2",
        "syno": {
          "synos": [
            {
              "pos": "adj",
              "tran": "显然的；表面上的",
              "hwds": [
                {
                  "w": "transparent"
                },
                {
                  "w": "decided"
                },
                {
                  "w": "patent"
                }
              ]
            }
          ],
          "desc": "同近"
        },
        "ukphone": "ə'pær(ə)nt",
        "phrase": {
          "phrases": [
            {
              "pContent": "apparent viscosity",
              "pCn": "表观粘度"
            },
            {
              "pContent": "apparent density",
              "pCn": "表观密度；松装密度"
            },
            {
              "pContent": "apparent activation energy",
              "pCn": "表观活化能"
            },
            {
              "pContent": "apparent porosity",
              "pCn": "显气孔率；虚表孔率"
            },
            {
              "pContent": "apparent power",
              "pCn": "视在功率；表观功率"
            },
            {
              "pContent": "heir apparent",
              "pCn": "[律]法定继承人，有确定继承权的人"
            },
            {
              "pContent": "apparent area",
              "pCn": "可视面积，表面面积"
            },
            {
              "pContent": "apparent consumption",
              "pCn": "表面消费（量）"
            },
            {
              "pContent": "apparent diffusion coefficient",
              "pCn": "表观扩散系数"
            },
            {
              "pContent": "apparent velocity",
              "pCn": "视速度；表观速度"
            },
            {
              "pContent": "apparent motion",
              "pCn": "视运动；表观运动；虚表运动"
            },
            {
              "pContent": "apparent size",
              "pCn": "表观细度；形式大小；表观尺寸，视尺寸"
            },
            {
              "pContent": "apparent rate",
              "pCn": "表面费率；名义费率"
            },
            {
              "pContent": "apparent brightness",
              "pCn": "视亮度；表观亮度"
            }
          ],
          "desc": "短语"
        },
        "phone": "ə'pærənt",
        "speech": "apparent",
        "remMethod": {
          "val": " ap + parent(父母) → 父母对儿女的爱是显而易见的 → 显然的",
          "desc": "记忆"
        },
        "relWord": {
          "rels": [
            {
              "pos": "adv",
              "words": [
                {
                  "hwd": "apparently",
                  "tran": " 显然地；似乎，表面上"
                }
              ]
            }
          ],
          "desc": "同根"
        },
        "trans": [
          {
            "tranCn": "明显的，表面上的",
            "descOther": "英释",
            "descCn": "中释",
            "pos": "adj",
            "tranOther": "easy to notice"
          }
        ]
      }
    }
  },
  "bookId": "IELTSluan_2"
}