{
  "wordRank": 1214,
  "headWord": "ore",
  "content": {
    "word": {
      "wordHead": "ore",
      "wordId": "IELTSluan_2_1214",
      "content": {
        "sentence": {
          "sentences": [
            {
              "sContent": "iron ore",
              "sCn": "铁矿石"
            },
            {
              "sContent": "veins of rich ore",
              "sCn": "富矿脉"
            }
          ],
          "desc": "例句"
        },
        "usphone": "ɔr",
        "syno": {
          "synos": [
            {
              "pos": "n",
              "tran": "[矿物]矿；矿石",
              "hwds": [
                {
                  "w": "mine"
                }
              ]
            }
          ],
          "desc": "同近"
        },
        "ukphone": "ɔː",
        "ukspeech": "ore&type=1",
        "star": 0,
        "phrase": {
          "phrases": [
            {
              "pContent": "iron ore",
              "pCn": "铁矿石；铁矿砂"
            },
            {
              "pContent": "ore deposit",
              "pCn": "矿床；矿层"
            },
            {
              "pContent": "gold ore",
              "pCn": "金矿石，金矿"
            },
            {
              "pContent": "ore body",
              "pCn": "矿体"
            },
            {
              "pContent": "copper ore",
              "pCn": "铜矿"
            },
            {
              "pContent": "ore dressing",
              "pCn": "选矿；造矿"
            },
            {
              "pContent": "manganese ore",
              "pCn": "锰矿石，锰矿；硬锰砂"
            },
            {
              "pContent": "iron ore mine",
              "pCn": "铁矿山"
            },
            {
              "pContent": "ore grade",
              "pCn": "矿石品位分级"
            },
            {
              "pContent": "ore concentrate",
              "pCn": "精矿"
            },
            {
              "pContent": "tin ore",
              "pCn": "锡矿（石）；锡矿砂"
            },
            {
              "pContent": "raw ore",
              "pCn": "原矿石，未选的矿石"
            },
            {
              "pContent": "ore bearing",
              "pCn": "含矿的"
            },
            {
              "pContent": "sulphide ore",
              "pCn": "硫化矿"
            },
            {
              "pContent": "iron ore concentrate",
              "pCn": "铁精矿，铁精砂"
            },
            {
              "pContent": "zinc ore",
              "pCn": "锌矿；锌矿砂；锌矿石"
            },
            {
              "pContent": "fine ore",
              "pCn": "粉矿；细矿石"
            },
            {
              "pContent": "ore block",
              "pCn": "矿块；矿段；矿体"
            },
            {
              "pContent": "ore fines",
              "pCn": "粉矿；矿石颗粒"
            },
            {
              "pContent": "rich ore",
              "pCn": "富矿，好矿；富矿石"
            }
          ],
          "desc": "短语"
        },
        "phone": "ɔ:",
        "speech": "ore",
        "usspeech": "ore&type=2",
        "trans": [
          {
            "tranCn": "矿石",
            "descOther": "英释",
            "descCn": "中释",
            "pos": "n",
            "tranOther": "rock or earth from which metal can be obtained"
          }
        ]
      }
    }
  },
  "bookId": "IELTSluan_2"
}