{
  "wordRank": 1215,
  "headWord": "temper",
  "content": {
    "word": {
      "wordHead": "temper",
      "wordId": "IELTSluan_2_1215",
      "content": {
        "sentence": {
          "sentences": [
            {
              "sContent": "That temper of hers will get her into trouble one of these days.",
              "sCn": "她那种脾气早晚会让她惹麻烦的。"
            },
            {
              "sContent": "According to Nathan, Robin has quite a temper .",
              "sCn": "据内森讲，罗宾脾气很大。"
            },
            {
              "sContent": "Theo needs to learn to control his temper .",
              "sCn": "西奥应该学会控制他的脾气。"
            }
          ],
          "desc": "例句"
        },
        "usphone": "'tɛmpɚ",
        "ukspeech": "temper&type=1",
        "star": 0,
        "usspeech": "temper&type=2",
        "syno": {
          "synos": [
            {
              "pos": "n",
              "tran": "脾气；（钢等）[机]回火；性情；倾向",
              "hwds": [
                {
                  "w": "tendency"
                },
                {
                  "w": "liability"
                },
                {
                  "w": "trend"
                },
                {
                  "w": "preference"
                },
                {
                  "w": "disposition"
                }
              ]
            },
            {
              "pos": "vt",
              "tran": "[机]使回火；锻炼；调和；使缓和",
              "hwds": [
                {
                  "w": "comfort"
                },
                {
                  "w": "take exercises"
                }
              ]
            },
            {
              "pos": "vi",
              "tran": "[机]回火；调和",
              "hwds": [
                {
                  "w": "pop back"
                },
                {
                  "w": "back fire"
                }
              ]
            }
          ],
          "desc": "同近"
        },
        "ukphone": "'tempə",
        "phrase": {
          "phrases": [
            {
              "pContent": "bad temper",
              "pCn": "坏脾气；暴躁"
            },
            {
              "pContent": "temper mill",
              "pCn": "平整机"
            },
            {
              "pContent": "hot temper",
              "pCn": "急躁的脾气"
            },
            {
              "pContent": "in a temper",
              "pCn": "在盛怒之下；发着脾气"
            },
            {
              "pContent": "lose your temper",
              "pCn": "发脾气"
            },
            {
              "pContent": "temper justice with mercy",
              "pCn": "恩威并施"
            },
            {
              "pContent": "temper tantrum",
              "pCn": "乱发脾气；[医]暴怒发作"
            },
            {
              "pContent": "in a bad temper",
              "pCn": "脾气坏，性子不好；心情不好"
            },
            {
              "pContent": "ill temper",
              "pCn": "火爆性子，坏脾气"
            },
            {
              "pContent": "short temper",
              "pCn": "暴躁脾气；急性子"
            },
            {
              "pContent": "temper brittleness",
              "pCn": "回火脆性"
            },
            {
              "pContent": "out of temper",
              "pCn": "发脾气；生气；发怒的"
            }
          ],
          "desc": "短语"
        },
        "phone": "'tempə",
        "speech": "temper",
        "remMethod": {
          "val": " 情绪(temper)会影响体温(temperature)",
          "desc": "记忆"
        },
        "relWord": {
          "rels": [
            {
              "pos": "adj",
              "words": [
                {
                  "hwd": "tempered",
                  "tran": " 缓和的，温和的；调节的；有…气质的"
                },
                {
                  "hwd": "temperamental",
                  "tran": " 喜怒无常的；性情的；易兴奋的"
                },
                {
                  "hwd": "temperance",
                  "tran": " 温暖的；有节制的"
                }
              ]
            },
            {
              "pos": "adv",
              "words": [
                {
                  "hwd": "temperamentally",
                  "tran": " 气质地"
                }
              ]
            },
            {
              "pos": "n",
              "words": [
                {
                  "hwd": "temperament",
                  "tran": " 气质，性情，性格；急躁"
                },
                {
                  "hwd": "temperance",
                  "tran": " 戒酒；节欲；（气候等的）温和"
                },
                {
                  "hwd": "tempering",
                  "tran": " [机] 回火"
                }
              ]
            },
            {
              "pos": "v",
              "words": [
                {
                  "hwd": "tempered",
                  "tran": " 调和（temper的过去分词）"
                },
                {
                  "hwd": "tempering",
                  "tran": " 调和（temper的ing形式）"
                }
              ]
            }
          ],
          "desc": "同根"
        },
        "trans": [
          {
            "tranCn": "心情；怒气，脾气",
            "descOther": "英释",
            "descCn": "中释",
            "pos": "n",
            "tranOther": "a tendency to become angry suddenly or easily"
          },
          {
            "tranCn": "使软化，使缓和",
            "descOther": "英释",
            "descCn": "中释",
            "pos": "v",
            "tranOther": "to make something less severe or extreme"
          }
        ]
      }
    }
  },
  "bookId": "IELTSluan_2"
}