{
  "wordRank": 1216,
  "headWord": "atlas",
  "content": {
    "word": {
      "wordHead": "atlas",
      "wordId": "IELTSluan_2_1216",
      "content": {
        "star": 0,
        "phrase": {
          "phrases": [
            {
              "pContent": "atlas mountains",
              "pCn": "阿特拉斯山脉（阿尔卑斯山系的一部分）"
            }
          ],
          "desc": "短语"
        },
        "speech": "atlas",
        "trans": [
          {
            "tranCn": "地图册；图表集",
            "descOther": "英释",
            "descCn": "中释",
            "pos": "n",
            "tranOther": "a book containing maps, especially of the whole world"
          }
        ]
      }
    }
  },
  "bookId": "IELTSluan_2"
}