{
  "wordRank": 1217,
  "headWord": "fuse",
  "content": {
    "word": {
      "wordHead": "fuse",
      "wordId": "IELTSluan_2_1217",
      "content": {
        "sentence": {
          "sentences": [
            {
              "sContent": "two 13 amp fuses",
              "sCn": "两根13安培的保险丝"
            },
            {
              "sContent": "I taught him how to change a fuse .",
              "sCn": "我教他怎么换保险丝。"
            }
          ],
          "desc": "例句"
        },
        "usphone": "fjuz",
        "syno": {
          "synos": [
            {
              "pos": "vi",
              "tran": "融合；熔化，熔融",
              "hwds": [
                {
                  "w": "flux"
                },
                {
                  "w": "melt down"
                }
              ]
            },
            {
              "pos": "vt",
              "tran": "使融合；使熔化，使熔融",
              "hwds": [
                {
                  "w": "melt"
                },
                {
                  "w": "flux"
                }
              ]
            },
            {
              "pos": "n",
              "tran": "[电]保险丝；[军][矿业]导火线，雷管",
              "hwds": [
                {
                  "w": "signal"
                },
                {
                  "w": "safety wire"
                }
              ]
            }
          ],
          "desc": "同近"
        },
        "ukphone": "fjuːz",
        "ukspeech": "fuse&type=1",
        "star": 0,
        "phrase": {
          "phrases": [
            {
              "pContent": "fuse box",
              "pCn": "保险丝盒"
            },
            {
              "pContent": "blasting fuse",
              "pCn": "导爆线；导火线"
            },
            {
              "pContent": "have a short fuse",
              "pCn": "[美国口语]容易激动，脾气急躁，动辄发怒"
            },
            {
              "pContent": "short fuse",
              "pCn": "[美俚]暴躁性子；火爆脾气"
            },
            {
              "pContent": "blow a fuse",
              "pCn": "使保险丝熔断；大怒"
            },
            {
              "pContent": "fuse holder",
              "pCn": "熔丝架，保险丝支架"
            },
            {
              "pContent": "fuse protection",
              "pCn": "熔断保护"
            },
            {
              "pContent": "detonating fuse",
              "pCn": "n. 导爆索；引爆信管"
            },
            {
              "pContent": "fuse together",
              "pCn": "熔合"
            }
          ],
          "desc": "短语"
        },
        "phone": "fju:z",
        "speech": "fuse",
        "relWord": {
          "rels": [
            {
              "pos": "adj",
              "words": [
                {
                  "hwd": "fused",
                  "tran": " [物] 熔化的，[化学] 熔凝的；装有保险丝的"
                },
                {
                  "hwd": "fusible",
                  "tran": " 易熔的，可熔化的"
                }
              ]
            },
            {
              "pos": "n",
              "words": [
                {
                  "hwd": "fusion",
                  "tran": " 融合；熔化；熔接；融合物"
                }
              ]
            },
            {
              "pos": "v",
              "words": [
                {
                  "hwd": "fused",
                  "tran": " 混合；熔解（fuse的过去分词）"
                }
              ]
            }
          ],
          "desc": "同根"
        },
        "usspeech": "fuse&type=2",
        "trans": [
          {
            "tranCn": "导火线，引信，保险丝",
            "descOther": "英释",
            "descCn": "中释",
            "pos": "n",
            "tranOther": "a short thin piece of wire inside electrical equipment which prevents damage by melting and stopping the electricity when there is too much power"
          },
          {
            "tranCn": "熔，烧断电路",
            "descOther": "英释",
            "descCn": "中释",
            "pos": "v",
            "tranOther": "if electrical equipment fuses, or if you fuse it, it stops working because a fuse has melted"
          }
        ]
      }
    }
  },
  "bookId": "IELTSluan_2"
}