{
  "wordRank": 1218,
  "headWord": "antecedent",
  "content": {
    "word": {
      "wordHead": "antecedent",
      "wordId": "IELTSluan_2_1218",
      "content": {
        "sentence": {
          "sentences": [
            {
              "sContent": "historical antecedents",
              "sCn": "历史先例"
            }
          ],
          "desc": "例句"
        },
        "usphone": "'æntə'sidnt",
        "syno": {
          "synos": [
            {
              "pos": "n",
              "tran": "前情；先行词；祖先",
              "hwds": [
                {
                  "w": "father"
                },
                {
                  "w": "root"
                }
              ]
            },
            {
              "pos": "adj",
              "tran": "先行的；前驱的；先前的",
              "hwds": [
                {
                  "w": "advance"
                },
                {
                  "w": "prodromal"
                }
              ]
            }
          ],
          "desc": "同近"
        },
        "ukphone": ",æntɪ'siːd(ə)nt",
        "ukspeech": "antecedent&type=1",
        "star": 0,
        "phone": ",ænti'si:dənt",
        "speech": "antecedent",
        "relWord": {
          "rels": [
            {
              "pos": "adv",
              "words": [
                {
                  "hwd": "antecedently",
                  "tran": " 在前，在先"
                }
              ]
            },
            {
              "pos": "n",
              "words": [
                {
                  "hwd": "antecedence",
                  "tran": " 先行；居先；在先"
                },
                {
                  "hwd": "antecedency",
                  "tran": " 先行，在前；逆行"
                }
              ]
            }
          ],
          "desc": "同根"
        },
        "usspeech": "antecedent&type=2",
        "trans": [
          {
            "tranCn": "先行的；祖先；履历",
            "descOther": "英释",
            "descCn": "中释",
            "pos": "a&n",
            "tranOther": "an event, organization, or thing that is similar to the one you have mentioned but existed earlier"
          }
        ]
      }
    }
  },
  "bookId": "IELTSluan_2"
}