{
  "wordRank": 1219,
  "headWord": "inflict",
  "content": {
    "word": {
      "wordHead": "inflict",
      "wordId": "IELTSluan_2_1219",
      "content": {
        "sentence": {
          "sentences": [
            {
              "sContent": "Detectives warned that the men could inflict serious injury.",
              "sCn": "警探提醒说这些人可能会造成严重伤害。"
            }
          ],
          "desc": "例句"
        },
        "usphone": "ɪn'flɪkt",
        "ukspeech": "inflict&type=1",
        "star": 0,
        "usspeech": "inflict&type=2",
        "syno": {
          "synos": [
            {
              "pos": "vt",
              "tran": "造成；使遭受（损伤、痛苦等）；给予（打击等）",
              "hwds": [
                {
                  "w": "afford"
                },
                {
                  "w": "create"
                },
                {
                  "w": "allow"
                },
                {
                  "w": "extend"
                },
                {
                  "w": "deal"
                }
              ]
            }
          ],
          "desc": "同近"
        },
        "ukphone": "ɪn'flɪkt",
        "phrase": {
          "phrases": [
            {
              "pContent": "inflict on",
              "pCn": "使承担（痛苦，负担等）；给以（打击，惩罚等）"
            },
            {
              "pContent": "inflict punishment",
              "pCn": "处以刑罚"
            }
          ],
          "desc": "短语"
        },
        "phone": "in'flikt",
        "speech": "inflict",
        "remMethod": {
          "val": " in(对着) + flict(打) → 对着…打 → 把…强加给， 使遭受， 使承受",
          "desc": "记忆"
        },
        "relWord": {
          "rels": [
            {
              "pos": "adj",
              "words": [
                {
                  "hwd": "inflictable",
                  "tran": " 可处罚的"
                },
                {
                  "hwd": "inflictive",
                  "tran": " 加以打击的；使人难过的"
                }
              ]
            },
            {
              "pos": "n",
              "words": [
                {
                  "hwd": "infliction",
                  "tran": " 施加；处罚，刑罚"
                },
                {
                  "hwd": "inflicter",
                  "tran": " 加害者；惩罚者"
                }
              ]
            }
          ],
          "desc": "同根"
        },
        "trans": [
          {
            "tranCn": "使遭受，强加",
            "descOther": "英释",
            "descCn": "中释",
            "pos": "v",
            "tranOther": "to make someone suffer something unpleasant"
          }
        ]
      }
    }
  },
  "bookId": "IELTSluan_2"
}