{
  "wordRank": 122,
  "headWord": "gallery",
  "content": {
    "word": {
      "wordHead": "gallery",
      "wordId": "IELTSluan_2_122",
      "content": {
        "sentence": {
          "sentences": [
            {
              "sContent": "an exhibition of African art at the Hayward Gallery",
              "sCn": "海沃德美术馆的非洲艺术展览"
            }
          ],
          "desc": "例句"
        },
        "usphone": "'gæləri",
        "syno": {
          "synos": [
            {
              "pos": "n",
              "tran": "画廊；走廊；旁听席；地道",
              "hwds": [
                {
                  "w": "hall"
                },
                {
                  "w": "passage"
                },
                {
                  "w": "corridor"
                },
                {
                  "w": "underground"
                },
                {
                  "w": "subway"
                }
              ]
            }
          ],
          "desc": "同近"
        },
        "ukphone": "'gæl(ə)rɪ",
        "ukspeech": "gallery&type=1",
        "star": 0,
        "phrase": {
          "phrases": [
            {
              "pContent": "art gallery",
              "pCn": "美术馆；画廊"
            },
            {
              "pContent": "photo gallery",
              "pCn": "图片库"
            },
            {
              "pContent": "picture gallery",
              "pCn": "画馆；美术馆"
            },
            {
              "pContent": "national art gallery",
              "pCn": "国家艺术馆"
            },
            {
              "pContent": "public gallery",
              "pCn": "旁听席，公众旁听席"
            },
            {
              "pContent": "whispering gallery",
              "pCn": "[建]回音廊"
            },
            {
              "pContent": "shooting gallery",
              "pCn": "射击场，打靶场"
            }
          ],
          "desc": "短语"
        },
        "phone": "'ɡæləri",
        "speech": "gallery",
        "usspeech": "gallery&type=2",
        "trans": [
          {
            "tranCn": "画廊，美术品陈列室；剧场顶层",
            "descOther": "英释",
            "descCn": "中释",
            "pos": "n",
            "tranOther": "a large building where people can see famous pieces of art"
          }
        ]
      }
    }
  },
  "bookId": "IELTSluan_2"
}