{
  "wordRank": 1220,
  "headWord": "glossary",
  "content": {
    "word": {
      "wordHead": "glossary",
      "wordId": "IELTSluan_2_1220",
      "content": {
        "sentence": {
          "sentences": [
            {
              "sContent": "A glossary of terms is included for the reader's convenience.",
              "sCn": "为了方便读者，还收录了术语汇编。"
            }
          ],
          "desc": "例句"
        },
        "usphone": "'ɡlɑsəri",
        "ukphone": "'glɒs(ə)rɪ",
        "ukspeech": "glossary&type=1",
        "star": 0,
        "phone": "'ɡlɔsəri",
        "speech": "glossary",
        "relWord": {
          "rels": [
            {
              "pos": "n",
              "words": [
                {
                  "hwd": "glossarist",
                  "tran": " 注解者；评注者；词表编辑者"
                }
              ]
            }
          ],
          "desc": "同根"
        },
        "usspeech": "glossary&type=2",
        "trans": [
          {
            "tranCn": "词汇表；术语汇编",
            "descOther": "英释",
            "descCn": "中释",
            "pos": "n",
            "tranOther": "a list of special words and explanations of their meanings, often at the end of a book"
          }
        ]
      }
    }
  },
  "bookId": "IELTSluan_2"
}