{
  "wordRank": 1221,
  "headWord": "declare",
  "content": {
    "word": {
      "wordHead": "declare",
      "wordId": "IELTSluan_2_1221",
      "content": {
        "sentence": {
          "sentences": [
            {
              "sContent": "A state of emergency has been declared.",
              "sCn": "已宣布进入紧急状态。"
            },
            {
              "sContent": "Mr Steel has been declared bankrupt",
              "sCn": "斯蒂尔先生被宣布破产了。"
            },
            {
              "sContent": "We celebrate September 16, the day when Mexico declared independence from Spain (= officially stated that it was no longer ruled by Spain ) .",
              "sCn": "我们在9月16日举行庆祝活动，这一天是墨西哥摆脱西班牙统治宣布独立的日子。"
            }
          ],
          "desc": "例句"
        },
        "usphone": "dɪ'klɛr",
        "ukspeech": "declare&type=1",
        "star": 0,
        "usspeech": "declare&type=2",
        "syno": {
          "synos": [
            {
              "pos": "vt",
              "tran": "宣布，声明；断言，宣称",
              "hwds": [
                {
                  "w": "bill"
                },
                {
                  "w": "state"
                }
              ]
            },
            {
              "pos": "vi",
              "tran": "声明，宣布",
              "hwds": [
                {
                  "w": "to announce"
                },
                {
                  "w": "hand down"
                }
              ]
            }
          ],
          "desc": "同近"
        },
        "ukphone": "dɪ'kleə",
        "phrase": {
          "phrases": [
            {
              "pContent": "declare oneself",
              "pCn": "显露身分；发表意见"
            },
            {
              "pContent": "declare for",
              "pCn": "v. 表明赞成（拥护）"
            },
            {
              "pContent": "nothing to declare",
              "pCn": "绿色通道；不需报关"
            },
            {
              "pContent": "declare bankruptcy",
              "pCn": "宣告破产"
            },
            {
              "pContent": "declare war on",
              "pCn": "v. 发动进攻；对…宣战"
            },
            {
              "pContent": "declare on",
              "pCn": "宣布"
            }
          ],
          "desc": "短语"
        },
        "phone": "di'klεə",
        "speech": "declare",
        "remMethod": {
          "val": " de(表加强) + clar(清楚) + e → 说清楚 → 正式宣布； 声明",
          "desc": "记忆"
        },
        "relWord": {
          "rels": [
            {
              "pos": "adj",
              "words": [
                {
                  "hwd": "declared",
                  "tran": " 公然的；公开宣布的"
                },
                {
                  "hwd": "declarative",
                  "tran": " 宣言的；陈述的，说明的"
                }
              ]
            },
            {
              "pos": "n",
              "words": [
                {
                  "hwd": "declaration",
                  "tran": " （纳税品等的）申报；宣布；公告；申诉书"
                },
                {
                  "hwd": "declarer",
                  "tran": " 申报者；宣言者"
                }
              ]
            }
          ],
          "desc": "同根"
        },
        "trans": [
          {
            "tranCn": "宣告，声明；断言；申报应纳税物品",
            "descOther": "英释",
            "descCn": "中释",
            "pos": "v",
            "tranOther": "to state officially and publicly that a particular situation exists or that something is true"
          }
        ]
      }
    }
  },
  "bookId": "IELTSluan_2"
}