{
  "wordRank": 1222,
  "headWord": "generate",
  "content": {
    "word": {
      "wordHead": "generate",
      "wordId": "IELTSluan_2_1222",
      "content": {
        "sentence": {
          "sentences": [
            {
              "sContent": "a useful technique for generating new ideas",
              "sCn": "能产生新创意的有用技术"
            },
            {
              "sContent": "The program would generate a lot of new jobs.",
              "sCn": "这个项目将创造许多新的就业岗位。"
            }
          ],
          "desc": "例句"
        },
        "usphone": "'dʒɛnəret",
        "syno": {
          "synos": [
            {
              "pos": "vt",
              "tran": "使形成；发生；[生物]生殖",
              "hwds": [
                {
                  "w": "go on"
                },
                {
                  "w": "call into being"
                }
              ]
            }
          ],
          "desc": "同近"
        },
        "ukphone": "'dʒenəreɪt",
        "ukspeech": "generate&type=1",
        "star": 0,
        "phrase": {
          "phrases": [
            {
              "pContent": "generate electricity",
              "pCn": "发电"
            },
            {
              "pContent": "generate profit",
              "pCn": "创利，产生利润"
            }
          ],
          "desc": "短语"
        },
        "speech": "generate",
        "remMethod": {
          "val": " gen(产生) + er + ate(使…) → 产生； 引起",
          "desc": "记忆"
        },
        "relWord": {
          "rels": [
            {
              "pos": "adj",
              "words": [
                {
                  "hwd": "generative",
                  "tran": " 生殖的；生产的；有生殖力的；有生产力的"
                },
                {
                  "hwd": "generational",
                  "tran": " 一代的；生育的"
                }
              ]
            },
            {
              "pos": "n",
              "words": [
                {
                  "hwd": "generation",
                  "tran": " 一代；产生；一代人；生殖"
                },
                {
                  "hwd": "generator",
                  "tran": " 发电机；发生器；生产者"
                }
              ]
            },
            {
              "pos": "vi",
              "words": [
                {
                  "hwd": "generalize",
                  "tran": " 形成概念"
                }
              ]
            },
            {
              "pos": "vt",
              "words": [
                {
                  "hwd": "generalize",
                  "tran": " 概括；推广；使...一般化"
                }
              ]
            }
          ],
          "desc": "同根"
        },
        "usspeech": "generate&type=2",
        "trans": [
          {
            "tranCn": "使产生，使发生",
            "descOther": "英释",
            "descCn": "中释",
            "pos": "v",
            "tranOther": "to produce or cause something"
          }
        ]
      }
    }
  },
  "bookId": "IELTSluan_2"
}