{
  "wordRank": 1223,
  "headWord": "regeneration",
  "content": {
    "word": {
      "wordHead": "regeneration",
      "wordId": "IELTSluan_2_1223",
      "content": {
        "usphone": "ridʒɛnə'reʃən",
        "syno": {
          "synos": [
            {
              "pos": "n",
              "tran": "[生物][化学][物]再生，重生；重建",
              "hwds": [
                {
                  "w": "reconstruction"
                },
                {
                  "w": "breeding"
                },
                {
                  "w": "restructuring"
                },
                {
                  "w": "rebirth"
                }
              ]
            }
          ],
          "desc": "同近"
        },
        "ukphone": "rɪdʒenə'reɪʃn",
        "ukspeech": "regeneration&type=1",
        "star": 0,
        "phrase": {
          "phrases": [
            {
              "pContent": "regeneration capacity",
              "pCn": "再生能力"
            },
            {
              "pContent": "regeneration unit",
              "pCn": "再生装置"
            }
          ],
          "desc": "短语"
        },
        "phone": "ri,dʒenə'reiʃən, ri:-",
        "speech": "regeneration",
        "relWord": {
          "rels": [
            {
              "pos": "adj",
              "words": [
                {
                  "hwd": "regenerate",
                  "tran": " 再生的；革新的"
                }
              ]
            },
            {
              "pos": "vi",
              "words": [
                {
                  "hwd": "regenerate",
                  "tran": " 再生；革新"
                }
              ]
            },
            {
              "pos": "vt",
              "words": [
                {
                  "hwd": "regenerate",
                  "tran": " 使再生；革新"
                }
              ]
            }
          ],
          "desc": "同根"
        },
        "usspeech": "regeneration&type=2",
        "trans": [
          {
            "tranCn": "新生，更新",
            "descCn": "中释",
            "pos": "n"
          }
        ]
      }
    }
  },
  "bookId": "IELTSluan_2"
}