{
  "wordRank": 1224,
  "headWord": "jagged",
  "content": {
    "word": {
      "wordHead": "jagged",
      "wordId": "IELTSluan_2_1224",
      "content": {
        "sentence": {
          "sentences": [
            {
              "sContent": "the broken bottle’s jagged edge",
              "sCn": "碎瓶子的锯齿状边缘"
            }
          ],
          "desc": "例句"
        },
        "usphone": "'dʒæɡɪd",
        "syno": {
          "synos": [
            {
              "pos": "adj",
              "tran": "[生物]锯齿状的；参差不齐的",
              "hwds": [
                {
                  "w": "serrate"
                },
                {
                  "w": "hackly"
                }
              ]
            }
          ],
          "desc": "同近"
        },
        "ukphone": "'dʒægɪd",
        "ukspeech": "jagged&type=1",
        "star": 0,
        "phone": "'dʒægid",
        "speech": "jagged",
        "relWord": {
          "rels": [
            {
              "pos": "adj",
              "words": [
                {
                  "hwd": "jaggy",
                  "tran": " 有缺口的；参差不齐的"
                }
              ]
            },
            {
              "pos": "adv",
              "words": [
                {
                  "hwd": "jaggedly",
                  "tran": " 锯齿状地"
                }
              ]
            },
            {
              "pos": "n",
              "words": [
                {
                  "hwd": "jagger",
                  "tran": " 有齿的凿子；刻锯齿者"
                },
                {
                  "hwd": "jag",
                  "tran": " 缺口；狂欢"
                },
                {
                  "hwd": "jagging",
                  "tran": " 参差"
                }
              ]
            },
            {
              "pos": "v",
              "words": [
                {
                  "hwd": "jagging",
                  "tran": " 把…切得参差不齐；在…上开Ｖ形凹口；戳；使恼怒；颠簸着移动（jag的ing形式）"
                }
              ]
            },
            {
              "pos": "vt",
              "words": [
                {
                  "hwd": "jag",
                  "tran": " 使成锯齿状；使成缺口"
                }
              ]
            }
          ],
          "desc": "同根"
        },
        "usspeech": "jagged&type=2",
        "trans": [
          {
            "tranCn": "边缘不整齐的，参差不齐的",
            "descCn": "中释",
            "pos": "adj"
          }
        ]
      }
    }
  },
  "bookId": "IELTSluan_2"
}