{
  "wordRank": 1225,
  "headWord": "impressive",
  "content": {
    "word": {
      "wordHead": "impressive",
      "wordId": "IELTSluan_2_1225",
      "content": {
        "sentence": {
          "sentences": [
            {
              "sContent": "The figures certainly look impressive.",
              "sCn": "这些数字看上去确实很可观。"
            },
            {
              "sContent": "Among the guests was an impressive array of authors and critics.",
              "sCn": "来宾中有不少出色的作家和评论家。"
            }
          ],
          "desc": "例句"
        },
        "usphone": "ɪm'prɛsɪv",
        "syno": {
          "synos": [
            {
              "pos": "adj",
              "tran": "感人的；令人钦佩的；给人以深刻印象的",
              "hwds": [
                {
                  "w": "affecting"
                },
                {
                  "w": "heart-warming"
                }
              ]
            }
          ],
          "desc": "同近"
        },
        "ukphone": "ɪm'presɪv",
        "ukspeech": "impressive&type=1",
        "star": 0,
        "phone": "im'presiv",
        "speech": "impressive",
        "remMethod": {
          "val": "来自impress(vt. 给…以深刻印象)",
          "desc": "记忆"
        },
        "relWord": {
          "rels": [
            {
              "pos": "adj",
              "words": [
                {
                  "hwd": "impressionable",
                  "tran": " 敏感的；易受影响的"
                },
                {
                  "hwd": "impressible",
                  "tran": " 敏感的；感受性强烈的；易感动的"
                }
              ]
            },
            {
              "pos": "adv",
              "words": [
                {
                  "hwd": "impressively",
                  "tran": " 令人难忘地；感人地"
                }
              ]
            },
            {
              "pos": "n",
              "words": [
                {
                  "hwd": "impress",
                  "tran": " 印象，印记；特征，痕迹"
                },
                {
                  "hwd": "impression",
                  "tran": " 印象；效果，影响；压痕，印记；感想"
                },
                {
                  "hwd": "impressionist",
                  "tran": " 印象主义者；印象派作家"
                },
                {
                  "hwd": "impressionism",
                  "tran": " 印象派，印象主义"
                },
                {
                  "hwd": "impressiveness",
                  "tran": " 令人难忘；印象性；感人"
                }
              ]
            },
            {
              "pos": "vi",
              "words": [
                {
                  "hwd": "impress",
                  "tran": " 给人印象"
                }
              ]
            },
            {
              "pos": "vt",
              "words": [
                {
                  "hwd": "impress",
                  "tran": " 盖印；强征；传送；给予某人深刻印象"
                }
              ]
            }
          ],
          "desc": "同根"
        },
        "usspeech": "impressive&type=2",
        "trans": [
          {
            "tranCn": "给人深刻印象的，惊人的",
            "descOther": "英释",
            "descCn": "中释",
            "pos": "adj",
            "tranOther": "something that is impressive makes you admire it because it is very good, large, important etc"
          }
        ]
      }
    }
  },
  "bookId": "IELTSluan_2"
}