{
  "wordRank": 1226,
  "headWord": "parallel",
  "content": {
    "word": {
      "wordHead": "parallel",
      "wordId": "IELTSluan_2_1226",
      "content": {
        "sentence": {
          "sentences": [
            {
              "sContent": "Lines AB and CD are parallel. AB",
              "sCn": "线与CD线平行。"
            },
            {
              "sContent": "two parallel roads",
              "sCn": "两条平行的道路"
            },
            {
              "sContent": "Take the road running parallel to the main road just after the village.",
              "sCn": "过那个村子后走与主干道平行的路。"
            },
            {
              "sContent": "Readers familiar with military conflict will find a vague parallel to the Vietnam War.",
              "sCn": "熟悉军事冲突的读者们会发现一个和越南战争大致相似的事件。"
            },
            {
              "sContent": "It's an ecological disaster with no parallel anywhere else in the world.",
              "sCn": "这是一场世界其他任何地方均无等同的生态灾难。"
            }
          ],
          "desc": "例句"
        },
        "usphone": "'pærəlɛl",
        "ukspeech": "parallel&type=1",
        "star": 0,
        "usspeech": "parallel&type=2",
        "syno": {
          "synos": [
            {
              "pos": "n",
              "tran": "[天][数]平行线；对比",
              "hwds": [
                {
                  "w": "contrast"
                }
              ]
            },
            {
              "pos": "adj",
              "tran": "[天][数]平行的；类似的，相同的",
              "hwds": [
                {
                  "w": "same"
                },
                {
                  "w": "uniform"
                }
              ]
            }
          ],
          "desc": "同近"
        },
        "ukphone": "'pærəlel",
        "phrase": {
          "phrases": [
            {
              "pContent": "in parallel",
              "pCn": "并行的；[电]并联的；平行的"
            },
            {
              "pContent": "parallel processing",
              "pCn": "[计]并行处理；平行加工"
            },
            {
              "pContent": "parallel with",
              "pCn": "平行；与…比较"
            },
            {
              "pContent": "parallel connection",
              "pCn": "并联"
            },
            {
              "pContent": "in parallel with",
              "pCn": "与…平行；与…同时"
            },
            {
              "pContent": "parallel operation",
              "pCn": "并行操作；并联工作"
            },
            {
              "pContent": "parallel port",
              "pCn": "[计]并行端口"
            },
            {
              "pContent": "parallel computation",
              "pCn": "平行计算；并行运算"
            },
            {
              "pContent": "parallel in",
              "pCn": "并行输入；并网；并联输入"
            },
            {
              "pContent": "parallel import",
              "pCn": "平行进口"
            },
            {
              "pContent": "parallel computer",
              "pCn": "[计]并行计算机"
            },
            {
              "pContent": "parallel structure",
              "pCn": "平行结构"
            },
            {
              "pContent": "parallel plate",
              "pCn": "平行板"
            },
            {
              "pContent": "parallel interface",
              "pCn": "[计]并行接口"
            },
            {
              "pContent": "parallel flow",
              "pCn": "平行流；并流"
            },
            {
              "pContent": "parallel communication",
              "pCn": "并行通信"
            },
            {
              "pContent": "parallel transmission",
              "pCn": "[计]并行传输；平行传输"
            },
            {
              "pContent": "massively parallel",
              "pCn": "巨大的并行"
            },
            {
              "pContent": "parallel line",
              "pCn": "平行线；并联线路；并行线路"
            },
            {
              "pContent": "parallel development",
              "pCn": "平行开发；平行演化"
            }
          ],
          "desc": "短语"
        },
        "phone": "'pærəlel",
        "speech": "parallel",
        "remMethod": {
          "val": " par(并列) + all(其他的) + el → 把不同的东西并列放置 → 类似的， 相对应的",
          "desc": "记忆"
        },
        "relWord": {
          "rels": [
            {
              "pos": "n",
              "words": [
                {
                  "hwd": "parallelism",
                  "tran": " 平行；类似，对应"
                },
                {
                  "hwd": "parallelepiped",
                  "tran": " 平行六面体"
                }
              ]
            },
            {
              "pos": "vt",
              "words": [
                {
                  "hwd": "parallelize",
                  "tran": " 平行放置；使……平行于……"
                }
              ]
            }
          ],
          "desc": "同根"
        },
        "trans": [
          {
            "tranCn": "平行的，相当的",
            "descOther": "英释",
            "descCn": "中释",
            "pos": "adj",
            "tranOther": "two lines, paths etc that are parallel to each other are the same distance apart along their whole length"
          },
          {
            "tranCn": "类似的人或事，比较",
            "descOther": "英释",
            "descCn": "中释",
            "pos": "n",
            "tranOther": "If something has a parallel, it is similar to something else, but exists or happens in a different place or at a different time. If it has no parallel or is without parallel, it is not similar to anything else. "
          }
        ]
      }
    }
  },
  "bookId": "IELTSluan_2"
}