{
  "wordRank": 1227,
  "headWord": "patio",
  "content": {
    "word": {
      "wordHead": "patio",
      "wordId": "IELTSluan_2_1227",
      "content": {
        "usphone": "'pætɪo",
        "syno": {
          "synos": [
            {
              "pos": "n",
              "tran": "露台；天井",
              "hwds": [
                {
                  "w": "courtyard"
                },
                {
                  "w": "gazebo"
                }
              ]
            }
          ],
          "desc": "同近"
        },
        "ukphone": "'pætɪəʊ",
        "ukspeech": "patio&type=1",
        "star": 0,
        "phone": "'pætiəu",
        "speech": "patio",
        "usspeech": "patio&type=2",
        "trans": [
          {
            "tranCn": "天井",
            "descCn": "中释",
            "pos": "n"
          }
        ]
      }
    }
  },
  "bookId": "IELTSluan_2"
}