{
  "wordRank": 1228,
  "headWord": "overdue",
  "content": {
    "word": {
      "wordHead": "overdue",
      "wordId": "IELTSluan_2_1228",
      "content": {
        "sentence": {
          "sentences": [
            {
              "sContent": "an overdue gas bill",
              "sCn": "逾期未付的煤气账单"
            },
            {
              "sContent": "The library books are overdue.",
              "sCn": "图书馆的书过期未还。"
            },
            {
              "sContent": "The baby was a week overdue (= it was expected to be born a week ago ).",
              "sCn": "宝宝超过预产期有一周了。"
            }
          ],
          "desc": "例句"
        },
        "usphone": "'ovɚ'dʊ",
        "syno": {
          "synos": [
            {
              "pos": "adj",
              "tran": "过期的；迟到的；未兑的",
              "hwds": [
                {
                  "w": "past-due"
                },
                {
                  "w": "expired"
                }
              ]
            }
          ],
          "desc": "同近"
        },
        "ukphone": "əʊvə'djuː",
        "ukspeech": "overdue&type=1",
        "star": 0,
        "phrase": {
          "phrases": [
            {
              "pContent": "overdue payment",
              "pCn": "逾期未支付款；过期付款"
            },
            {
              "pContent": "overdue fine",
              "pCn": "滞纳金；过期罚金"
            }
          ],
          "desc": "短语"
        },
        "phone": "'əuvə'dju:",
        "speech": "overdue",
        "remMethod": {
          "val": " over(超过) + due(预期的) → 超过期限的 → 逾期的",
          "desc": "记忆"
        },
        "usspeech": "overdue&type=2",
        "trans": [
          {
            "tranCn": "过期未付的",
            "descOther": "英释",
            "descCn": "中释",
            "pos": "adj",
            "tranOther": "not done, paid, returned etc by the time expected"
          }
        ]
      }
    }
  },
  "bookId": "IELTSluan_2"
}