{
  "wordRank": 1229,
  "headWord": "amount",
  "content": {
    "word": {
      "wordHead": "amount",
      "wordId": "IELTSluan_2_1229",
      "content": {
        "sentence": {
          "sentences": [
            {
              "sContent": "Please pay the full amount (=  of money  ) by the end of the month.",
              "sCn": "请在月底前全额付清。"
            }
          ],
          "desc": "例句"
        },
        "usphone": "ə'maʊnt",
        "syno": {
          "synos": [
            {
              "pos": "vi",
              "tran": "[会计]总计，合计；相当于；[数]共计；产生…结果",
              "hwds": [
                {
                  "w": "foot"
                },
                {
                  "w": "gross total"
                }
              ]
            },
            {
              "pos": "n",
              "tran": "数量；总额，[数]总数",
              "hwds": [
                {
                  "w": "sum"
                },
                {
                  "w": "quantity of"
                },
                {
                  "w": "gross"
                },
                {
                  "w": "total"
                }
              ]
            }
          ],
          "desc": "同近"
        },
        "ukphone": "ə'maʊnt",
        "ukspeech": "amount&type=1",
        "star": 0,
        "phrase": {
          "phrases": [
            {
              "pContent": "large amount",
              "pCn": "大量；巨额；大批"
            },
            {
              "pContent": "a large amount of",
              "pCn": "大量的（接不可数名词）"
            },
            {
              "pContent": "small amount",
              "pCn": "小额；小批量"
            },
            {
              "pContent": "total amount",
              "pCn": "总数；总价；总计"
            },
            {
              "pContent": "a certain amount of",
              "pCn": "一定数量的"
            },
            {
              "pContent": "amount of information",
              "pCn": "信息量"
            },
            {
              "pContent": "to the amount of",
              "pCn": "总数达；总计"
            },
            {
              "pContent": "right amount",
              "pCn": "适量"
            },
            {
              "pContent": "a great amount of",
              "pCn": "大量的；许多的；大部分的"
            },
            {
              "pContent": "amount of work",
              "pCn": "工作量"
            },
            {
              "pContent": "an amount of",
              "pCn": "数量；总量"
            },
            {
              "pContent": "in the amount of",
              "pCn": "总金额计…；金额为…"
            },
            {
              "pContent": "any amount",
              "pCn": "任何数量的"
            },
            {
              "pContent": "significant amount",
              "pCn": "大量；有实义金额；巨数"
            },
            {
              "pContent": "full amount",
              "pCn": "全额；总数，总共的量"
            },
            {
              "pContent": "no amount of",
              "pCn": "即使再大(或再多)的…(也不)"
            },
            {
              "pContent": "maximum amount",
              "pCn": "最高额"
            },
            {
              "pContent": "amount of investment",
              "pCn": "投资额；出资额"
            },
            {
              "pContent": "trace amount",
              "pCn": "痕量；微量"
            },
            {
              "pContent": "any amount of",
              "pCn": "adj. 任何数量的"
            }
          ],
          "desc": "短语"
        },
        "phone": "ə'maunt",
        "speech": "amount",
        "usspeech": "amount&type=2",
        "trans": [
          {
            "tranCn": "等于；总数；数量",
            "descOther": "英释",
            "descCn": "中释",
            "pos": "vi&n",
            "tranOther": "a quantity of something such as time, money, or a substance"
          }
        ]
      }
    }
  },
  "bookId": "IELTSluan_2"
}