{
  "wordRank": 123,
  "headWord": "manual",
  "content": {
    "word": {
      "wordHead": "manual",
      "wordId": "IELTSluan_2_123",
      "content": {
        "sentence": {
          "sentences": [
            {
              "sContent": "People in manual occupations have a lower life expectancy.",
              "sCn": "干体力活的人预期寿命较短。"
            }
          ],
          "desc": "例句"
        },
        "usphone": "'mænjuəl",
        "ukspeech": "manual&type=1",
        "star": 0,
        "usspeech": "manual&type=2",
        "syno": {
          "synos": [
            {
              "pos": "adj",
              "tran": "手工的；体力的",
              "hwds": [
                {
                  "w": "handmade"
                },
                {
                  "w": "mechanic"
                }
              ]
            },
            {
              "pos": "n",
              "tran": "手册，指南",
              "hwds": [
                {
                  "w": "guide"
                },
                {
                  "w": "handbook"
                },
                {
                  "w": "notebook"
                }
              ]
            }
          ],
          "desc": "同近"
        },
        "ukphone": "'mænjʊ(ə)l",
        "phrase": {
          "phrases": [
            {
              "pContent": "manual operation",
              "pCn": "[计]人工操作；手控"
            },
            {
              "pContent": "manual work",
              "pCn": "手工作业"
            },
            {
              "pContent": "manual control",
              "pCn": "手动控制；人工控制"
            },
            {
              "pContent": "manual labor",
              "pCn": "体力劳动；手工"
            },
            {
              "pContent": "instruction manual",
              "pCn": "安装手册，操作工序说明书；工艺规范"
            },
            {
              "pContent": "user manual",
              "pCn": "使用手册"
            },
            {
              "pContent": "manual transmission",
              "pCn": "手动变速箱；手排档变速箱；人力操纵传动"
            },
            {
              "pContent": "manual labour",
              "pCn": "体力劳动；手工劳动"
            },
            {
              "pContent": "operation manual",
              "pCn": "操作指南；操作手册"
            },
            {
              "pContent": "manual arc welding",
              "pCn": "手工电弧焊"
            },
            {
              "pContent": "reference manual",
              "pCn": "参考手册"
            },
            {
              "pContent": "manual mode",
              "pCn": "手控方式"
            },
            {
              "pContent": "quality manual",
              "pCn": "质量手册；品质手册"
            },
            {
              "pContent": "manual welding",
              "pCn": "人工焊接；手动熔接"
            },
            {
              "pContent": "user's manual",
              "pCn": "用户手册，使用说瞄"
            },
            {
              "pContent": "manual valve",
              "pCn": "手动阀；手控阀"
            },
            {
              "pContent": "maintenance manual",
              "pCn": "维护手册"
            },
            {
              "pContent": "manual system",
              "pCn": "人工系统；手动系统"
            },
            {
              "pContent": "manual pump",
              "pCn": "手动泵"
            },
            {
              "pContent": "operating manual",
              "pCn": "使用说明书"
            }
          ],
          "desc": "短语"
        },
        "phone": "'mænjuəl",
        "speech": "manual",
        "remMethod": {
          "val": " manu(手) + al(形容词后缀) → 手工的",
          "desc": "记忆"
        },
        "relWord": {
          "rels": [
            {
              "pos": "adv",
              "words": [
                {
                  "hwd": "manually",
                  "tran": " 手动地；用手"
                }
              ]
            }
          ],
          "desc": "同根"
        },
        "trans": [
          {
            "tranCn": "手工的，用手的",
            "descOther": "英释",
            "descCn": "中释",
            "pos": "adj",
            "tranOther": "manual work involves using your hands or your physical strength rather than your mind"
          },
          {
            "tranCn": "手册；便览",
            "descOther": "英释",
            "descCn": "中释",
            "pos": "n",
            "tranOther": "a book that gives instructions about how to do something, especially how to use a machine"
          }
        ]
      }
    }
  },
  "bookId": "IELTSluan_2"
}