{
  "wordRank": 1230,
  "headWord": "cast",
  "content": {
    "word": {
      "wordHead": "cast",
      "wordId": "IELTSluan_2_1230",
      "content": {
        "sentence": {
          "sentences": [
            {
              "sContent": "the shade cast by low-hanging branches",
              "sCn": "低垂的树枝投下的阴影"
            }
          ],
          "desc": "例句"
        },
        "usphone": "kæst",
        "syno": {
          "synos": [
            {
              "pos": "vt",
              "tran": "投，抛；计算；[印刷]浇铸；投射（光、影、视线等）",
              "hwds": [
                {
                  "w": "throw"
                },
                {
                  "w": "pitch"
                },
                {
                  "w": "mould"
                },
                {
                  "w": "figure"
                }
              ]
            },
            {
              "pos": "n",
              "tran": "投掷，抛；[机]铸件，[古生]铸型；演员阵容；脱落物",
              "hwds": [
                {
                  "w": "putting"
                },
                {
                  "w": "throw"
                }
              ]
            },
            {
              "pos": "vi",
              "tran": "投，抛垂钓鱼钩；计算，把几个数字加起来",
              "hwds": [
                {
                  "w": "figure"
                },
                {
                  "w": "shy"
                }
              ]
            }
          ],
          "desc": "同近"
        },
        "ukphone": "kɑːst",
        "ukspeech": "cast&type=1",
        "star": 0,
        "phrase": {
          "phrases": [
            {
              "pContent": "cast iron",
              "pCn": "铸铁，生铁，锻铁"
            },
            {
              "pContent": "cast off",
              "pCn": "摆脱；抛弃；解开（缆绳等）"
            },
            {
              "pContent": "cast steel",
              "pCn": "铸钢，坩埚钢"
            },
            {
              "pContent": "cast in",
              "pCn": "镶铸"
            },
            {
              "pContent": "white cast iron",
              "pCn": "白口铸铁"
            },
            {
              "pContent": "cast out",
              "pCn": "驱逐；逐出"
            },
            {
              "pContent": "nodular cast iron",
              "pCn": "球墨铸铁"
            },
            {
              "pContent": "cast by",
              "pCn": "放弃；排除"
            },
            {
              "pContent": "cast away",
              "pCn": "丢掉，浪费；使失事"
            },
            {
              "pContent": "cast aside",
              "pCn": "抛弃；废除"
            },
            {
              "pContent": "cast on",
              "pCn": "v. 急忙披上（衣服等）"
            },
            {
              "pContent": "cast down",
              "pCn": "v. 使沮丧；使下降；推翻"
            },
            {
              "pContent": "gray cast iron",
              "pCn": "灰口铸铁"
            },
            {
              "pContent": "die cast",
              "pCn": "压铸件"
            },
            {
              "pContent": "ductile cast iron",
              "pCn": "球墨铸铁"
            },
            {
              "pContent": "as cast",
              "pCn": "铸，翻砂毛胚"
            },
            {
              "pContent": "grey cast iron",
              "pCn": "灰口铸铁"
            },
            {
              "pContent": "cast slab",
              "pCn": "扁钢锭"
            },
            {
              "pContent": "cast lots",
              "pCn": "抓阄（决定做）；抽签"
            },
            {
              "pContent": "cast iron pipe",
              "pCn": "铸铁管"
            }
          ],
          "desc": "短语"
        },
        "phone": "kɑ:s, kæst",
        "speech": "cast",
        "relWord": {
          "rels": [
            {
              "pos": "n",
              "words": [
                {
                  "hwd": "casting",
                  "tran": " 铸造；铸件；投掷；角色分配"
                },
                {
                  "hwd": "caster",
                  "tran": " 铸工；脚轮；投手；调味瓶"
                }
              ]
            },
            {
              "pos": "v",
              "words": [
                {
                  "hwd": "casting",
                  "tran": " 铸造；投掷；投向；选派演员；扔掉（cast的ing形式）"
                }
              ]
            }
          ],
          "desc": "同根"
        },
        "usspeech": "cast&type=2",
        "trans": [
          {
            "tranCn": "投，掷，抛；铸造；扮演角色",
            "descOther": "英释",
            "descCn": "中释",
            "pos": "n&v",
            "tranOther": "to make light or a shadow appear somewhere"
          }
        ]
      }
    }
  },
  "bookId": "IELTSluan_2"
}