{
  "wordRank": 1231,
  "headWord": "lodging",
  "content": {
    "word": {
      "wordHead": "lodging",
      "wordId": "IELTSluan_2_1231",
      "content": {
        "sentence": {
          "sentences": [
            {
              "sContent": "It’s £90 a week for board and lodging (= meals and a room ).",
              "sCn": "食宿费每周90英镑。"
            }
          ],
          "desc": "例句"
        },
        "usphone": "'lɑdʒɪŋ",
        "syno": {
          "synos": [
            {
              "pos": "n",
              "tran": "寄宿；寄宿处；出租的房间、住房",
              "hwds": [
                {
                  "w": "boarding house"
                }
              ]
            }
          ],
          "desc": "同近"
        },
        "ukphone": "'lɒdʒɪŋ",
        "ukspeech": "lodging&type=1",
        "star": 0,
        "phrase": {
          "phrases": [
            {
              "pContent": "board and lodging",
              "pCn": "膳宿；供应食宿"
            },
            {
              "pContent": "lodging resistance",
              "pCn": "耐倒伏性"
            }
          ],
          "desc": "短语"
        },
        "speech": "lodging",
        "relWord": {
          "rels": [
            {
              "pos": "n",
              "words": [
                {
                  "hwd": "lodge",
                  "tran": " 旅馆；门房；集会处；山林小屋"
                },
                {
                  "hwd": "lodgement",
                  "tran": " 住宿；寄存；沉积（等于lodgment）"
                },
                {
                  "hwd": "lodger",
                  "tran": " 房客；寄宿人；投宿者"
                }
              ]
            },
            {
              "pos": "vi",
              "words": [
                {
                  "hwd": "lodge",
                  "tran": " 寄宿；临时住宿"
                }
              ]
            },
            {
              "pos": "vt",
              "words": [
                {
                  "hwd": "lodge",
                  "tran": " 提出；寄存；借住；嵌入"
                }
              ]
            }
          ],
          "desc": "同根"
        },
        "usspeech": "lodging&type=2",
        "trans": [
          {
            "tranCn": "寄宿，住所；(大学生的)校外宿舍",
            "descOther": "英释",
            "descCn": "中释",
            "pos": "n",
            "tranOther": "a place to stay"
          }
        ]
      }
    }
  },
  "bookId": "IELTSluan_2"
}