{
  "wordRank": 1232,
  "headWord": "dingy",
  "content": {
    "word": {
      "wordHead": "dingy",
      "wordId": "IELTSluan_2_1232",
      "content": {
        "sentence": {
          "sentences": [
            {
              "sContent": "a dingy room",
              "sCn": "阴暗邋遢的房间"
            },
            {
              "sContent": "a dingy side-street",
              "sCn": "昏暗肮脏的小街"
            }
          ],
          "desc": "例句"
        },
        "usphone": "'dɪndʒi",
        "syno": {
          "synos": [
            {
              "pos": "adj",
              "tran": "昏暗的；肮脏的",
              "hwds": [
                {
                  "w": "lowering"
                },
                {
                  "w": "caliginous"
                }
              ]
            }
          ],
          "desc": "同近"
        },
        "ukphone": "'dɪn(d)ʒɪ",
        "ukspeech": "dingy&type=1",
        "star": 0,
        "phone": "dindʒi",
        "speech": "dingy",
        "relWord": {
          "rels": [
            {
              "pos": "adv",
              "words": [
                {
                  "hwd": "dingily",
                  "tran": " 衣衫褴褛地；肮脏地；昏暗地"
                }
              ]
            },
            {
              "pos": "n",
              "words": [
                {
                  "hwd": "dinginess",
                  "tran": " 污秽；暗淡"
                }
              ]
            }
          ],
          "desc": "同根"
        },
        "usspeech": "dingy&type=2",
        "trans": [
          {
            "tranCn": "脏的，邋遢的",
            "descOther": "英释",
            "descCn": "中释",
            "pos": "adj",
            "tranOther": "dark, dirty, and in bad condition"
          }
        ]
      }
    }
  },
  "bookId": "IELTSluan_2"
}