{
  "wordRank": 1233,
  "headWord": "temperament",
  "content": {
    "word": {
      "wordHead": "temperament",
      "wordId": "IELTSluan_2_1233",
      "content": {
        "sentence": {
          "sentences": [
            {
              "sContent": "His impulsive temperament regularly got him into difficulties.",
              "sCn": "他容易冲动的性格经常使他陷入困境。"
            }
          ],
          "desc": "例句"
        },
        "usphone": "'tɛmprəmənt",
        "syno": {
          "synos": [
            {
              "pos": "n",
              "tran": "气质，性情，[心理]性格；急躁",
              "hwds": [
                {
                  "w": "character"
                },
                {
                  "w": "disposition"
                },
                {
                  "w": "make"
                }
              ]
            }
          ],
          "desc": "同近"
        },
        "ukphone": "'temp(ə)rəm(ə)nt",
        "ukspeech": "temperament&type=1",
        "star": 0,
        "phrase": {
          "phrases": [
            {
              "pContent": "artistic temperament",
              "pCn": "艺术气质"
            },
            {
              "pContent": "equal temperament",
              "pCn": "平均律；平均乐律"
            }
          ],
          "desc": "短语"
        },
        "phone": "'tempərəmənt",
        "speech": "temperament",
        "relWord": {
          "rels": [
            {
              "pos": "adj",
              "words": [
                {
                  "hwd": "tempered",
                  "tran": " 缓和的，温和的；调节的；有…气质的"
                },
                {
                  "hwd": "temperamental",
                  "tran": " 喜怒无常的；性情的；易兴奋的"
                }
              ]
            },
            {
              "pos": "adv",
              "words": [
                {
                  "hwd": "temperamentally",
                  "tran": " 气质地"
                }
              ]
            },
            {
              "pos": "n",
              "words": [
                {
                  "hwd": "temper",
                  "tran": " 脾气；（钢等）回火；性情；倾向"
                }
              ]
            },
            {
              "pos": "v",
              "words": [
                {
                  "hwd": "tempered",
                  "tran": " 调和（temper的过去分词）"
                }
              ]
            },
            {
              "pos": "vi",
              "words": [
                {
                  "hwd": "temper",
                  "tran": " 回火；调和"
                }
              ]
            },
            {
              "pos": "vt",
              "words": [
                {
                  "hwd": "temper",
                  "tran": " 使回火；锻炼；调和；使缓和"
                }
              ]
            }
          ],
          "desc": "同根"
        },
        "usspeech": "temperament&type=2",
        "trans": [
          {
            "tranCn": "性情，气质",
            "descOther": "英释",
            "descCn": "中释",
            "pos": "n",
            "tranOther": "the emotional part of someone’s character, especially how likely they are to be happy, angry etc"
          }
        ]
      }
    }
  },
  "bookId": "IELTSluan_2"
}