{
  "wordRank": 1234,
  "headWord": "shabby",
  "content": {
    "word": {
      "wordHead": "shabby",
      "wordId": "IELTSluan_2_1234",
      "content": {
        "sentence": {
          "sentences": [
            {
              "sContent": "Hugh’s jacket was old and shabby.",
              "sCn": "休的夹克衫又旧又破。"
            },
            {
              "sContent": "a shabby little restaurant",
              "sCn": "一家肮脏的小餐馆"
            }
          ],
          "desc": "例句"
        },
        "usphone": "ˈʃæbi",
        "syno": {
          "synos": [
            {
              "pos": "adj",
              "tran": "破旧的；卑鄙的；吝啬的；低劣的",
              "hwds": [
                {
                  "w": "poor"
                },
                {
                  "w": "mean"
                },
                {
                  "w": "tight"
                },
                {
                  "w": "base"
                },
                {
                  "w": "shot"
                }
              ]
            }
          ],
          "desc": "同近"
        },
        "ukphone": "'ʃæbɪ",
        "ukspeech": "shabby&type=1",
        "star": 0,
        "phone": "'ʃæbi",
        "speech": "shabby",
        "relWord": {
          "rels": [
            {
              "pos": "adv",
              "words": [
                {
                  "hwd": "shabbily",
                  "tran": " 衣衫褴褛地，破旧地；不体面地；卑鄙地"
                }
              ]
            },
            {
              "pos": "n",
              "words": [
                {
                  "hwd": "shabbiness",
                  "tran": " 衣衫褴褛；卑鄙；吝啬"
                }
              ]
            }
          ],
          "desc": "同根"
        },
        "usspeech": "shabby&type=2",
        "trans": [
          {
            "tranCn": "破旧的，褴褛的，卑鄙的，不公平的",
            "descOther": "英释",
            "descCn": "中释",
            "pos": "adj",
            "tranOther": "shabby clothes, places, or objects are untidy and in bad condition because they have been used for a long time"
          }
        ]
      }
    }
  },
  "bookId": "IELTSluan_2"
}