{
  "wordRank": 1235,
  "headWord": "foremost",
  "content": {
    "word": {
      "wordHead": "foremost",
      "wordId": "IELTSluan_2_1235",
      "content": {
        "sentence": {
          "sentences": [
            {
              "sContent": "The foremost of these is other people.",
              "sContent_eng": "The <b>foremost</b> of these is other people.",
              "sSpeech": "The+foremost+of+these+is+other+people.&le=eng",
              "sCn": "这其中最重要的就是身边的人。"
            }
          ],
          "desc": "例句"
        },
        "usphone": "'fɔr'most",
        "syno": {
          "synos": [
            {
              "pos": "adj",
              "tran": "最重要的；最先的",
              "hwds": [
                {
                  "w": "principal"
                },
                {
                  "w": "supreme"
                },
                {
                  "w": "main"
                },
                {
                  "w": "lead"
                }
              ]
            },
            {
              "pos": "adv",
              "tran": "首先；居于首位地",
              "hwds": [
                {
                  "w": "firstly"
                },
                {
                  "w": "primarily"
                },
                {
                  "w": "initially"
                },
                {
                  "w": "first of all"
                },
                {
                  "w": "chiefly"
                }
              ]
            }
          ],
          "desc": "同近"
        },
        "ukphone": "'fɔːməʊst",
        "ukspeech": "foremost&type=1",
        "star": 0,
        "phrase": {
          "phrases": [
            {
              "pContent": "first and foremost",
              "pCn": "首先；首要的是"
            }
          ],
          "desc": "短语"
        },
        "phone": "'fɔ:məust",
        "speech": "foremost",
        "remMethod": {
          "val": " fore(前面) + most(最) → 放在最前面的 → 最重要的",
          "desc": "记忆"
        },
        "usspeech": "foremost&type=2",
        "trans": [
          {
            "tranCn": "最重要的(地)，第一流的(地)",
            "descCn": "中释",
            "pos": "a&ad"
          }
        ]
      }
    }
  },
  "bookId": "IELTSluan_2"
}