{
  "wordRank": 1236,
  "headWord": "merge",
  "content": {
    "word": {
      "wordHead": "merge",
      "wordId": "IELTSluan_2_1236",
      "content": {
        "sentence": {
          "sentences": [
            {
              "sContent": "The company plans to merge its subsidiaries in the US.",
              "sCn": "该公司计划合并其在美国的几家子公司。"
            }
          ],
          "desc": "例句"
        },
        "usphone": "mɝdʒ",
        "ukspeech": "merge&type=1",
        "star": 0,
        "usspeech": "merge&type=2",
        "syno": {
          "synos": [
            {
              "pos": "vt",
              "tran": "合并；使合并；吞没",
              "hwds": [
                {
                  "w": "conflate"
                },
                {
                  "w": "incorporate with"
                }
              ]
            },
            {
              "pos": "vi",
              "tran": "合并；融合",
              "hwds": [
                {
                  "w": "incorporate with"
                },
                {
                  "w": "coalesce"
                }
              ]
            }
          ],
          "desc": "同近"
        },
        "ukphone": "mɜːdʒ",
        "phrase": {
          "phrases": [
            {
              "pContent": "merge into",
              "pCn": "并入；结合"
            },
            {
              "pContent": "merge with",
              "pCn": "融入（车流中）；与…结合；于…联合"
            },
            {
              "pContent": "merge together",
              "pCn": "混合起来"
            },
            {
              "pContent": "merge all",
              "pCn": "合并全部"
            },
            {
              "pContent": "mail merge",
              "pCn": "邮件合并"
            },
            {
              "pContent": "merge sort",
              "pCn": "合并分类；归并排序"
            }
          ],
          "desc": "短语"
        },
        "phone": "mə:dʒ",
        "speech": "merge",
        "remMethod": {
          "val": " merg(沉没) + e → 沉没其中 → 结合",
          "desc": "记忆"
        },
        "relWord": {
          "rels": [
            {
              "pos": "adj",
              "words": [
                {
                  "hwd": "merged",
                  "tran": " 合并的；结了婚的"
                }
              ]
            },
            {
              "pos": "n",
              "words": [
                {
                  "hwd": "merger",
                  "tran": " （企业等的）合并；并购；吸收（如刑法中重罪吸收轻罪）"
                },
                {
                  "hwd": "merging",
                  "tran": " 合并；[计][数] 归并"
                }
              ]
            },
            {
              "pos": "v",
              "words": [
                {
                  "hwd": "merged",
                  "tran": " 合并；融合（merge的过去分词）"
                },
                {
                  "hwd": "merging",
                  "tran": " 合并；融合（merge的ing形式）"
                }
              ]
            }
          ],
          "desc": "同根"
        },
        "trans": [
          {
            "tranCn": "(企业)兼并，合并",
            "descOther": "英释",
            "descCn": "中释",
            "pos": "vt&vi",
            "tranOther": "to combine, or to join things together to form one thing"
          }
        ]
      }
    }
  },
  "bookId": "IELTSluan_2"
}