{
  "wordRank": 1237,
  "headWord": "attorney",
  "content": {
    "word": {
      "wordHead": "attorney",
      "wordId": "IELTSluan_2_1237",
      "content": {
        "sentence": {
          "sentences": [
            {
              "sContent": "...a prosecuting attorney.",
              "sCn": "…一位公诉律师。"
            }
          ],
          "desc": "例句"
        },
        "usphone": "ə'tɝni",
        "syno": {
          "synos": [
            {
              "pos": "n",
              "tran": "律师；[法]代理人",
              "hwds": [
                {
                  "w": "lawyer"
                },
                {
                  "w": "deputy"
                },
                {
                  "w": "agent"
                },
                {
                  "w": "factor"
                },
                {
                  "w": "secondary"
                }
              ]
            }
          ],
          "desc": "同近"
        },
        "ukphone": "ə'tɜːnɪ",
        "ukspeech": "attorney&type=1",
        "star": 0,
        "phrase": {
          "phrases": [
            {
              "pContent": "power of attorney",
              "pCn": "委托书"
            },
            {
              "pContent": "attorney general",
              "pCn": "司法部长；首席检察官"
            },
            {
              "pContent": "district attorney",
              "pCn": "美国地方检察官（略作D.A.）"
            },
            {
              "pContent": "patent attorney",
              "pCn": "代理人，专利代理人；专利律师；特许弁护士"
            },
            {
              "pContent": "letter of attorney",
              "pCn": "n. 委任状"
            },
            {
              "pContent": "prosecuting attorney",
              "pCn": "检察官"
            },
            {
              "pContent": "state attorney",
              "pCn": "（美）州检察官"
            },
            {
              "pContent": "attorney at law",
              "pCn": "律师"
            }
          ],
          "desc": "短语"
        },
        "speech": "attorney",
        "relWord": {
          "rels": [
            {
              "pos": "n",
              "words": [
                {
                  "hwd": "attorneyship",
                  "tran": " 代理权；代理人的职务；代理人的身份"
                }
              ]
            }
          ],
          "desc": "同根"
        },
        "usspeech": "attorney&type=2",
        "trans": [
          {
            "tranCn": "律师",
            "descOther": "英释",
            "descCn": "中释",
            "pos": "n",
            "tranOther": "a lawyer"
          }
        ]
      }
    }
  },
  "bookId": "IELTSluan_2"
}