{
  "wordRank": 1238,
  "headWord": "militant",
  "content": {
    "word": {
      "wordHead": "militant",
      "wordId": "IELTSluan_2_1238",
      "content": {
        "sentence": {
          "sentences": [
            {
              "sContent": "militant political activists",
              "sCn": "激进的政治活动家"
            },
            {
              "sContent": "a militant animal rights group",
              "sCn": "激进的动物权利保护团体"
            },
            {
              "sContent": "After the assassination of Martin Luther King, black leaders became more militant.",
              "sCn": "马丁•路德•金遇刺后，黑人领袖变得更为激进了。"
            }
          ],
          "desc": "例句"
        },
        "usphone": "'mɪlɪtənt",
        "syno": {
          "synos": [
            {
              "pos": "adj",
              "tran": "好战的",
              "hwds": [
                {
                  "w": "fighting"
                },
                {
                  "w": "combative"
                }
              ]
            },
            {
              "pos": "n",
              "tran": "富有战斗性的人；好斗者",
              "hwds": [
                {
                  "w": "gamecock"
                }
              ]
            }
          ],
          "desc": "同近"
        },
        "ukphone": "'mɪlɪt(ə)nt",
        "ukspeech": "militant&type=1",
        "star": 0,
        "speech": "militant",
        "remMethod": {
          "val": " milit(打架) + ant → 好战的",
          "desc": "记忆"
        },
        "relWord": {
          "rels": [
            {
              "pos": "n",
              "words": [
                {
                  "hwd": "militancy",
                  "tran": " 战斗性；交战状态"
                },
                {
                  "hwd": "militarism",
                  "tran": " 军国主义；尚武精神，好战态度；职业军人的精神"
                },
                {
                  "hwd": "militance",
                  "tran": " 战斗性；战斗状态"
                }
              ]
            }
          ],
          "desc": "同根"
        },
        "usspeech": "militant&type=2",
        "trans": [
          {
            "tranCn": "好斗的",
            "descOther": "英释",
            "descCn": "中释",
            "pos": "adj",
            "tranOther": "a militant organization or person is willing to use strong or violent action in order to achieve political or social change"
          }
        ]
      }
    }
  },
  "bookId": "IELTSluan_2"
}