{
  "wordRank": 1239,
  "headWord": "wrinkle",
  "content": {
    "word": {
      "wordHead": "wrinkle",
      "wordId": "IELTSluan_2_1239",
      "content": {
        "sentence": {
          "sentences": [
            {
              "sContent": "Her face was a mass of wrinkles.",
              "sCn": "她的脸上布满皱纹。"
            }
          ],
          "desc": "例句"
        },
        "usphone": "'rɪŋkl",
        "ukspeech": "wrinkle&type=1",
        "star": 0,
        "usspeech": "wrinkle&type=2",
        "syno": {
          "synos": [
            {
              "pos": "n",
              "tran": "皱纹",
              "hwds": [
                {
                  "w": "rugosity"
                },
                {
                  "w": "plication"
                }
              ]
            },
            {
              "pos": "vi",
              "tran": "起皱",
              "hwds": [
                {
                  "w": "crease"
                }
              ]
            },
            {
              "pos": "vt",
              "tran": "使起皱纹",
              "hwds": [
                {
                  "w": "frounce"
                }
              ]
            }
          ],
          "desc": "同近"
        },
        "ukphone": "'rɪŋkl",
        "phrase": {
          "phrases": [
            {
              "pContent": "wrinkle recovery",
              "pCn": "褶皱回复；折痕回复力"
            },
            {
              "pContent": "wrinkle up",
              "pCn": "使起皱纹"
            }
          ],
          "desc": "短语"
        },
        "phone": "'riŋkl",
        "speech": "wrinkle",
        "remMethod": {
          "val": " 眨眼(twinkle)容易起皱纹(wrinkle)",
          "desc": "记忆"
        },
        "relWord": {
          "rels": [
            {
              "pos": "adj",
              "words": [
                {
                  "hwd": "wrinkled",
                  "tran": " 具皱的，有皱纹的"
                },
                {
                  "hwd": "wrinkly",
                  "tran": " 有皱纹的；易生皱纹的"
                }
              ]
            },
            {
              "pos": "n",
              "words": [
                {
                  "hwd": "wrinkly",
                  "tran": " 老人（俚语）"
                }
              ]
            }
          ],
          "desc": "同根"
        },
        "trans": [
          {
            "tranCn": "皱纹",
            "descOther": "英释",
            "descCn": "中释",
            "pos": "n",
            "tranOther": "wrinkles are lines on your face and skin that you get when you are old"
          }
        ]
      }
    }
  },
  "bookId": "IELTSluan_2"
}