{
  "wordRank": 124,
  "headWord": "whereas",
  "content": {
    "word": {
      "wordHead": "whereas",
      "wordId": "IELTSluan_2_124",
      "content": {
        "sentence": {
          "sentences": [
            {
              "sContent": "He had never done anything for them, whereas they had done everything for him.",
              "sContent_eng": "He had never done anything for them, <b>whereas</b> they had done everything for him.",
              "sSpeech": "He+had+never+done+anything+for+them%2C+whereas+they+had+done+everything+for+him.&le=eng",
              "sCn": "他从未为他们做过任何事，反之他们却为他做了所有事。"
            }
          ],
          "desc": "例句"
        },
        "usphone": "'wɛr'æz",
        "syno": {
          "synos": [
            {
              "pos": "conj",
              "tran": "然而；鉴于；反之",
              "hwds": [
                {
                  "w": "however"
                },
                {
                  "w": "while"
                },
                {
                  "w": "nevertheless"
                },
                {
                  "w": "but"
                },
                {
                  "w": "yet"
                }
              ]
            }
          ],
          "desc": "同近"
        },
        "ukphone": "weər'æz",
        "ukspeech": "whereas&type=1",
        "star": 0,
        "usspeech": "whereas&type=2",
        "trans": [
          {
            "tranCn": "鉴于；反之",
            "descOther": "英释",
            "descCn": "中释",
            "pos": "conj",
            "tranOther": "used at the beginning of an official document to mean ‘because of a particular fact’"
          }
        ]
      }
    }
  },
  "bookId": "IELTSluan_2"
}