{
  "wordRank": 1240,
  "headWord": "maintain",
  "content": {
    "word": {
      "wordHead": "maintain",
      "wordId": "IELTSluan_2_1240",
      "content": {
        "sentence": {
          "sentences": [
            {
              "sContent": "Careers Officers maintain contact with young people when they have left school.",
              "sCn": "年轻人离开学校以后，职业指导员和他们保持联系。"
            },
            {
              "sContent": "Britain wants to maintain its position as a world power.",
              "sCn": "英国想保持其世界强国的地位。"
            },
            {
              "sContent": "A lot depends on building and maintaining a good relationship with your customers.",
              "sCn": "和顾客建立并保持良好关系很重要，很多事情要取决于此。"
            },
            {
              "sContent": "The hotel prides itself on maintaining high standards.",
              "sCn": "这家酒店以保持高标准而自豪。"
            },
            {
              "sContent": "How can we maintain control of spending?",
              "sCn": "我们如何保持对开支的控制？"
            }
          ],
          "desc": "例句"
        },
        "usphone": "men'ten",
        "ukspeech": "maintain&type=1",
        "star": 0,
        "usspeech": "maintain&type=2",
        "syno": {
          "synos": [
            {
              "pos": "vt",
              "tran": "维持；继续；维修；主张；供养",
              "hwds": [
                {
                  "w": "pursue"
                },
                {
                  "w": "submit"
                },
                {
                  "w": "sustain"
                },
                {
                  "w": "advocate"
                },
                {
                  "w": "service"
                }
              ]
            }
          ],
          "desc": "同近"
        },
        "ukphone": "meɪn'teɪn; mən'teɪn",
        "phrase": {
          "phrases": [
            {
              "pContent": "maintain in",
              "pCn": "维持…；保持…"
            },
            {
              "pContent": "maintain order",
              "pCn": "维持秩序"
            },
            {
              "pContent": "maintain world peace",
              "pCn": "维护世界和平"
            },
            {
              "pContent": "maintain contact with",
              "pCn": "与...保持联系"
            },
            {
              "pContent": "maintain discipline",
              "pCn": "维持纪律"
            }
          ],
          "desc": "短语"
        },
        "phone": "mein'tein",
        "speech": "maintain",
        "remMethod": {
          "val": " main(手) + tain(拿住) → 用手牢牢握住 → 维持， 保持",
          "desc": "记忆"
        },
        "relWord": {
          "rels": [
            {
              "pos": "adj",
              "words": [
                {
                  "hwd": "maintainable",
                  "tran": " 可维持的；可主张的；可维修的"
                }
              ]
            },
            {
              "pos": "n",
              "words": [
                {
                  "hwd": "maintenance",
                  "tran": " 维护，维修；保持；生活费用"
                },
                {
                  "hwd": "maintainer",
                  "tran": " 维修工；保持器"
                }
              ]
            }
          ],
          "desc": "同根"
        },
        "trans": [
          {
            "tranCn": "维持；抚养；坚持；维修",
            "descOther": "英释",
            "descCn": "中释",
            "pos": "v",
            "tranOther": "to make something continue in the same way or at the same standard as before"
          }
        ]
      }
    }
  },
  "bookId": "IELTSluan_2"
}