{
  "wordRank": 1241,
  "headWord": "editorial",
  "content": {
    "word": {
      "wordHead": "editorial",
      "wordId": "IELTSluan_2_1241",
      "content": {
        "sentence": {
          "sentences": [
            {
              "sContent": "In an editorial, The New York Times suggests the victory could turn nasty.",
              "sCn": "在一篇社论中，《纽约时报》认为该胜利会转成恶梦。"
            }
          ],
          "desc": "例句"
        },
        "usphone": ",ɛdɪ'tɔrɪəl",
        "syno": {
          "synos": [
            {
              "pos": "adj",
              "tran": "编辑的；社论的",
              "hwds": [
                {
                  "w": "compilatory"
                }
              ]
            }
          ],
          "desc": "同近"
        },
        "ukphone": "edɪ'tɔːrɪəl",
        "ukspeech": "editorial&type=1",
        "star": 0,
        "phrase": {
          "phrases": [
            {
              "pContent": "editorial office",
              "pCn": "编辑部；编辑室"
            },
            {
              "pContent": "editorial board",
              "pCn": "编辑委员；编辑部"
            },
            {
              "pContent": "editorial staff",
              "pCn": "编辑人员"
            },
            {
              "pContent": "editorial committee",
              "pCn": "编委会"
            }
          ],
          "desc": "短语"
        },
        "phone": ",edi'tɔ:riəl",
        "speech": "editorial",
        "relWord": {
          "rels": [
            {
              "pos": "adv",
              "words": [
                {
                  "hwd": "editorially",
                  "tran": " 以编辑身份地；以社论形式"
                }
              ]
            },
            {
              "pos": "n",
              "words": [
                {
                  "hwd": "edit",
                  "tran": " 编辑工作"
                },
                {
                  "hwd": "editor",
                  "tran": " 编者，编辑；社论撰写人；编辑装置"
                },
                {
                  "hwd": "editorialist",
                  "tran": " 主笔；撰写社论者"
                },
                {
                  "hwd": "editorship",
                  "tran": " 编辑；校订；编辑或主笔地位"
                }
              ]
            },
            {
              "pos": "vi",
              "words": [
                {
                  "hwd": "editorialize",
                  "tran": " 发表社论；（在报纸等的文章中）加编者按语"
                }
              ]
            },
            {
              "pos": "vt",
              "words": [
                {
                  "hwd": "edit",
                  "tran": " 编辑；校订"
                },
                {
                  "hwd": "editorialize",
                  "tran": " （就某事）发表社论；插入主观评论"
                }
              ]
            }
          ],
          "desc": "同根"
        },
        "usspeech": "editorial&type=2",
        "trans": [
          {
            "tranCn": "社论",
            "descOther": "英释",
            "descCn": "中释",
            "pos": "n",
            "tranOther": "a piece of writing in a newspaper that gives the editor’s opinion about something, rather than reporting facts"
          },
          {
            "tranCn": "编辑的，编者的",
            "descOther": "英释",
            "descCn": "中释",
            "pos": "adj",
            "tranOther": "relating to the preparation of a newspaper, book, television programme etc for printing or broadcasting"
          }
        ]
      }
    }
  },
  "bookId": "IELTSluan_2"
}