{
  "wordRank": 1242,
  "headWord": "kin",
  "content": {
    "word": {
      "wordHead": "kin",
      "wordId": "IELTSluan_2_1242",
      "content": {
        "sentence": {
          "sentences": [
            {
              "sContent": "We’ll have to notify the next of kin of his death.",
              "sCn": "我们得把他去世的消息通知他的直系亲属。"
            }
          ],
          "desc": "例句"
        },
        "usphone": "kɪn",
        "syno": {
          "synos": [
            {
              "pos": "n",
              "tran": "亲戚；家族；同族",
              "hwds": [
                {
                  "w": "relative"
                },
                {
                  "w": "family"
                }
              ]
            },
            {
              "pos": "adj",
              "tran": "同类的；有亲属关系的；性质类似的",
              "hwds": [
                {
                  "w": "congeneric"
                },
                {
                  "w": "akin"
                }
              ]
            }
          ],
          "desc": "同近"
        },
        "ukphone": "kɪn",
        "ukspeech": "kin&type=1",
        "star": 0,
        "phrase": {
          "phrases": [
            {
              "pContent": "of kin",
              "pCn": "◎有亲戚关系的"
            },
            {
              "pContent": "next of kin",
              "pCn": "最近的血亲，最亲的亲戚"
            },
            {
              "pContent": "kith and kin",
              "pCn": "朋友和亲属"
            }
          ],
          "desc": "短语"
        },
        "phone": "kin",
        "speech": "kin",
        "relWord": {
          "rels": [
            {
              "pos": "n",
              "words": [
                {
                  "hwd": "kinship",
                  "tran": " [法] 亲属关系，家属关系；亲密关系"
                }
              ]
            }
          ],
          "desc": "同根"
        },
        "usspeech": "kin&type=2",
        "trans": [
          {
            "tranCn": "家族、亲属",
            "descOther": "英释",
            "descCn": "中释",
            "pos": "n",
            "tranOther": "your family"
          }
        ]
      }
    }
  },
  "bookId": "IELTSluan_2"
}