{
  "wordRank": 1243,
  "headWord": "contend",
  "content": {
    "word": {
      "wordHead": "contend",
      "wordId": "IELTSluan_2_1243",
      "content": {
        "sentence": {
          "sentences": [
            {
              "sContent": "Inevitably, fights break out between the members of contending groups.",
              "sCn": "争权夺利的几个团体之间不可避免地发生了打斗。"
            }
          ],
          "desc": "例句"
        },
        "usphone": "kən'tɛnd",
        "syno": {
          "synos": [
            {
              "pos": "vi",
              "tran": "竞争；奋斗；斗争；争论",
              "hwds": [
                {
                  "w": "fight"
                },
                {
                  "w": "debate"
                },
                {
                  "w": "cope"
                }
              ]
            },
            {
              "pos": "vt",
              "tran": "主张；为...斗争",
              "hwds": [
                {
                  "w": "maintain"
                },
                {
                  "w": "submit"
                },
                {
                  "w": "advocate"
                }
              ]
            }
          ],
          "desc": "同近"
        },
        "ukphone": "kən'tend",
        "ukspeech": "contend&type=1",
        "star": 0,
        "phrase": {
          "phrases": [
            {
              "pContent": "contend with",
              "pCn": "对付；与…作斗争"
            }
          ],
          "desc": "短语"
        },
        "phone": "kən'tend",
        "speech": "contend",
        "relWord": {
          "rels": [
            {
              "pos": "adj",
              "words": [
                {
                  "hwd": "contentious",
                  "tran": " 诉讼的；有异议的，引起争论的；爱争论的"
                }
              ]
            },
            {
              "pos": "n",
              "words": [
                {
                  "hwd": "contention",
                  "tran": " 争论，争辩；争夺；论点"
                },
                {
                  "hwd": "contender",
                  "tran": " 竞争者；争夺者"
                }
              ]
            }
          ],
          "desc": "同根"
        },
        "usspeech": "contend&type=2",
        "trans": [
          {
            "tranCn": "斗争，竞争，争论",
            "descOther": "英释",
            "descCn": "中释",
            "pos": "v",
            "tranOther": "to compete against someone in order to gain something"
          }
        ]
      }
    }
  },
  "bookId": "IELTSluan_2"
}