{
  "wordRank": 1244,
  "headWord": "partition",
  "content": {
    "word": {
      "wordHead": "partition",
      "wordId": "IELTSluan_2_1244",
      "content": {
        "sentence": {
          "sentences": [
            {
              "sContent": "...fighting which followed the partition of India.",
              "sCn": "…印度分裂后的争斗。"
            }
          ],
          "desc": "例句"
        },
        "usphone": "pɑr'tɪʃən",
        "syno": {
          "synos": [
            {
              "pos": "n",
              "tran": "[计]划分，分开；[数]分割；[建]隔墙；隔离物",
              "hwds": [
                {
                  "w": "division"
                },
                {
                  "w": "segmentation"
                }
              ]
            },
            {
              "pos": "vt",
              "tran": "[数]分割；分隔；区分",
              "hwds": [
                {
                  "w": "segment"
                },
                {
                  "w": "deleave"
                }
              ]
            }
          ],
          "desc": "同近"
        },
        "ukphone": "pɑː'tɪʃ(ə)n",
        "ukspeech": "partition&type=1",
        "star": 0,
        "phrase": {
          "phrases": [
            {
              "pContent": "partition wall",
              "pCn": "隔断（墙），间隔墙"
            },
            {
              "pContent": "partition off",
              "pCn": "分隔成；隔开"
            },
            {
              "pContent": "partition coefficient",
              "pCn": "分配系数（等于distribution coefficient）"
            },
            {
              "pContent": "partition table",
              "pCn": "分区表；分割表"
            },
            {
              "pContent": "partition board",
              "pCn": "隔板；隔墙板；间隔纸板"
            },
            {
              "pContent": "partition function",
              "pCn": "[化]配分函数"
            },
            {
              "pContent": "disk partition",
              "pCn": "磁盘分区"
            },
            {
              "pContent": "hard disk partition",
              "pCn": "n. 硬盘分区"
            },
            {
              "pContent": "partition ratio",
              "pCn": "分配比，分配系数；分隔比"
            },
            {
              "pContent": "partition of unity",
              "pCn": "单位分解"
            },
            {
              "pContent": "glass partition",
              "pCn": "玻璃隔板"
            },
            {
              "pContent": "extended partition",
              "pCn": "n. 扩展分区"
            }
          ],
          "desc": "短语"
        },
        "phone": "pɑ:'tiʃən",
        "speech": "partition",
        "relWord": {
          "rels": [
            {
              "pos": "adj",
              "words": [
                {
                  "hwd": "part",
                  "tran": " 部分的"
                },
                {
                  "hwd": "parting",
                  "tran": " 离别的；分开的；逝去的"
                },
                {
                  "hwd": "partitioned",
                  "tran": " 分割的；分区的；分段的"
                },
                {
                  "hwd": "parted",
                  "tran": " 分开的"
                },
                {
                  "hwd": "partible",
                  "tran": " 可分的"
                },
                {
                  "hwd": "partitive",
                  "tran": " 区分的；表示部分的"
                }
              ]
            },
            {
              "pos": "adv",
              "words": [
                {
                  "hwd": "part",
                  "tran": " 部分地"
                },
                {
                  "hwd": "partially",
                  "tran": " 部分地；偏袒地"
                },
                {
                  "hwd": "partly",
                  "tran": " 部分地；在一定程度上"
                }
              ]
            },
            {
              "pos": "n",
              "words": [
                {
                  "hwd": "part",
                  "tran": " 部分；角色；零件"
                },
                {
                  "hwd": "parting",
                  "tran": " 分手；分离；分界点"
                },
                {
                  "hwd": "partialness",
                  "tran": " 偏爱的，不公平的；部分"
                },
                {
                  "hwd": "partitionist",
                  "tran": " （政治）分裂主义者"
                },
                {
                  "hwd": "partitive",
                  "tran": " 表示部分的词"
                }
              ]
            },
            {
              "pos": "v",
              "words": [
                {
                  "hwd": "parting",
                  "tran": " 分开；断裂；离去（part的ing形式）"
                },
                {
                  "hwd": "parted",
                  "tran": " 分开（part的过去式及过去分词）"
                }
              ]
            },
            {
              "pos": "vi",
              "words": [
                {
                  "hwd": "part",
                  "tran": " 断裂；分手"
                }
              ]
            },
            {
              "pos": "vt",
              "words": [
                {
                  "hwd": "part",
                  "tran": " 分离；分配；分开"
                },
                {
                  "hwd": "partitioned",
                  "tran": " 划分（partition的过去分词）；分割；把…分成部分"
                }
              ]
            }
          ],
          "desc": "同根"
        },
        "usspeech": "partition&type=2",
        "trans": [
          {
            "tranCn": "分开，分割",
            "descOther": "英释",
            "descCn": "中释",
            "pos": "n",
            "tranOther": "the action of separating a country into two or more independent countries"
          }
        ]
      }
    }
  },
  "bookId": "IELTSluan_2"
}