{
  "wordRank": 1245,
  "headWord": "outbreak",
  "content": {
    "word": {
      "wordHead": "outbreak",
      "wordId": "IELTSluan_2_1245",
      "content": {
        "sentence": {
          "sentences": [
            {
              "sContent": "a cholera outbreak",
              "sCn": "霍乱的爆发"
            }
          ],
          "desc": "例句"
        },
        "usphone": "'aʊtbrek",
        "syno": {
          "synos": [
            {
              "pos": "n",
              "tran": "（战争的）爆发；（疾病的）发作",
              "hwds": [
                {
                  "w": "explosion"
                },
                {
                  "w": "burst"
                },
                {
                  "w": "fit"
                }
              ]
            },
            {
              "pos": "vi",
              "tran": "爆发",
              "hwds": [
                {
                  "w": "burst"
                },
                {
                  "w": "blow up"
                }
              ]
            }
          ],
          "desc": "同近"
        },
        "ukphone": "'aʊtbreɪk",
        "ukspeech": "outbreak&type=1",
        "star": 0,
        "phone": "'autbreik, ,aut'breik",
        "speech": "outbreak",
        "usspeech": "outbreak&type=2",
        "trans": [
          {
            "tranCn": "(战争、愤怒等)爆发",
            "descOther": "英释",
            "descCn": "中释",
            "pos": "n",
            "tranOther": "if there is an outbreak of fighting or disease in an area, it suddenly starts to happen"
          }
        ]
      }
    }
  },
  "bookId": "IELTSluan_2"
}