{
  "wordRank": 1246,
  "headWord": "authoritative",
  "content": {
    "word": {
      "wordHead": "authoritative",
      "wordId": "IELTSluan_2_1246",
      "content": {
        "sentence": {
          "sentences": [
            {
              "sContent": "the most authoritative work on English surnames",
              "sCn": "有关英语姓氏的最权威著作"
            }
          ],
          "desc": "例句"
        },
        "usphone": "ə'θɔrətetɪv",
        "syno": {
          "synos": [
            {
              "pos": "adj",
              "tran": "有权威的；命令式的；当局的",
              "hwds": [
                {
                  "w": "magisterial"
                },
                {
                  "w": "cathedratic"
                }
              ]
            }
          ],
          "desc": "同近"
        },
        "ukphone": "ɔː'θɒrɪtətɪv; -,teɪtɪv",
        "ukspeech": "authoritative&type=1",
        "star": 0,
        "phrase": {
          "phrases": [
            {
              "pContent": "authoritative information",
              "pCn": "官方消息"
            },
            {
              "pContent": "authoritative source",
              "pCn": "权威人士；权威来源"
            }
          ],
          "desc": "短语"
        },
        "phone": "ɔ:'θɔritətiv",
        "speech": "authoritative",
        "relWord": {
          "rels": [
            {
              "pos": "adv",
              "words": [
                {
                  "hwd": "authoritatively",
                  "tran": " 权威地；命令式地；可信地"
                }
              ]
            },
            {
              "pos": "n",
              "words": [
                {
                  "hwd": "authority",
                  "tran": " 权威；权力；当局"
                }
              ]
            }
          ],
          "desc": "同根"
        },
        "usspeech": "authoritative&type=2",
        "trans": [
          {
            "tranCn": "有权威的；命令的；可靠的",
            "descOther": "英释",
            "descCn": "中释",
            "pos": "adj",
            "tranOther": "an authoritative book, account etc is respected because the person who wrote it knows a lot about the subject"
          }
        ]
      }
    }
  },
  "bookId": "IELTSluan_2"
}