{
  "wordRank": 1247,
  "headWord": "slippery",
  "content": {
    "word": {
      "wordHead": "slippery",
      "wordId": "IELTSluan_2_1247",
      "content": {
        "sentence": {
          "sentences": [
            {
              "sContent": "In places, the path can be wet and slippery.",
              "sCn": "路上有些地方可能又湿又滑。"
            },
            {
              "sContent": "Harry’s palms were slippery with sweat.",
              "sCn": "哈里手心滑溜溜的都是汗。"
            }
          ],
          "desc": "例句"
        },
        "usphone": "'slɪpəri",
        "ukspeech": "slippery&type=1",
        "star": 0,
        "usspeech": "slippery&type=2",
        "syno": {
          "synos": [
            {
              "pos": "adj",
              "tran": "滑的；狡猾的；不稳定的",
              "hwds": [
                {
                  "w": "designing"
                },
                {
                  "w": "knowing"
                },
                {
                  "w": "subtle"
                },
                {
                  "w": "unstable"
                }
              ]
            }
          ],
          "desc": "同近"
        },
        "ukphone": "'slɪp(ə)rɪ",
        "phrase": {
          "phrases": [
            {
              "pContent": "slippery slope",
              "pCn": "n. 灾难性的急剧下滑"
            },
            {
              "pContent": "slippery road",
              "pCn": "滑路"
            },
            {
              "pContent": "slippery elm",
              "pCn": "榆树"
            }
          ],
          "desc": "短语"
        },
        "phone": "'slipəri",
        "speech": "slippery",
        "remMethod": {
          "val": " slipp(=slip滑) + ery → 滑的",
          "desc": "记忆"
        },
        "relWord": {
          "rels": [
            {
              "pos": "n",
              "words": [
                {
                  "hwd": "slipperiness",
                  "tran": " 滑溜"
                }
              ]
            }
          ],
          "desc": "同根"
        },
        "trans": [
          {
            "tranCn": "表面光滑的，(人)不老实的，不可靠的",
            "descOther": "英释",
            "descCn": "中释",
            "pos": "adj",
            "tranOther": "something that is slippery is difficult to hold, walk on etc because it is wet or  greasy "
          }
        ]
      }
    }
  },
  "bookId": "IELTSluan_2"
}