{
  "wordRank": 1248,
  "headWord": "goal",
  "content": {
    "word": {
      "wordHead": "goal",
      "wordId": "IELTSluan_2_1248",
      "content": {
        "sentence": {
          "sentences": [
            {
              "sContent": "Your goal as a parent is to help your child become an independent adult.",
              "sCn": "身为父母，你的目标就是要培养孩子成为独立的成年人。"
            }
          ],
          "desc": "例句"
        },
        "usphone": "ɡol",
        "syno": {
          "synos": [
            {
              "pos": "n",
              "tran": "目标；球门，得分数；终点",
              "hwds": [
                {
                  "w": "target"
                },
                {
                  "w": "object"
                },
                {
                  "w": "destination"
                },
                {
                  "w": "cause"
                },
                {
                  "w": "aim"
                }
              ]
            }
          ],
          "desc": "同近"
        },
        "ukphone": "gəʊl",
        "ukspeech": "goal&type=1",
        "star": 0,
        "phrase": {
          "phrases": [
            {
              "pContent": "ultimate goal",
              "pCn": "最终目标；终极目标"
            },
            {
              "pContent": "strategic goal",
              "pCn": "战略目标"
            },
            {
              "pContent": "common goal",
              "pCn": "共同目标"
            },
            {
              "pContent": "primary goal",
              "pCn": "首要目标"
            },
            {
              "pContent": "long-term goal",
              "pCn": "长期目标"
            },
            {
              "pContent": "own goal",
              "pCn": "影响本身利益的错误行为；[足球]误中本队球门"
            },
            {
              "pContent": "set a goal",
              "pCn": "确立一个目标"
            },
            {
              "pContent": "life goal",
              "pCn": "人生目标；生活目标"
            },
            {
              "pContent": "goal orientation",
              "pCn": "目标定向；目标取向"
            },
            {
              "pContent": "goal setting",
              "pCn": "目标设定；目标设置"
            },
            {
              "pContent": "career goal",
              "pCn": "事业目标"
            },
            {
              "pContent": "goal line",
              "pCn": "[足球]球门线"
            },
            {
              "pContent": "score a goal",
              "pCn": "踢进一球；得一分"
            },
            {
              "pContent": "goal difference",
              "pCn": "[体]（足球）净胜球；得失分"
            },
            {
              "pContent": "field goal",
              "pCn": "n. 射门得分；投篮得分"
            },
            {
              "pContent": "goal programming",
              "pCn": "目标规划；目标程序设计"
            },
            {
              "pContent": "goal function",
              "pCn": "目标函数"
            },
            {
              "pContent": "goal set",
              "pCn": "目标集合；目标定势"
            },
            {
              "pContent": "no goal",
              "pCn": "投中无效"
            },
            {
              "pContent": "short-term goal",
              "pCn": "短期目标；近期目标"
            }
          ],
          "desc": "短语"
        },
        "phone": "ɡəul",
        "speech": "goal",
        "relWord": {
          "rels": [
            {
              "pos": "n",
              "words": [
                {
                  "hwd": "goalpost",
                  "tran": " 球门柱；门柱"
                },
                {
                  "hwd": "goalmouth",
                  "tran": " （足球的）球门"
                }
              ]
            }
          ],
          "desc": "同根"
        },
        "usspeech": "goal&type=2",
        "trans": [
          {
            "tranCn": "(足球)球门；得分；目标",
            "descOther": "英释",
            "descCn": "中释",
            "pos": "n",
            "tranOther": "something that you hope to achieve in the future"
          }
        ]
      }
    }
  },
  "bookId": "IELTSluan_2"
}