{
  "wordRank": 1249,
  "headWord": "outstrip",
  "content": {
    "word": {
      "wordHead": "outstrip",
      "wordId": "IELTSluan_2_1249",
      "content": {
        "sentence": {
          "sentences": [
            {
              "sContent": "We outstripped all our competitors in sales last year.",
              "sCn": "去年我们的销售额超过了所有竞争对手。"
            }
          ],
          "desc": "例句"
        },
        "usphone": ",aʊt'strɪp",
        "syno": {
          "synos": [
            {
              "pos": "vt",
              "tran": "超过；胜过；比…跑得快",
              "hwds": [
                {
                  "w": "better than"
                },
                {
                  "w": "overcome"
                },
                {
                  "w": "top"
                },
                {
                  "w": "cap"
                },
                {
                  "w": "outdo"
                }
              ]
            }
          ],
          "desc": "同近"
        },
        "ukphone": "aʊt'strɪp",
        "ukspeech": "outstrip&type=1",
        "star": 0,
        "phone": ",aut'strip",
        "speech": "outstrip",
        "usspeech": "outstrip&type=2",
        "trans": [
          {
            "tranCn": "胜过，超过",
            "descOther": "英释",
            "descCn": "中释",
            "pos": "v",
            "tranOther": "to do something better than someone else or be more successful"
          }
        ]
      }
    }
  },
  "bookId": "IELTSluan_2"
}