{
  "wordRank": 125,
  "headWord": "glare",
  "content": {
    "word": {
      "wordHead": "glare",
      "wordId": "IELTSluan_2_125",
      "content": {
        "sentence": {
          "sentences": [
            {
              "sContent": "She gave him a hostile glare.",
              "sCn": "她狠狠地瞪了他一眼。"
            }
          ],
          "desc": "例句"
        },
        "usphone": "ɡlɛr",
        "syno": {
          "synos": [
            {
              "pos": "n",
              "tran": "刺眼；[光]耀眼的光；受公众注目",
              "hwds": [
                {
                  "w": "dazzle"
                }
              ]
            }
          ],
          "desc": "同近"
        },
        "ukphone": "gleə",
        "ukspeech": "glare&type=1",
        "star": 0,
        "phrase": {
          "phrases": [
            {
              "pContent": "glare at",
              "pCn": "怒视"
            }
          ],
          "desc": "短语"
        },
        "phone": "ɡlεə",
        "speech": "glare",
        "relWord": {
          "rels": [
            {
              "pos": "adj",
              "words": [
                {
                  "hwd": "glaring",
                  "tran": " 耀眼的；瞪视的；炯炯的"
                },
                {
                  "hwd": "glary",
                  "tran": " 闪耀的；光辉的"
                }
              ]
            },
            {
              "pos": "adv",
              "words": [
                {
                  "hwd": "glaringly",
                  "tran": " 耀目地；显目地"
                }
              ]
            }
          ],
          "desc": "同根"
        },
        "usspeech": "glare&type=2",
        "trans": [
          {
            "tranCn": "眩目地照射，闪耀，瞪视",
            "descOther": "英释",
            "descCn": "中释",
            "pos": "n&v",
            "tranOther": "to look angrily at someone for a long time"
          }
        ]
      }
    }
  },
  "bookId": "IELTSluan_2"
}