{
  "wordRank": 1250,
  "headWord": "preceding",
  "content": {
    "word": {
      "wordHead": "preceding",
      "wordId": "IELTSluan_2_1250",
      "content": {
        "sentence": {
          "sentences": [
            {
              "sContent": "As we saw in the preceding chapter, groups can be powerful agents of socialization.",
              "sCn": "如我们在前一章所见，团组可以是社会化的有力动因。"
            }
          ],
          "desc": "例句"
        },
        "usphone": "'prisidɪŋ",
        "syno": {
          "synos": [
            {
              "pos": "adj",
              "tran": "在前的；前述的",
              "hwds": [
                {
                  "w": "prior"
                },
                {
                  "w": "prius"
                }
              ]
            }
          ],
          "desc": "同近"
        },
        "ukphone": "prɪ'siːdɪŋ",
        "ukspeech": "preceding&type=1",
        "star": 0,
        "phone": "pri'si:diŋ, 'pri:-",
        "speech": "preceding",
        "remMethod": {
          "val": " pre(在…前面) + ced(走) + e → 走在前面 → 先于",
          "desc": "记忆"
        },
        "relWord": {
          "rels": [
            {
              "pos": "adj",
              "words": [
                {
                  "hwd": "precedent",
                  "tran": " 在前的；在先的"
                }
              ]
            },
            {
              "pos": "n",
              "words": [
                {
                  "hwd": "precedent",
                  "tran": " 先例；前例"
                }
              ]
            },
            {
              "pos": "vi",
              "words": [
                {
                  "hwd": "precede",
                  "tran": " 领先，在前面"
                }
              ]
            },
            {
              "pos": "vt",
              "words": [
                {
                  "hwd": "precede",
                  "tran": " 领先，在…之前；优于，高于"
                }
              ]
            }
          ],
          "desc": "同根"
        },
        "usspeech": "preceding&type=2",
        "trans": [
          {
            "tranCn": "在前的，在先的",
            "descOther": "英释",
            "descCn": "中释",
            "pos": "adj",
            "tranOther": "happening or coming before the time, place, or part mentioned"
          }
        ]
      }
    }
  },
  "bookId": "IELTSluan_2"
}