{
  "wordRank": 1251,
  "headWord": "transform",
  "content": {
    "word": {
      "wordHead": "transform",
      "wordId": "IELTSluan_2_1251",
      "content": {
        "sentence": {
          "sentences": [
            {
              "sContent": "Increased population has transformed the landscape.",
              "sCn": "人口的增加使景观发生了变化。"
            }
          ],
          "desc": "例句"
        },
        "usphone": "træns'fɔrm",
        "ukspeech": "transform&type=1",
        "star": 0,
        "usspeech": "transform&type=2",
        "syno": {
          "synos": [
            {
              "pos": "vt",
              "tran": "改变，使…变形；转换",
              "hwds": [
                {
                  "w": "influence"
                },
                {
                  "w": "fashion"
                },
                {
                  "w": "vary"
                },
                {
                  "w": "innovate"
                }
              ]
            },
            {
              "pos": "vi",
              "tran": "[数][电]变换，改变；转化",
              "hwds": [
                {
                  "w": "veer from"
                },
                {
                  "w": "to change"
                }
              ]
            }
          ],
          "desc": "同近"
        },
        "ukphone": "træns'fɔːm; trɑːns-; -nz-",
        "phrase": {
          "phrases": [
            {
              "pContent": "fourier transform",
              "pCn": "傅里叶变换"
            },
            {
              "pContent": "fast fourier transform",
              "pCn": "快速傅里叶变换"
            },
            {
              "pContent": "transform into",
              "pCn": "转变成"
            },
            {
              "pContent": "discrete cosine transform",
              "pCn": "离散余弦变换"
            },
            {
              "pContent": "fourier transform infrared spectroscopy",
              "pCn": "傅里叶变换红外光谱学"
            },
            {
              "pContent": "laplace transform",
              "pCn": "拉普拉斯变换"
            },
            {
              "pContent": "discrete fourier transform",
              "pCn": "离散傅里叶变换"
            },
            {
              "pContent": "integral transform",
              "pCn": "积分变换；积分转换"
            },
            {
              "pContent": "inverse transform",
              "pCn": "逆变换；反转换"
            },
            {
              "pContent": "hilbert transform",
              "pCn": "希伯特转换；希耳伯特变换；希尔波特滤波器"
            },
            {
              "pContent": "transform coding",
              "pCn": "变换编码；转换编码"
            },
            {
              "pContent": "transform fault",
              "pCn": "转换断层；转形断层"
            },
            {
              "pContent": "free transform",
              "pCn": "自由变形"
            },
            {
              "pContent": "fourier transform hologram",
              "pCn": "傅里叶变换全息图"
            },
            {
              "pContent": "fourier transform spectroscopy",
              "pCn": "傅里叶变换光谱学"
            }
          ],
          "desc": "短语"
        },
        "phone": "træns'fɔ:m, trænz-, trɑ:n-",
        "speech": "transform",
        "remMethod": {
          "val": " trans(越过； 交叉) + form(形状) → 使形状交叉 → 使改观",
          "desc": "记忆"
        },
        "relWord": {
          "rels": [
            {
              "pos": "adj",
              "words": [
                {
                  "hwd": "transformable",
                  "tran": " 可变化的；可变形的；可转化的"
                }
              ]
            },
            {
              "pos": "n",
              "words": [
                {
                  "hwd": "transformation",
                  "tran": " [遗] 转化；转换；改革；变形"
                },
                {
                  "hwd": "transformer",
                  "tran": " [电] 变压器；促使变化的人"
                }
              ]
            }
          ],
          "desc": "同根"
        },
        "trans": [
          {
            "tranCn": "改变(形状性质等)",
            "descOther": "英释",
            "descCn": "中释",
            "pos": "v",
            "tranOther": "to completely change the appearance, form, or character of something or someone, especially in a way that improves it"
          }
        ]
      }
    }
  },
  "bookId": "IELTSluan_2"
}