{
  "wordRank": 1252,
  "headWord": "skim",
  "content": {
    "word": {
      "wordHead": "skim",
      "wordId": "IELTSluan_2_1252",
      "content": {
        "sentence": {
          "sentences": [
            {
              "sContent": "Julie skimmed the sports page.",
              "sCn": "朱莉浏览了体育版。"
            }
          ],
          "desc": "例句"
        },
        "usphone": "skɪm",
        "ukspeech": "skim&type=1",
        "star": 0,
        "usspeech": "skim&type=2",
        "syno": {
          "synos": [
            {
              "pos": "vt",
              "tran": "略读；撇去…的浮物；从…表面飞掠而过；去除；（为逃税而）隐瞒（部分收入）",
              "hwds": [
                {
                  "w": "conceal"
                },
                {
                  "w": "hold back"
                }
              ]
            },
            {
              "pos": "vi",
              "tran": "浏览；掠过",
              "hwds": [
                {
                  "w": "page"
                },
                {
                  "w": "brush"
                }
              ]
            },
            {
              "pos": "adj",
              "tran": "脱脂的；撇去浮沫的；表层的",
              "hwds": [
                {
                  "w": "nonfat"
                },
                {
                  "w": "defatted"
                }
              ]
            }
          ],
          "desc": "同近"
        },
        "ukphone": "skɪm",
        "phrase": {
          "phrases": [
            {
              "pContent": "skim milk",
              "pCn": "脱脂牛奶"
            },
            {
              "pContent": "skim through",
              "pCn": "v. 浏览；掠过；滑过"
            },
            {
              "pContent": "skim over",
              "pCn": "v. 掠过，滑过；浏览"
            },
            {
              "pContent": "skim milk powder",
              "pCn": "脱脂奶粉"
            }
          ],
          "desc": "短语"
        },
        "phone": "skim",
        "speech": "skim",
        "remMethod": {
          "val": " 一眼掠过(skim)， 只见皮(skin)毛",
          "desc": "记忆"
        },
        "relWord": {
          "rels": [
            {
              "pos": "adj",
              "words": [
                {
                  "hwd": "skimmed",
                  "tran": " 脱脂的"
                }
              ]
            },
            {
              "pos": "n",
              "words": [
                {
                  "hwd": "skimming",
                  "tran": " 撇取浮沫；浮渣"
                },
                {
                  "hwd": "skimmer",
                  "tran": " 漏杓；燕鸥类；大略阅读的人；撇去浮沫的器具"
                }
              ]
            },
            {
              "pos": "v",
              "words": [
                {
                  "hwd": "skimming",
                  "tran": " 撇去…的浮物（skim的ing形式）"
                },
                {
                  "hwd": "skimmed",
                  "tran": " 浏览，掠过；去除（skim的过去分词）"
                }
              ]
            }
          ],
          "desc": "同根"
        },
        "trans": [
          {
            "tranCn": "浏览，略读；掠过，抹去",
            "descOther": "英释",
            "descCn": "中释",
            "pos": "v",
            "tranOther": "to remove something from the surface of a liquid, especially floating fat, solids, or oil"
          }
        ]
      }
    }
  },
  "bookId": "IELTSluan_2"
}