{
  "wordRank": 1253,
  "headWord": "insure",
  "content": {
    "word": {
      "wordHead": "insure",
      "wordId": "IELTSluan_2_1253",
      "content": {
        "sentence": {
          "sentences": [
            {
              "sContent": "Have you insured the contents of your home?",
              "sCn": "你给家庭财产投保了吗？"
            }
          ],
          "desc": "例句"
        },
        "usphone": "ɪn'ʃʊr",
        "syno": {
          "synos": [
            {
              "pos": "vt",
              "tran": "确保，保证；给…保险",
              "hwds": [
                {
                  "w": "undertake"
                },
                {
                  "w": "assure"
                }
              ]
            },
            {
              "pos": "vi",
              "tran": "确保；投保",
              "hwds": [
                {
                  "w": "to ensure"
                },
                {
                  "w": "snake stare"
                }
              ]
            }
          ],
          "desc": "同近"
        },
        "ukphone": "ɪn'ʃɔː; ɪn'ʃʊə",
        "ukspeech": "insure&type=1",
        "star": 0,
        "phrase": {
          "phrases": [
            {
              "pContent": "insure against",
              "pCn": "v. 给……保险以防"
            }
          ],
          "desc": "短语"
        },
        "phone": "in'ʃuə",
        "speech": "insure",
        "relWord": {
          "rels": [
            {
              "pos": "adj",
              "words": [
                {
                  "hwd": "insured",
                  "tran": " 已投保的"
                },
                {
                  "hwd": "insurable",
                  "tran": " 可保险的，适合保险的"
                }
              ]
            },
            {
              "pos": "n",
              "words": [
                {
                  "hwd": "insurance",
                  "tran": " 保险；保险费；保险契约；赔偿金"
                },
                {
                  "hwd": "insured",
                  "tran": " 被保险人"
                },
                {
                  "hwd": "insurer",
                  "tran": " 保险公司；承保人"
                },
                {
                  "hwd": "insurability",
                  "tran": " [保险] 可保险性"
                }
              ]
            },
            {
              "pos": "v",
              "words": [
                {
                  "hwd": "insured",
                  "tran": " 确保；给…保险（insure的过去式和过去分词）"
                }
              ]
            }
          ],
          "desc": "同根"
        },
        "usspeech": "insure&type=2",
        "trans": [
          {
            "tranCn": "给…保险",
            "descOther": "英释",
            "descCn": "中释",
            "pos": "v",
            "tranOther": "to buy insurance so that you will receive money if something bad happens to you, your family, your possessions etc"
          }
        ]
      }
    }
  },
  "bookId": "IELTSluan_2"
}