{
  "wordRank": 1254,
  "headWord": "debris",
  "content": {
    "word": {
      "wordHead": "debris",
      "wordId": "IELTSluan_2_1254",
      "content": {
        "sentence": {
          "sentences": [
            {
              "sContent": "She was hit by flying debris from the blast.",
              "sCn": "她被爆炸产生的飞散碎片击中。"
            }
          ],
          "desc": "例句"
        },
        "usphone": "də'bri",
        "syno": {
          "synos": [
            {
              "pos": "n",
              "tran": "碎片，残骸",
              "hwds": [
                {
                  "w": "remain"
                },
                {
                  "w": "chip"
                }
              ]
            }
          ],
          "desc": "同近"
        },
        "ukphone": "'debriː; 'deɪbriː",
        "ukspeech": "debris&type=1",
        "star": 0,
        "phrase": {
          "phrases": [
            {
              "pContent": "debris flow",
              "pCn": "泥石流"
            },
            {
              "pContent": "wear debris",
              "pCn": "磨屑；磨损产物"
            },
            {
              "pContent": "rock debris",
              "pCn": "岩屑"
            },
            {
              "pContent": "falling debris",
              "pCn": "坠落的残骸、碎片"
            },
            {
              "pContent": "cell debris",
              "pCn": "细胞碎片，细胞残骸"
            }
          ],
          "desc": "短语"
        },
        "phone": "'deibri:",
        "speech": "debris",
        "remMethod": {
          "val": " “堆玻璃” → 一堆碎玻璃 → 碎屑， 残骸",
          "desc": "记忆"
        },
        "usspeech": "debris&type=2",
        "trans": [
          {
            "tranCn": "碎片，瓦砾堆",
            "descOther": "英释",
            "descCn": "中释",
            "pos": "n",
            "tranOther": "the pieces of something that are left after it has been destroyed in an accident, explosion etc"
          }
        ]
      }
    }
  },
  "bookId": "IELTSluan_2"
}