{
  "wordRank": 1255,
  "headWord": "hemisphere",
  "content": {
    "word": {
      "wordHead": "hemisphere",
      "wordId": "IELTSluan_2_1255",
      "content": {
        "sentence": {
          "sentences": [
            {
              "sContent": "the Northern hemisphere",
              "sCn": "北半球"
            }
          ],
          "desc": "例句"
        },
        "usphone": "'hɛmɪsfɪr",
        "ukspeech": "hemisphere&type=1",
        "star": 0,
        "usspeech": "hemisphere&type=2",
        "syno": {
          "synos": [
            {
              "pos": "n",
              "tran": "[天]半球",
              "hwds": [
                {
                  "w": "semisphere"
                }
              ]
            }
          ],
          "desc": "同近"
        },
        "ukphone": "'hemɪsfɪə",
        "phrase": {
          "phrases": [
            {
              "pContent": "northern hemisphere",
              "pCn": "北半球"
            },
            {
              "pContent": "southern hemisphere",
              "pCn": "南半球"
            },
            {
              "pContent": "western hemisphere",
              "pCn": "西半球"
            },
            {
              "pContent": "cerebral hemisphere",
              "pCn": "大脑半球"
            },
            {
              "pContent": "eastern hemisphere",
              "pCn": "东半球"
            }
          ],
          "desc": "短语"
        },
        "phone": "'hemi,sfiə",
        "speech": "hemisphere",
        "remMethod": {
          "val": " hemi(半) + spher(球) + e → 半球",
          "desc": "记忆"
        },
        "relWord": {
          "rels": [
            {
              "pos": "adj",
              "words": [
                {
                  "hwd": "hemispherical",
                  "tran": " 半球的；半球状的"
                },
                {
                  "hwd": "hemispheric",
                  "tran": " 半球的，半球形状的"
                }
              ]
            }
          ],
          "desc": "同根"
        },
        "trans": [
          {
            "tranCn": "半球，(地球的)半球",
            "descOther": "英释",
            "descCn": "中释",
            "pos": "n",
            "tranOther": "a half of the Earth, especially one of the halves above and below the  equator "
          }
        ]
      }
    }
  },
  "bookId": "IELTSluan_2"
}