{
  "wordRank": 1256,
  "headWord": "dominant",
  "content": {
    "word": {
      "wordHead": "dominant",
      "wordId": "IELTSluan_2_1256",
      "content": {
        "sentence": {
          "sentences": [
            {
              "sContent": "...a change which would maintain his party's dominant position in Scotland.",
              "sCn": "…巩固他的政党在苏格兰支配地位的一场变革。"
            }
          ],
          "desc": "例句"
        },
        "usphone": "'dɑmɪnənt",
        "ukspeech": "dominant&type=1",
        "star": 0,
        "usspeech": "dominant&type=2",
        "syno": {
          "synos": [
            {
              "pos": "adj",
              "tran": "显性的；[生物]占优势的；[数]支配的，统治的",
              "hwds": [
                {
                  "w": "ruling"
                },
                {
                  "w": "predominant"
                }
              ]
            }
          ],
          "desc": "同近"
        },
        "ukphone": "'dɒmɪnənt",
        "phrase": {
          "phrases": [
            {
              "pContent": "dominant role",
              "pCn": "主要角色"
            },
            {
              "pContent": "dominant effect",
              "pCn": "显性效应；显性效果"
            },
            {
              "pContent": "diagonally dominant",
              "pCn": "对角占优；对角优势的"
            },
            {
              "pContent": "dominant mode",
              "pCn": "主要模型；振荡基型；波基型；振荡"
            },
            {
              "pContent": "dominant frequency",
              "pCn": "优势频率，主频率"
            },
            {
              "pContent": "dominant gene",
              "pCn": "显性基因"
            },
            {
              "pContent": "dominant culture",
              "pCn": "主流文化；主文化；主导文化"
            },
            {
              "pContent": "autosomal dominant inheritance",
              "pCn": "常染色体显性遗传"
            },
            {
              "pContent": "diagonally dominant matrix",
              "pCn": "对角主导矩阵"
            },
            {
              "pContent": "dominant hue",
              "pCn": "主色调， 支配彩色"
            },
            {
              "pContent": "dominant character",
              "pCn": "优势遗传性质，主宰形质；显性性状"
            },
            {
              "pContent": "dominant strategy",
              "pCn": "优势策略；占优战略"
            },
            {
              "pContent": "dominant wavelength",
              "pCn": "[光学]主波长；支配彩色的波长"
            },
            {
              "pContent": "dominant hand",
              "pCn": "优势手"
            },
            {
              "pContent": "dominant pole",
              "pCn": "主极点；主导极点"
            }
          ],
          "desc": "短语"
        },
        "phone": "'dɔminənt",
        "speech": "dominant",
        "remMethod": {
          "val": " domin(统治) + ant → 统治的",
          "desc": "记忆"
        },
        "relWord": {
          "rels": [
            {
              "pos": "adj",
              "words": [
                {
                  "hwd": "dominated",
                  "tran": " 占主导地位的；强势的；占统治地位的；[数] 受控的"
                },
                {
                  "hwd": "dominating",
                  "tran": " 主要的；独裁的；专横的"
                }
              ]
            },
            {
              "pos": "n",
              "words": [
                {
                  "hwd": "dominance",
                  "tran": " 优势；统治；支配"
                },
                {
                  "hwd": "domination",
                  "tran": " 控制；支配"
                }
              ]
            },
            {
              "pos": "v",
              "words": [
                {
                  "hwd": "dominated",
                  "tran": " 控制，支配；处于支配地位（dominate的过去式）"
                },
                {
                  "hwd": "dominating",
                  "tran": " 支配；统治（dominate的ing形式）"
                }
              ]
            },
            {
              "pos": "vi",
              "words": [
                {
                  "hwd": "dominate",
                  "tran": " 占优势；处于支配地位"
                }
              ]
            },
            {
              "pos": "vt",
              "words": [
                {
                  "hwd": "dominate",
                  "tran": " 控制；支配；占优势；在…中占主要地位"
                }
              ]
            }
          ],
          "desc": "同根"
        },
        "trans": [
          {
            "tranCn": "支配的，统治的",
            "descOther": "英释",
            "descCn": "中释",
            "pos": "adj",
            "tranOther": "Someone or something that is dominant is more powerful, successful, influential, or noticeable than other people or things"
          }
        ]
      }
    }
  },
  "bookId": "IELTSluan_2"
}