{
  "wordRank": 1257,
  "headWord": "antonym",
  "content": {
    "word": {
      "wordHead": "antonym",
      "wordId": "IELTSluan_2_1257",
      "content": {
        "sentence": {
          "sentences": [
            {
              "sContent": "a dictionary of synonyms and antonyms",
              "sCn": "同义词和反义词词典"
            }
          ],
          "desc": "例句"
        },
        "usphone": "'æntənɪm",
        "syno": {
          "synos": [
            {
              "pos": "n",
              "tran": "[语]反义词",
              "hwds": [
                {
                  "w": "opposite"
                }
              ]
            }
          ],
          "desc": "同近"
        },
        "ukphone": "'æntənɪm",
        "ukspeech": "antonym&type=1",
        "star": 0,
        "phone": "'æntəunim",
        "speech": "antonym",
        "relWord": {
          "rels": [
            {
              "pos": "adj",
              "words": [
                {
                  "hwd": "antonymous",
                  "tran": " [语] 反义的"
                }
              ]
            },
            {
              "pos": "n",
              "words": [
                {
                  "hwd": "antonymy",
                  "tran": " 反义词组；反义现象"
                }
              ]
            }
          ],
          "desc": "同根"
        },
        "usspeech": "antonym&type=2",
        "trans": [
          {
            "tranCn": "反义词",
            "descOther": "英释",
            "descCn": "中释",
            "pos": "n",
            "tranOther": "a word that means the opposite of another word"
          }
        ]
      }
    }
  },
  "bookId": "IELTSluan_2"
}