{
  "wordRank": 1258,
  "headWord": "emerge",
  "content": {
    "word": {
      "wordHead": "emerge",
      "wordId": "IELTSluan_2_1258",
      "content": {
        "sentence": {
          "sentences": [
            {
              "sContent": "The flowers emerge in the spring.",
              "sCn": "花儿在春天开放。"
            }
          ],
          "desc": "例句"
        },
        "usphone": "ɪ'mɝdʒ",
        "ukspeech": "emerge&type=1",
        "star": 0,
        "usspeech": "emerge&type=2",
        "syno": {
          "synos": [
            {
              "pos": "vi",
              "tran": "浮现；摆脱；暴露",
              "hwds": [
                {
                  "w": "ray"
                },
                {
                  "w": "cast off"
                }
              ]
            }
          ],
          "desc": "同近"
        },
        "ukphone": "ɪ'mɜːdʒ",
        "phrase": {
          "phrases": [
            {
              "pContent": "emerge from",
              "pCn": "自…出现；从…显露出来"
            },
            {
              "pContent": "emerge in endlessly",
              "pCn": "层出不穷"
            }
          ],
          "desc": "短语"
        },
        "phone": "i'mə:dʒ",
        "speech": "emerge",
        "remMethod": {
          "val": " e(出) + merg(浸没) + e → 从浸没物之中出来 → 显露",
          "desc": "记忆"
        },
        "relWord": {
          "rels": [
            {
              "pos": "adj",
              "words": [
                {
                  "hwd": "emerging",
                  "tran": " 新兴的；出现的；形成的"
                },
                {
                  "hwd": "emergent",
                  "tran": " 紧急的；浮现的；意外的；自然发生的"
                }
              ]
            },
            {
              "pos": "n",
              "words": [
                {
                  "hwd": "emergence",
                  "tran": " 出现，浮现；发生；露头"
                }
              ]
            },
            {
              "pos": "v",
              "words": [
                {
                  "hwd": "emerging",
                  "tran": " 形成；浮现；显露（emerge的ing形式）；由…中脱出"
                }
              ]
            }
          ],
          "desc": "同根"
        },
        "trans": [
          {
            "tranCn": "出现，浮现，暴露",
            "descOther": "英释",
            "descCn": "中释",
            "pos": "v",
            "tranOther": "to appear or come out from somewhere"
          }
        ]
      }
    }
  },
  "bookId": "IELTSluan_2"
}