{
  "wordRank": 1259,
  "headWord": "squeeze",
  "content": {
    "word": {
      "wordHead": "squeeze",
      "wordId": "IELTSluan_2_1259",
      "content": {
        "sentence": {
          "sentences": [
            {
              "sContent": "She smiled as he squeezed her hand.",
              "sCn": "他捏了捏她的手，她笑了。"
            },
            {
              "sContent": "He squeezed the trigger, but nothing happened.",
              "sCn": "他扣动扳机，但没有反应。"
            }
          ],
          "desc": "例句"
        },
        "usphone": "skwiz",
        "ukspeech": "squeeze&type=1",
        "star": 0,
        "usspeech": "squeeze&type=2",
        "syno": {
          "synos": [
            {
              "pos": "vt",
              "tran": "挤；紧握；勒索",
              "hwds": [
                {
                  "w": "force one's way"
                },
                {
                  "w": "thread one's way"
                }
              ]
            },
            {
              "pos": "n",
              "tran": "压榨；紧握；拥挤；佣金",
              "hwds": [
                {
                  "w": "compression"
                },
                {
                  "w": "commission"
                },
                {
                  "w": "purchase"
                }
              ]
            }
          ],
          "desc": "同近"
        },
        "ukphone": "skwiːz",
        "phrase": {
          "phrases": [
            {
              "pContent": "squeeze casting",
              "pCn": "模压铸造，压挤铸造"
            },
            {
              "pContent": "squeeze out",
              "pCn": "挤出；榨出；排出"
            },
            {
              "pContent": "credit squeeze",
              "pCn": "贷款紧缩，银根紧缩"
            },
            {
              "pContent": "squeeze in",
              "pCn": "榨出，挤出；挤进去"
            },
            {
              "pContent": "squeeze into",
              "pCn": "挤入…；硬塞进…"
            },
            {
              "pContent": "put the squeeze on",
              "pCn": "对…施加压力"
            },
            {
              "pContent": "tight squeeze",
              "pCn": "n. 处境困难；极度拥挤；狭道"
            },
            {
              "pContent": "squeeze through",
              "pCn": "挤过；勉强通过"
            },
            {
              "pContent": "liquidity squeeze",
              "pCn": "头寸紧张；流动性短缺"
            },
            {
              "pContent": "squeeze head",
              "pCn": "压头；压板"
            }
          ],
          "desc": "短语"
        },
        "phone": "skwi:z",
        "speech": "squeeze",
        "remMethod": {
          "val": " s + quee(看作queen， 女王) + ze → 想与女王握手的人很多 → 挤入， 挤过",
          "desc": "记忆"
        },
        "relWord": {
          "rels": [
            {
              "pos": "adj",
              "words": [
                {
                  "hwd": "squeezing",
                  "tran": " 挤压的；压榨的"
                },
                {
                  "hwd": "squeezable",
                  "tran": " 可压缩的；可压榨的"
                }
              ]
            },
            {
              "pos": "n",
              "words": [
                {
                  "hwd": "squeezing",
                  "tran": " 压榨；推挤；挤出酌；轧水"
                },
                {
                  "hwd": "squeezer",
                  "tran": " 压榨机；压榨者；压铆机；榨汁器；[纺] 轧水机"
                }
              ]
            },
            {
              "pos": "v",
              "words": [
                {
                  "hwd": "squeezing",
                  "tran": " 挤压；握住；硬塞进；紧抱；敲诈（squeeze的ing形式）"
                }
              ]
            }
          ],
          "desc": "同根"
        },
        "trans": [
          {
            "tranCn": "榨，挤",
            "descOther": "英释",
            "descCn": "中释",
            "pos": "vt&vi",
            "tranOther": "to press something firmly together with your fingers or hand"
          }
        ]
      }
    }
  },
  "bookId": "IELTSluan_2"
}