{
  "wordRank": 126,
  "headWord": "fret",
  "content": {
    "word": {
      "wordHead": "fret",
      "wordId": "IELTSluan_2_126",
      "content": {
        "sentence": {
          "sentences": [
            {
              "sContent": "Don’t fret – everything will be all right.",
              "sCn": "别担心——一切都会好的。"
            }
          ],
          "desc": "例句"
        },
        "usphone": "frɛt",
        "syno": {
          "synos": [
            {
              "pos": "vt",
              "tran": "使烦恼；焦急；使磨损",
              "hwds": [
                {
                  "w": "trouble"
                },
                {
                  "w": "irk"
                }
              ]
            },
            {
              "pos": "vi",
              "tran": "烦恼；焦急；磨损",
              "hwds": [
                {
                  "w": "trouble"
                },
                {
                  "w": "worry"
                }
              ]
            },
            {
              "pos": "n",
              "tran": "烦躁；焦急；磨损",
              "hwds": [
                {
                  "w": "anxiousness"
                },
                {
                  "w": "wear and tear"
                }
              ]
            }
          ],
          "desc": "同近"
        },
        "ukphone": "fret",
        "ukspeech": "fret&type=1",
        "star": 0,
        "phrase": {
          "phrases": [
            {
              "pContent": "fret over",
              "pCn": "为…着急"
            }
          ],
          "desc": "短语"
        },
        "phone": "fret",
        "speech": "fret",
        "relWord": {
          "rels": [
            {
              "pos": "adj",
              "words": [
                {
                  "hwd": "fretful",
                  "tran": " 焦躁的；烦燥的；起波纹的"
                },
                {
                  "hwd": "fretted",
                  "tran": " 焦躁的；腐蚀的；附有弦马的"
                }
              ]
            },
            {
              "pos": "adv",
              "words": [
                {
                  "hwd": "fretfully",
                  "tran": " 焦急地；焦躁地"
                }
              ]
            },
            {
              "pos": "n",
              "words": [
                {
                  "hwd": "fretfulness",
                  "tran": " 焦躁"
                }
              ]
            },
            {
              "pos": "v",
              "words": [
                {
                  "hwd": "fretted",
                  "tran": " 烦躁；侵蚀；耗损（fret的过去分词）"
                }
              ]
            }
          ],
          "desc": "同根"
        },
        "usspeech": "fret&type=2",
        "trans": [
          {
            "tranCn": "烦恼，侵蚀",
            "descOther": "英释",
            "descCn": "中释",
            "pos": "v&n",
            "tranOther": "to worry about something, especially when there is no need"
          }
        ]
      }
    }
  },
  "bookId": "IELTSluan_2"
}