{
  "wordRank": 1260,
  "headWord": "nicety",
  "content": {
    "word": {
      "wordHead": "nicety",
      "wordId": "IELTSluan_2_1260",
      "content": {
        "sentence": {
          "sentences": [
            {
              "sContent": "social niceties",
              "sCn": "社交上的细节"
            },
            {
              "sContent": "legal niceties",
              "sCn": "法律细节"
            }
          ],
          "desc": "例句"
        },
        "usphone": "'naɪsəti",
        "syno": {
          "synos": [
            {
              "pos": "n",
              "tran": "精密；美好；细节；拘泥细节",
              "hwds": [
                {
                  "w": "detail"
                },
                {
                  "w": "fairness"
                },
                {
                  "w": "specific"
                }
              ]
            }
          ],
          "desc": "同近"
        },
        "ukphone": "'naɪsɪtɪ",
        "ukspeech": "nicety&type=1",
        "star": 0,
        "phrase": {
          "phrases": [
            {
              "pContent": "to a nicety",
              "pCn": "恰到好处地；精确地"
            }
          ],
          "desc": "短语"
        },
        "phone": "'naisiti",
        "speech": "nicety",
        "relWord": {
          "rels": [
            {
              "pos": "adj",
              "words": [
                {
                  "hwd": "nice",
                  "tran": " 精密的；美好的；细微的；和蔼的"
                }
              ]
            },
            {
              "pos": "n",
              "words": [
                {
                  "hwd": "niceness",
                  "tran": " 美好的事物；讲究；精密"
                }
              ]
            }
          ],
          "desc": "同根"
        },
        "usspeech": "nicety&type=2",
        "trans": [
          {
            "tranCn": "细微的区别及差异",
            "descOther": "英释",
            "descCn": "中释",
            "pos": "n",
            "tranOther": "a small detail or point of difference, especially one that is usually considered to be part of the correct way of doing something"
          }
        ]
      }
    }
  },
  "bookId": "IELTSluan_2"
}