{
  "wordRank": 1261,
  "headWord": "role",
  "content": {
    "word": {
      "wordHead": "role",
      "wordId": "IELTSluan_2_1261",
      "content": {
        "sentence": {
          "sentences": [
            {
              "sContent": "She has just landed the lead role in their latest production.",
              "sCn": "她刚在他们最新的作品中取得了主角。"
            }
          ],
          "desc": "例句"
        },
        "usphone": "rol",
        "syno": {
          "synos": [
            {
              "pos": "n",
              "tran": "角色；任务",
              "hwds": [
                {
                  "w": "workers"
                },
                {
                  "w": "mission"
                },
                {
                  "w": "part"
                },
                {
                  "w": "assignment"
                },
                {
                  "w": "character"
                }
              ]
            }
          ],
          "desc": "同近"
        },
        "ukphone": "rəʊl",
        "ukspeech": "role&type=1",
        "star": 0,
        "phrase": {
          "phrases": [
            {
              "pContent": "role of",
              "pCn": "……的角色"
            },
            {
              "pContent": "play an important role",
              "pCn": "起到重要作用"
            },
            {
              "pContent": "leading role",
              "pCn": "主导作用；主导地位"
            },
            {
              "pContent": "active role",
              "pCn": "积极任务；活跃角色"
            },
            {
              "pContent": "play a role",
              "pCn": "发挥作用；扮演一个角色"
            },
            {
              "pContent": "play a role in",
              "pCn": "在……起作用"
            },
            {
              "pContent": "play the role",
              "pCn": "扮演角色"
            },
            {
              "pContent": "play the role of",
              "pCn": "v. 担任…角色"
            },
            {
              "pContent": "role model",
              "pCn": "n. 行为榜样；角色模特"
            },
            {
              "pContent": "pivotal role",
              "pCn": "关键作用；要害作用"
            },
            {
              "pContent": "dominant role",
              "pCn": "主要角色"
            },
            {
              "pContent": "supporting role",
              "pCn": "n. 配角"
            },
            {
              "pContent": "social role",
              "pCn": "社会角色"
            },
            {
              "pContent": "role play",
              "pCn": "角色游戏"
            },
            {
              "pContent": "role playing",
              "pCn": "扮演角色"
            },
            {
              "pContent": "dual role",
              "pCn": "双重角色"
            },
            {
              "pContent": "gender role",
              "pCn": "性别角色"
            },
            {
              "pContent": "play the leading role",
              "pCn": "起主要作用， 起带头作用"
            },
            {
              "pContent": "role conflict",
              "pCn": "角色冲突"
            },
            {
              "pContent": "sex role",
              "pCn": "性别角色"
            }
          ],
          "desc": "短语"
        },
        "phone": "rəul",
        "speech": "role",
        "usspeech": "role&type=2",
        "trans": [
          {
            "tranCn": "角色，任务",
            "descOther": "英释",
            "descCn": "中释",
            "pos": "n",
            "tranOther": "the character played by an actor in a play or film"
          }
        ]
      }
    }
  },
  "bookId": "IELTSluan_2"
}