{
  "wordRank": 1262,
  "headWord": "remind",
  "content": {
    "word": {
      "wordHead": "remind",
      "wordId": "IELTSluan_2_1262",
      "content": {
        "sentence": {
          "sentences": [
            {
              "sContent": "Yes, I’ll be there. Thanks for reminding me.",
              "sCn": "是的，我会去那里的。 谢谢提醒。"
            },
            {
              "sContent": "He made a few notes to remind himself of what he wanted to say.",
              "sCn": "他记了几条，提醒自己要说些什么。"
            }
          ],
          "desc": "例句"
        },
        "usphone": "rɪ'maɪnd",
        "ukspeech": "remind&type=1",
        "star": 0,
        "usspeech": "remind&type=2",
        "syno": {
          "synos": [
            {
              "pos": "vt",
              "tran": "提醒；使想起",
              "hwds": [
                {
                  "w": "jack"
                },
                {
                  "w": "put in mind"
                }
              ]
            }
          ],
          "desc": "同近"
        },
        "ukphone": "rɪ'maɪnd",
        "phrase": {
          "phrases": [
            {
              "pContent": "remind of",
              "pCn": "提醒；使记起；使回想起"
            },
            {
              "pContent": "that reminds me",
              "pCn": "[用来转换话题]我想起来了"
            }
          ],
          "desc": "短语"
        },
        "phone": "ri'maind",
        "speech": "remind",
        "remMethod": {
          "val": " re(又， 再) + mind(注意) → 使再次注意 → 提醒",
          "desc": "记忆"
        },
        "relWord": {
          "rels": [
            {
              "pos": "adj",
              "words": [
                {
                  "hwd": "remindful",
                  "tran": " 提醒的；留意的"
                }
              ]
            },
            {
              "pos": "n",
              "words": [
                {
                  "hwd": "reminder",
                  "tran": " 暗示；提醒的人/物；催单"
                }
              ]
            }
          ],
          "desc": "同根"
        },
        "trans": [
          {
            "tranCn": "提醒",
            "descOther": "英释",
            "descCn": "中释",
            "pos": "v",
            "tranOther": "to make someone remember something that they must do"
          }
        ]
      }
    }
  },
  "bookId": "IELTSluan_2"
}