{
  "wordRank": 1263,
  "headWord": "torture",
  "content": {
    "word": {
      "wordHead": "torture",
      "wordId": "IELTSluan_2_1263",
      "content": {
        "sentence": {
          "sentences": [
            {
              "sContent": "He died after five days of excruciating torture.",
              "sCn": "遭受了五天的严刑拷打之后，他死了。"
            }
          ],
          "desc": "例句"
        },
        "usphone": "'tɔrtʃɚ",
        "syno": {
          "synos": [
            {
              "pos": "vt",
              "tran": "折磨；拷问；歪曲",
              "hwds": [
                {
                  "w": "harry"
                },
                {
                  "w": "colour"
                },
                {
                  "w": "worry"
                },
                {
                  "w": "trouble"
                },
                {
                  "w": "tear"
                }
              ]
            },
            {
              "pos": "n",
              "tran": "折磨；拷问；歪曲",
              "hwds": [
                {
                  "w": "violence"
                },
                {
                  "w": "ordeal"
                }
              ]
            }
          ],
          "desc": "同近"
        },
        "ukphone": "'tɔːtʃə",
        "ukspeech": "torture&type=1",
        "star": 0,
        "phone": "'tɔ:tʃə",
        "speech": "torture",
        "relWord": {
          "rels": [
            {
              "pos": "adj",
              "words": [
                {
                  "hwd": "torturous",
                  "tran": " 折磨人的，痛苦的"
                }
              ]
            },
            {
              "pos": "n",
              "words": [
                {
                  "hwd": "torturer",
                  "tran": " 虐待者，拷问者"
                }
              ]
            }
          ],
          "desc": "同根"
        },
        "usspeech": "torture&type=2",
        "trans": [
          {
            "tranCn": "拷打，折磨，使受剧烈痛苦",
            "descOther": "英释",
            "descCn": "中释",
            "pos": "vt&n",
            "tranOther": "an act of deliberately hurting someone in order to force them to tell you something, to punish them, or to be cruel"
          }
        ]
      }
    }
  },
  "bookId": "IELTSluan_2"
}