{
  "wordRank": 1264,
  "headWord": "condense",
  "content": {
    "word": {
      "wordHead": "condense",
      "wordId": "IELTSluan_2_1264",
      "content": {
        "sentence": {
          "sentences": [
            {
              "sContent": "the mist which condensed on every cold surface",
              "sCn": "每个冰冷的表面上凝结的水汽"
            }
          ],
          "desc": "例句"
        },
        "usphone": "kən'dɛns",
        "ukspeech": "condense&type=1",
        "star": 0,
        "usspeech": "condense&type=2",
        "syno": {
          "synos": [
            {
              "pos": "vi",
              "tran": "浓缩；凝结",
              "hwds": [
                {
                  "w": "concentrate"
                },
                {
                  "w": "to freeze"
                }
              ]
            },
            {
              "pos": "vt",
              "tran": "使浓缩；使压缩",
              "hwds": [
                {
                  "w": "dewater"
                },
                {
                  "w": "inspissate"
                }
              ]
            }
          ],
          "desc": "同近"
        },
        "ukphone": "kən'dens",
        "phrase": {
          "phrases": [
            {
              "pContent": "condense into",
              "pCn": "把…缩短；把…压缩"
            }
          ],
          "desc": "短语"
        },
        "phone": "kən'dens",
        "speech": "condense",
        "remMethod": {
          "val": " con + dense(密集的) → 变得密集的 → (使)压缩",
          "desc": "记忆"
        },
        "relWord": {
          "rels": [
            {
              "pos": "adj",
              "words": [
                {
                  "hwd": "condensate",
                  "tran": " 浓缩的"
                }
              ]
            },
            {
              "pos": "n",
              "words": [
                {
                  "hwd": "condensation",
                  "tran": " 冷凝；凝结；压缩"
                },
                {
                  "hwd": "condenser",
                  "tran": " 冷凝器；[电] 电容器；[光] 聚光器"
                },
                {
                  "hwd": "condensate",
                  "tran": " 冷凝物；浓缩物"
                },
                {
                  "hwd": "condensing",
                  "tran": " 冷凝"
                }
              ]
            },
            {
              "pos": "v",
              "words": [
                {
                  "hwd": "condensing",
                  "tran": " 冷凝；压缩（condense的ing形式）"
                }
              ]
            }
          ],
          "desc": "同根"
        },
        "trans": [
          {
            "tranCn": "浓缩；冷凝；精简",
            "descOther": "英释",
            "descCn": "中释",
            "pos": "v",
            "tranOther": "if a gas condenses, or is condensed, it becomes a liquid"
          }
        ]
      }
    }
  },
  "bookId": "IELTSluan_2"
}