{
  "wordRank": 1265,
  "headWord": "exclusively",
  "content": {
    "word": {
      "wordHead": "exclusively",
      "wordId": "IELTSluan_2_1265",
      "content": {
        "sentence": {
          "sentences": [
            {
              "sContent": "...an exclusively male domain.",
              "sCn": "…一个由男性独占的领域。"
            }
          ],
          "desc": "例句"
        },
        "usphone": "ɪk'sklʊsɪvli",
        "syno": {
          "synos": [
            {
              "pos": "adv",
              "tran": "唯一地；专有地；排外地",
              "hwds": [
                {
                  "w": "solely"
                }
              ]
            }
          ],
          "desc": "同近"
        },
        "ukphone": "ɪk'skluːsɪvlɪ",
        "ukspeech": "exclusively&type=1",
        "star": 0,
        "phone": "ik'sklu:sivli",
        "speech": "exclusively",
        "relWord": {
          "rels": [
            {
              "pos": "adj",
              "words": [
                {
                  "hwd": "exclusive",
                  "tran": " 独有的；排外的；专一的"
                }
              ]
            },
            {
              "pos": "n",
              "words": [
                {
                  "hwd": "exclusive",
                  "tran": " 独家新闻；独家经营的项目；排外者"
                },
                {
                  "hwd": "exclusion",
                  "tran": " 排除；排斥；驱逐；被排除在外的事物"
                },
                {
                  "hwd": "exclusiveness",
                  "tran": " 排他性；排外性；独占"
                }
              ]
            },
            {
              "pos": "vt",
              "words": [
                {
                  "hwd": "exclude",
                  "tran": " 排除；排斥；拒绝接纳；逐出"
                }
              ]
            }
          ],
          "desc": "同根"
        },
        "usspeech": "exclusively&type=2",
        "trans": [
          {
            "tranCn": "专门地，排除其他地",
            "descOther": "英释",
            "descCn": "中释",
            "pos": "adv",
            "tranOther": "Exclusively is used to refer to situations or activities that involve only the thing or things mentioned, and nothing else"
          }
        ]
      }
    }
  },
  "bookId": "IELTSluan_2"
}