{
  "wordRank": 1266,
  "headWord": "integral",
  "content": {
    "word": {
      "wordHead": "integral",
      "wordId": "IELTSluan_2_1266",
      "content": {
        "sentence": {
          "sentences": [
            {
              "sContent": "Vegetables are an integral part of our diet.",
              "sCn": "蔬菜是我们膳食中不可缺少的一部分。"
            }
          ],
          "desc": "例句"
        },
        "usphone": "'ɪntɪɡrəl",
        "syno": {
          "synos": [
            {
              "pos": "adj",
              "tran": "[数]积分的；完整的，整体的",
              "hwds": [
                {
                  "w": "whole"
                },
                {
                  "w": "complete"
                },
                {
                  "w": "full"
                },
                {
                  "w": "intact"
                }
              ]
            },
            {
              "pos": "n",
              "tran": "[数]积分；部分；完整",
              "hwds": [
                {
                  "w": "proportion"
                },
                {
                  "w": "part"
                },
                {
                  "w": "portion"
                },
                {
                  "w": "percent"
                },
                {
                  "w": "fraction"
                }
              ]
            }
          ],
          "desc": "同近"
        },
        "ukphone": "ˈɪntɪɡrəl",
        "ukspeech": "integral&type=1",
        "star": 0,
        "phrase": {
          "phrases": [
            {
              "pContent": "integral part",
              "pCn": "积分部分；整数部份；主要的部分"
            },
            {
              "pContent": "integral equation",
              "pCn": "积分方程"
            },
            {
              "pContent": "integral method",
              "pCn": "积分法"
            },
            {
              "pContent": "integral structure",
              "pCn": "整体结构"
            },
            {
              "pContent": "definite integral",
              "pCn": "定积分"
            },
            {
              "pContent": "integral calculus",
              "pCn": "积分学"
            },
            {
              "pContent": "singular integral",
              "pCn": "奇异积分，奇解"
            },
            {
              "pContent": "integral transform",
              "pCn": "积分变换；积分转换"
            },
            {
              "pContent": "integral solution",
              "pCn": "整数解"
            },
            {
              "pContent": "integral type",
              "pCn": "整体式；整型；整数类"
            },
            {
              "pContent": "surface integral",
              "pCn": "面积分；球面积分"
            },
            {
              "pContent": "double integral",
              "pCn": "二重积分"
            },
            {
              "pContent": "indefinite integral",
              "pCn": "不定积分"
            },
            {
              "pContent": "integral transformation",
              "pCn": "积分变换"
            },
            {
              "pContent": "convolution integral",
              "pCn": "卷积积分；褶合积分"
            },
            {
              "pContent": "integral control",
              "pCn": "积分控制；整体控制；积分动棕制"
            },
            {
              "pContent": "integral time",
              "pCn": "积分时间"
            },
            {
              "pContent": "triple integral",
              "pCn": "三重积分"
            },
            {
              "pContent": "multiple integral",
              "pCn": "多重积分"
            },
            {
              "pContent": "integral value",
              "pCn": "整数值"
            }
          ],
          "desc": "短语"
        },
        "speech": "integral",
        "remMethod": {
          "val": " in(不) + tegr(触摸) + al → 未被触摸的 → 完整的， 完备的",
          "desc": "记忆"
        },
        "relWord": {
          "rels": [
            {
              "pos": "adj",
              "words": [
                {
                  "hwd": "integrate",
                  "tran": " 整合的；完全的"
                },
                {
                  "hwd": "integrated",
                  "tran": " 综合的；完整的；互相协调的"
                }
              ]
            },
            {
              "pos": "adv",
              "words": [
                {
                  "hwd": "integrally",
                  "tran": " 完整地，整体地；固有地"
                }
              ]
            },
            {
              "pos": "n",
              "words": [
                {
                  "hwd": "integrity",
                  "tran": " 完整；正直；诚实；廉正"
                },
                {
                  "hwd": "integrate",
                  "tran": " 一体化；集成体"
                },
                {
                  "hwd": "integer",
                  "tran": " [数] 整数；整体；完整的事物"
                },
                {
                  "hwd": "integrator",
                  "tran": " [自] 积分器；[电子] 积分电路；整合之人"
                },
                {
                  "hwd": "integrality",
                  "tran": " 完整性；不可欠缺"
                }
              ]
            },
            {
              "pos": "v",
              "words": [
                {
                  "hwd": "integrated",
                  "tran": " 整合；使…成整体（integrate的过去分词）"
                }
              ]
            },
            {
              "pos": "vi",
              "words": [
                {
                  "hwd": "integrate",
                  "tran": " 求积分；取消隔离；成为一体"
                }
              ]
            },
            {
              "pos": "vt",
              "words": [
                {
                  "hwd": "integrate",
                  "tran": " 使…完整；使…成整体；求…的积分；表示…的总和"
                }
              ]
            }
          ],
          "desc": "同根"
        },
        "usspeech": "integral&type=2",
        "trans": [
          {
            "tranCn": "构成整体所必需的，完整的",
            "descOther": "英释",
            "descCn": "中释",
            "pos": "adj",
            "tranOther": "forming a necessary part of something"
          }
        ]
      }
    }
  },
  "bookId": "IELTSluan_2"
}