{
  "wordRank": 1267,
  "headWord": "token",
  "content": {
    "word": {
      "wordHead": "token",
      "wordId": "IELTSluan_2_1267",
      "content": {
        "sentence": {
          "sentences": [
            {
              "sContent": "After normalization of attributes, you can count on every token in an attribute being separated from its neighbors by whitespace.",
              "sContent_eng": "After normalization of attributes, you can count on every <b>token</b> in an attribute being separated from its neighbors by whitespace.",
              "sSpeech": "After+normalization+of+attributes%2C+you+can+count+on+every+token+in+an+attribute+being+separated+from+its+neighbors+by+whitespace.&le=eng",
              "sCn": "在属性规范化后，可以依靠的属性中的每个记号是通过空白来与其邻居区分开来。"
            }
          ],
          "desc": "例句"
        },
        "usphone": "'tokən",
        "syno": {
          "synos": [
            {
              "pos": "n",
              "tran": "表征；代币；记号",
              "hwds": [
                {
                  "w": "marks"
                },
                {
                  "w": "sign"
                }
              ]
            },
            {
              "pos": "adj",
              "tran": "象征的；表意的；作为对某事的保证的",
              "hwds": [
                {
                  "w": "symbolic"
                },
                {
                  "w": "emblematic"
                }
              ]
            },
            {
              "pos": "vt",
              "tran": "象征；代表",
              "hwds": [
                {
                  "w": "indicate"
                },
                {
                  "w": "image"
                },
                {
                  "w": "figure"
                }
              ]
            }
          ],
          "desc": "同近"
        },
        "ukphone": "'təʊk(ə)n",
        "ukspeech": "token&type=1",
        "star": 0,
        "phrase": {
          "phrases": [
            {
              "pContent": "by the same token",
              "pCn": "同样地；出于同样原因"
            },
            {
              "pContent": "as a token of",
              "pCn": "作为…的标志"
            },
            {
              "pContent": "token ring",
              "pCn": "令牌环（一个环状的区域网路）"
            },
            {
              "pContent": "in token of",
              "pCn": "表示；作为…的标志"
            },
            {
              "pContent": "by this token",
              "pCn": "由此看来"
            },
            {
              "pContent": "token bucket",
              "pCn": "[计]令牌桶；令牌漏桶"
            },
            {
              "pContent": "token passing",
              "pCn": "令牌传递，令牌传送；通行令牌"
            },
            {
              "pContent": "token bus",
              "pCn": "令牌总线"
            }
          ],
          "desc": "短语"
        },
        "phone": "'təukən",
        "speech": "token",
        "usspeech": "token&type=2",
        "trans": [
          {
            "tranCn": "标专，记号；象征性的",
            "descOther": "英释",
            "descCn": "中释",
            "pos": "n&a",
            "tranOther": "something that represents a feeling, fact, event etc"
          }
        ]
      }
    }
  },
  "bookId": "IELTSluan_2"
}