{
  "wordRank": 1268,
  "headWord": "shift",
  "content": {
    "word": {
      "wordHead": "shift",
      "wordId": "IELTSluan_2_1268",
      "content": {
        "sentence": {
          "sentences": [
            {
              "sContent": "He stopped, shifting his cane to his left hand.",
              "sCn": "他停下来，把手杖移到左手。"
            }
          ],
          "desc": "例句"
        },
        "usphone": "ʃɪft",
        "ukspeech": "shift&type=1",
        "star": 0,
        "usspeech": "shift&type=2",
        "syno": {
          "synos": [
            {
              "pos": "n",
              "tran": "移动；变化；手段；轮班",
              "hwds": [
                {
                  "w": "variation"
                },
                {
                  "w": "removal"
                },
                {
                  "w": "move"
                },
                {
                  "w": "instrument"
                },
                {
                  "w": "motion"
                }
              ]
            },
            {
              "pos": "vi",
              "tran": "移动；转变；[遗]转换",
              "hwds": [
                {
                  "w": "to move"
                },
                {
                  "w": "forward motion"
                }
              ]
            },
            {
              "pos": "vt",
              "tran": "转移；改变；替换",
              "hwds": [
                {
                  "w": "influence"
                },
                {
                  "w": "fashion"
                },
                {
                  "w": "vary"
                }
              ]
            }
          ],
          "desc": "同近"
        },
        "ukphone": "ʃɪft",
        "phrase": {
          "phrases": [
            {
              "pContent": "phase shift",
              "pCn": "相移"
            },
            {
              "pContent": "frequency shift",
              "pCn": "频移"
            },
            {
              "pContent": "night shift",
              "pCn": "夜班；夜班工人"
            },
            {
              "pContent": "shift register",
              "pCn": "[计]移位寄存器"
            },
            {
              "pContent": "paradigm shift",
              "pCn": "典范转移；思考模式的转移"
            },
            {
              "pContent": "doppler shift",
              "pCn": "多普勒频移"
            },
            {
              "pContent": "shift work",
              "pCn": "轮班工作；倒班，换岗"
            },
            {
              "pContent": "shift away",
              "pCn": "把…移走；搬走"
            },
            {
              "pContent": "red shift",
              "pCn": "红移"
            },
            {
              "pContent": "shift the focus",
              "pCn": "变换焦点"
            },
            {
              "pContent": "phase shift keying",
              "pCn": "相移键控；相位偏移电信"
            },
            {
              "pContent": "gear shift",
              "pCn": "使换中档"
            },
            {
              "pContent": "shift system",
              "pCn": "轮班制"
            },
            {
              "pContent": "work shift",
              "pCn": "轮岗，轮班；工作班次"
            },
            {
              "pContent": "shift operation",
              "pCn": "移位操作"
            },
            {
              "pContent": "make a shift",
              "pCn": "尽力设法对付"
            },
            {
              "pContent": "time shift",
              "pCn": "时移，时间迁移"
            },
            {
              "pContent": "day shift",
              "pCn": "日班（等于dayshift）"
            },
            {
              "pContent": "graveyard shift",
              "pCn": "夜班；全体夜班的工人"
            },
            {
              "pContent": "evening shift",
              "pCn": "晚班；小夜班"
            }
          ],
          "desc": "短语"
        },
        "phone": "ʃift",
        "speech": "shift",
        "remMethod": {
          "val": " 电脑键盘上的切换键即Shift键",
          "desc": "记忆"
        },
        "relWord": {
          "rels": [
            {
              "pos": "adj",
              "words": [
                {
                  "hwd": "shifting",
                  "tran": " 移动的；狡诈的"
                },
                {
                  "hwd": "shifty",
                  "tran": " 变化的；诡诈的；机智的"
                }
              ]
            },
            {
              "pos": "n",
              "words": [
                {
                  "hwd": "shifting",
                  "tran": " [计] 移位；狡猾"
                },
                {
                  "hwd": "shifter",
                  "tran": " 移动装置；搬移东西者"
                }
              ]
            },
            {
              "pos": "v",
              "words": [
                {
                  "hwd": "shifting",
                  "tran": " 改变（shift的ing形式）"
                }
              ]
            }
          ],
          "desc": "同根"
        },
        "trans": [
          {
            "tranCn": "转变，移动",
            "descOther": "英释",
            "descCn": "中释",
            "pos": "v",
            "tranOther": "to change a situation, discussion etc by giving special attention to one idea or subject instead of to a previous one"
          },
          {
            "tranCn": "位置转移，性格转变；轮班",
            "descOther": "英释",
            "descCn": "中释",
            "pos": "n",
            "tranOther": "a change in the way people think about something, in the way something is done etc"
          }
        ]
      }
    }
  },
  "bookId": "IELTSluan_2"
}