{
  "wordRank": 1269,
  "headWord": "taxation",
  "content": {
    "word": {
      "wordHead": "taxation",
      "wordId": "IELTSluan_2_1269",
      "content": {
        "sentence": {
          "sentences": [
            {
              "sContent": "the government’s economic and taxation policy",
              "sCn": "政府的经济和税收政策"
            }
          ],
          "desc": "例句"
        },
        "usphone": "tæk'seʃən",
        "syno": {
          "synos": [
            {
              "pos": "n",
              "tran": "课税，征税；[税收]税款",
              "hwds": [
                {
                  "w": "imposition of tax"
                },
                {
                  "w": "taxe"
                }
              ]
            }
          ],
          "desc": "同近"
        },
        "ukphone": "tæk'seɪʃ(ə)n",
        "ukspeech": "taxation&type=1",
        "star": 0,
        "phrase": {
          "phrases": [
            {
              "pContent": "double taxation",
              "pCn": "[经]双重征税；[经]重复课税"
            },
            {
              "pContent": "taxation law",
              "pCn": "税法；税收法"
            },
            {
              "pContent": "avoidance of double taxation",
              "pCn": "避免双重课税"
            },
            {
              "pContent": "international taxation",
              "pCn": "国际税收；国际税法"
            },
            {
              "pContent": "taxation treatment",
              "pCn": "课税处理方法"
            },
            {
              "pContent": "taxation office",
              "pCn": "税务局"
            }
          ],
          "desc": "短语"
        },
        "phone": "tæk'seiʃən",
        "speech": "taxation",
        "relWord": {
          "rels": [
            {
              "pos": "adj",
              "words": [
                {
                  "hwd": "taxing",
                  "tran": " 费力的；繁重的"
                },
                {
                  "hwd": "taxable",
                  "tran": " 应纳税的；可征税的"
                }
              ]
            },
            {
              "pos": "n",
              "words": [
                {
                  "hwd": "tax",
                  "tran": " 税金；重负"
                },
                {
                  "hwd": "taxability",
                  "tran": " [税收] 可课税性；可征税性"
                },
                {
                  "hwd": "taxer",
                  "tran": " 纳税人；缴税人"
                }
              ]
            },
            {
              "pos": "v",
              "words": [
                {
                  "hwd": "taxing",
                  "tran": " 征税（tax的ing形式）"
                }
              ]
            },
            {
              "pos": "vt",
              "words": [
                {
                  "hwd": "tax",
                  "tran": " 向…课税；使负重担"
                }
              ]
            }
          ],
          "desc": "同根"
        },
        "usspeech": "taxation&type=2",
        "trans": [
          {
            "tranCn": "税制，税项",
            "descOther": "英释",
            "descCn": "中释",
            "pos": "n",
            "tranOther": "the system of charging taxes"
          }
        ]
      }
    }
  },
  "bookId": "IELTSluan_2"
}