{
  "wordRank": 127,
  "headWord": "admission",
  "content": {
    "word": {
      "wordHead": "admission",
      "wordId": "IELTSluan_2_127",
      "content": {
        "sentence": {
          "sentences": [
            {
              "sContent": "Reese, by his own admission , lacks the necessary experience.",
              "sCn": "里斯自己也承认缺乏必要的经验。"
            }
          ],
          "desc": "例句"
        },
        "usphone": "əd'mɪʃən",
        "ukspeech": "admission&type=1",
        "star": 0,
        "usspeech": "admission&type=2",
        "syno": {
          "synos": [
            {
              "pos": "n",
              "tran": "承认；入场费；进入许可；坦白；录用",
              "hwds": [
                {
                  "w": "recognition"
                },
                {
                  "w": "acknowledgement"
                }
              ]
            }
          ],
          "desc": "同近"
        },
        "ukphone": "əd'mɪʃ(ə)n",
        "phrase": {
          "phrases": [
            {
              "pContent": "admission of sth",
              "pCn": "承认"
            },
            {
              "pContent": "admission ticket",
              "pCn": "门票；准考证；入场券"
            },
            {
              "pContent": "free admission",
              "pCn": "赠送券；免费入场券"
            },
            {
              "pContent": "admission fee",
              "pCn": "入场费；入会费；门票费"
            },
            {
              "pContent": "call admission control",
              "pCn": "呼叫允许控制"
            },
            {
              "pContent": "no admission",
              "pCn": "禁止入内"
            },
            {
              "pContent": "admission office",
              "pCn": "招生办，住院处；入院处"
            },
            {
              "pContent": "air admission",
              "pCn": "进气；空气进入"
            },
            {
              "pContent": "admission is free",
              "pCn": "不收门票；免费入场"
            },
            {
              "pContent": "letter of admission",
              "pCn": "录取通知书，入学通知书"
            },
            {
              "pContent": "admission of liability",
              "pCn": "承认负有责任"
            },
            {
              "pContent": "admission criteria",
              "pCn": "录取标准"
            },
            {
              "pContent": "admission free",
              "pCn": "免费入场"
            },
            {
              "pContent": "admission charge",
              "pCn": "入场费"
            }
          ],
          "desc": "短语"
        },
        "phone": "əd'miʃən",
        "speech": "admission",
        "remMethod": {
          "val": " ad(表加强) + miss(送) + ion → 允许送入 → 允许进入",
          "desc": "记忆"
        },
        "relWord": {
          "rels": [
            {
              "pos": "adj",
              "words": [
                {
                  "hwd": "admissible",
                  "tran": " 可容许的；可采纳的；可接受的"
                },
                {
                  "hwd": "admissive",
                  "tran": " 认可的；容许的"
                },
                {
                  "hwd": "admittable",
                  "tran": " 具有进入的资格的"
                }
              ]
            },
            {
              "pos": "n",
              "words": [
                {
                  "hwd": "admittance",
                  "tran": " 进入；入场权；通道"
                },
                {
                  "hwd": "admissibility",
                  "tran": " 可容许；有入场的资格"
                }
              ]
            },
            {
              "pos": "vi",
              "words": [
                {
                  "hwd": "admit",
                  "tran": " 承认；容许"
                }
              ]
            },
            {
              "pos": "vt",
              "words": [
                {
                  "hwd": "admit",
                  "tran": " 承认；准许进入；可容纳"
                }
              ]
            }
          ],
          "desc": "同根"
        },
        "trans": [
          {
            "tranCn": "准入，接纳，承认",
            "descOther": "英释",
            "descCn": "中释",
            "pos": "n",
            "tranOther": "a statement in which you admit that something is true or that you have done something wrong"
          }
        ]
      }
    }
  },
  "bookId": "IELTSluan_2"
}