{
  "wordRank": 1270,
  "headWord": "tow",
  "content": {
    "word": {
      "wordHead": "tow",
      "wordId": "IELTSluan_2_1270",
      "content": {
        "sentence": {
          "sentences": [
            {
              "sContent": "The ship had to be towed into the harbor.",
              "sCn": "那艘轮船不得不被拖进港口。"
            }
          ],
          "desc": "例句"
        },
        "usphone": "to",
        "syno": {
          "synos": [
            {
              "pos": "n",
              "tran": "拖；[纺]麻的粗纤维；拖曳所用之绳",
              "hwds": [
                {
                  "w": "pull"
                },
                {
                  "w": "drag"
                }
              ]
            },
            {
              "pos": "vt",
              "tran": "拖；牵引；曳",
              "hwds": [
                {
                  "w": "pull"
                },
                {
                  "w": "trail"
                }
              ]
            }
          ],
          "desc": "同近"
        },
        "ukphone": "təʊ",
        "ukspeech": "tow&type=1",
        "star": 0,
        "phrase": {
          "phrases": [
            {
              "pContent": "in tow",
              "pCn": "拖着；在一起"
            },
            {
              "pContent": "tow truck",
              "pCn": "n. 拖车；牵引车"
            },
            {
              "pContent": "on tow",
              "pCn": "(车辆等)被拖(带)着"
            }
          ],
          "desc": "短语"
        },
        "phone": "təu",
        "speech": "tow",
        "relWord": {
          "rels": [
            {
              "pos": "n",
              "words": [
                {
                  "hwd": "towage",
                  "tran": " 拖船费；拖船"
                }
              ]
            }
          ],
          "desc": "同根"
        },
        "usspeech": "tow&type=2",
        "trans": [
          {
            "tranCn": "拖；拉",
            "descOther": "英释",
            "descCn": "中释",
            "pos": "vt&n",
            "tranOther": "to pull a vehicle or ship along behind another vehicle, using a rope or chain"
          }
        ]
      }
    }
  },
  "bookId": "IELTSluan_2"
}