{
  "wordRank": 1271,
  "headWord": "reliable",
  "content": {
    "word": {
      "wordHead": "reliable",
      "wordId": "IELTSluan_2_1271",
      "content": {
        "sentence": {
          "sentences": [
            {
              "sContent": "a birth control method that is cheap and reliable",
              "sCn": "既便宜又可靠的避孕方法"
            },
            {
              "sContent": "Miller was a quiet and reliable man.",
              "sCn": "米勒是个话不多且可靠的人。"
            }
          ],
          "desc": "例句"
        },
        "usphone": "rɪ'laɪəbl",
        "syno": {
          "synos": [
            {
              "pos": "adj",
              "tran": "可靠的；可信赖的",
              "hwds": [
                {
                  "w": "responsible"
                },
                {
                  "w": "tried"
                },
                {
                  "w": "honest"
                },
                {
                  "w": "safe"
                },
                {
                  "w": "sure"
                }
              ]
            },
            {
              "pos": "n",
              "tran": "可靠的人",
              "hwds": [
                {
                  "w": "true-blue"
                }
              ]
            }
          ],
          "desc": "同近"
        },
        "ukphone": "rɪ'laɪəb(ə)l",
        "ukspeech": "reliable&type=1",
        "star": 0,
        "phrase": {
          "phrases": [
            {
              "pContent": "reliable quality",
              "pCn": "质量可靠"
            },
            {
              "pContent": "reliable data",
              "pCn": "可靠数据"
            },
            {
              "pContent": "reliable information",
              "pCn": "可靠的信息"
            },
            {
              "pContent": "reliable source",
              "pCn": "可靠来源"
            },
            {
              "pContent": "reliable reputation",
              "pCn": "信誉可靠"
            }
          ],
          "desc": "短语"
        },
        "phone": "ri'laiəbl",
        "speech": "reliable",
        "relWord": {
          "rels": [
            {
              "pos": "adv",
              "words": [
                {
                  "hwd": "reliably",
                  "tran": " 可靠地；确实地"
                }
              ]
            },
            {
              "pos": "n",
              "words": [
                {
                  "hwd": "reliability",
                  "tran": " 可靠性"
                }
              ]
            },
            {
              "pos": "vi",
              "words": [
                {
                  "hwd": "rely",
                  "tran": " 依靠；信赖"
                }
              ]
            }
          ],
          "desc": "同根"
        },
        "usspeech": "reliable&type=2",
        "trans": [
          {
            "tranCn": "可靠的，可信赖的",
            "descOther": "英释",
            "descCn": "中释",
            "pos": "adj",
            "tranOther": "someone or something that is reliable can be trusted or depended on"
          }
        ]
      }
    }
  },
  "bookId": "IELTSluan_2"
}