{
  "wordRank": 1272,
  "headWord": "deft",
  "content": {
    "word": {
      "wordHead": "deft",
      "wordId": "IELTSluan_2_1272",
      "content": {
        "sentence": {
          "sentences": [
            {
              "sContent": "He sketched her with quick, deft strokes.",
              "sCn": "他给她画素描，下笔又快又熟练。"
            },
            {
              "sContent": "deft footwork",
              "sCn": "敏捷的步法"
            }
          ],
          "desc": "例句"
        },
        "usphone": "deft",
        "syno": {
          "synos": [
            {
              "pos": "adj",
              "tran": "灵巧的；机敏的；敏捷熟练的",
              "hwds": [
                {
                  "w": "neat"
                },
                {
                  "w": "dexterous"
                }
              ]
            }
          ],
          "desc": "同近"
        },
        "ukphone": "deft",
        "ukspeech": "deft&type=1",
        "star": 0,
        "phone": "deft",
        "speech": "deft",
        "relWord": {
          "rels": [
            {
              "pos": "adv",
              "words": [
                {
                  "hwd": "deftly",
                  "tran": " 熟练地；灵巧地；敏捷地"
                }
              ]
            },
            {
              "pos": "n",
              "words": [
                {
                  "hwd": "deftness",
                  "tran": " 熟练；灵巧；敏捷"
                }
              ]
            }
          ],
          "desc": "同根"
        },
        "usspeech": "deft&type=2",
        "trans": [
          {
            "tranCn": "灵巧的，熟练的",
            "descOther": "英释",
            "descCn": "中释",
            "pos": "adj",
            "tranOther": "a deft movement is skilful, and often quick"
          }
        ]
      }
    }
  },
  "bookId": "IELTSluan_2"
}