{
  "wordRank": 1273,
  "headWord": "potion",
  "content": {
    "word": {
      "wordHead": "potion",
      "wordId": "IELTSluan_2_1273",
      "content": {
        "sentence": {
          "sentences": [
            {
              "sContent": "...a magic potion that will make Siegfried forget Brunnhilde and fall in love with Gutrune.",
              "sCn": "…一种会使齐格弗里德忘掉布伦希德尔德而爱上古特鲁内娜的魔剂。"
            }
          ],
          "desc": "例句"
        },
        "usphone": "'poʃən",
        "syno": {
          "synos": [
            {
              "pos": "n",
              "tran": "一剂；一服；饮剂",
              "hwds": [
                {
                  "w": "dose"
                },
                {
                  "w": "potus"
                }
              ]
            }
          ],
          "desc": "同近"
        },
        "ukphone": "'pəʊʃ(ə)n",
        "ukspeech": "potion&type=1",
        "star": 0,
        "phone": "'pəuʃən",
        "speech": "potion",
        "usspeech": "potion&type=2",
        "trans": [
          {
            "tranCn": "(药等的)一服；一剂",
            "descOther": "英释",
            "descCn": "中释",
            "pos": "n",
            "tranOther": "A potion is a drink that contains medicine, poison, or something that is supposed to have magic powers"
          }
        ]
      }
    }
  },
  "bookId": "IELTSluan_2"
}