{
  "wordRank": 1274,
  "headWord": "disarray",
  "content": {
    "word": {
      "wordHead": "disarray",
      "wordId": "IELTSluan_2_1274",
      "content": {
        "sentence": {
          "sentences": [
            {
              "sContent": "The nation is in disarray following rioting led by the military.",
              "sCn": "该国发生由军队发动的暴乱后，陷入一片混乱。"
            }
          ],
          "desc": "例句"
        },
        "usphone": ",disə'rei",
        "syno": {
          "synos": [
            {
              "pos": "n",
              "tran": "无秩序；杂乱；衣冠不整",
              "hwds": [
                {
                  "w": "messing"
                },
                {
                  "w": "disorderliness"
                }
              ]
            },
            {
              "pos": "vt",
              "tran": "使混乱；弄乱；使脱去衣服",
              "hwds": [
                {
                  "w": "cloud"
                },
                {
                  "w": "confuse"
                }
              ]
            }
          ],
          "desc": "同近"
        },
        "ukphone": "dɪsə'reɪ",
        "ukspeech": "disarray&type=1",
        "star": 0,
        "phone": ",disə'rei",
        "speech": "disarray",
        "usspeech": "disarray&type=2",
        "trans": [
          {
            "tranCn": "弄乱，扰乱",
            "descOther": "英释",
            "descCn": "中释",
            "pos": "n&vt",
            "tranOther": "the state of being untidy or not organized"
          }
        ]
      }
    }
  },
  "bookId": "IELTSluan_2"
}