{
  "wordRank": 1275,
  "headWord": "overall",
  "content": {
    "word": {
      "wordHead": "overall",
      "wordId": "IELTSluan_2_1275",
      "content": {
        "sentence": {
          "sentences": [
            {
              "sContent": "The overall cost of the exhibition was £400,000.",
              "sCn": "展览会的全部费用是40万英镑。"
            },
            {
              "sContent": "The overall result is an increase in population.",
              "sCn": "总的结果是人口增加。"
            },
            {
              "sContent": "An overall winner and a runner-up were chosen.",
              "sCn": "总冠军和第二名被选了出来。"
            },
            {
              "sContent": "We don’t want all the details now, just the overall picture.",
              "sCn": "现在我们不需要全部细节，只要知道大致的情况。"
            }
          ],
          "desc": "例句"
        },
        "usphone": ",ovə'rɔl",
        "ukspeech": "overall&type=1",
        "star": 0,
        "usspeech": "overall&type=2",
        "syno": {
          "synos": [
            {
              "pos": "adj",
              "tran": "全部的；全体的；一切在内的",
              "hwds": [
                {
                  "w": "entire"
                },
                {
                  "w": "all"
                },
                {
                  "w": "corporate"
                },
                {
                  "w": "total"
                },
                {
                  "w": "universal"
                }
              ]
            },
            {
              "pos": "adv",
              "tran": "全部地；总的说来",
              "hwds": [
                {
                  "w": "outright"
                }
              ]
            },
            {
              "pos": "n",
              "tran": "工装裤；罩衫",
              "hwds": [
                {
                  "w": "jeans"
                },
                {
                  "w": "jea"
                }
              ]
            }
          ],
          "desc": "同近"
        },
        "ukphone": "'əʊvərɔːl",
        "phrase": {
          "phrases": [
            {
              "pContent": "overall situation",
              "pCn": "大局；总体形势"
            },
            {
              "pContent": "overall quality",
              "pCn": "综合质量；总的质量"
            },
            {
              "pContent": "overall development",
              "pCn": "综合开发"
            },
            {
              "pContent": "overall planning",
              "pCn": "整体规划；全面规划"
            },
            {
              "pContent": "overall design",
              "pCn": "总体设计；总设计"
            },
            {
              "pContent": "overall performance",
              "pCn": "整体性能；总指标"
            },
            {
              "pContent": "overall level",
              "pCn": "总电平"
            },
            {
              "pContent": "overall structure",
              "pCn": "总体结构，整体结构"
            },
            {
              "pContent": "overall plan",
              "pCn": "总体规划"
            },
            {
              "pContent": "overall analysis",
              "pCn": "全分析"
            },
            {
              "pContent": "overall system",
              "pCn": "[计]总体系统"
            },
            {
              "pContent": "overall strength",
              "pCn": "总强度"
            },
            {
              "pContent": "overall evaluation",
              "pCn": "综合评价"
            },
            {
              "pContent": "overall strategy",
              "pCn": "全面战略"
            },
            {
              "pContent": "overall efficiency",
              "pCn": "总效率"
            },
            {
              "pContent": "overall budget",
              "pCn": "总体预算"
            },
            {
              "pContent": "overall cost",
              "pCn": "总成本；全部成本；总值"
            },
            {
              "pContent": "overall view",
              "pCn": "全景；透视图"
            },
            {
              "pContent": "overall project",
              "pCn": "整个项目；全面计划方案"
            },
            {
              "pContent": "overall risk",
              "pCn": "综合险，整体风险"
            }
          ],
          "desc": "短语"
        },
        "phone": "'əuvərɔ:l, ,əuvə'rɔ:l",
        "speech": "overall",
        "remMethod": {
          "val": " over(从头到尾) + all(所有的) → 全面的； 全部的",
          "desc": "记忆"
        },
        "relWord": {
          "rels": [
            {
              "pos": "adj",
              "words": [
                {
                  "hwd": "overbearing",
                  "tran": " 傲慢的；压倒一切的"
                }
              ]
            },
            {
              "pos": "v",
              "words": [
                {
                  "hwd": "overbearing",
                  "tran": " 压住；否定；专横地对待；繁殖过度（overbear的ing形式）"
                }
              ]
            }
          ],
          "desc": "同根"
        },
        "trans": [
          {
            "tranCn": "包括一切的，全部的",
            "descOther": "英释",
            "descCn": "中释",
            "pos": "adj",
            "tranOther": "considering or including everything"
          },
          {
            "tranCn": "罩衫，工装裤",
            "descOther": "英释",
            "descCn": "中释",
            "pos": "n",
            "tranOther": "a loose-fitting piece of clothing like a coat, that is worn over clothes to protect them"
          }
        ]
      }
    }
  },
  "bookId": "IELTSluan_2"
}