{
  "wordRank": 1276,
  "headWord": "resource",
  "content": {
    "word": {
      "wordHead": "resource",
      "wordId": "IELTSluan_2_1276",
      "content": {
        "sentence": {
          "sentences": [
            {
              "sContent": "Canada’s vast mineral resources",
              "sCn": "加拿大丰富的矿产资源"
            },
            {
              "sContent": "a country rich in natural resources",
              "sCn": "自然资源丰富的国家"
            }
          ],
          "desc": "例句"
        },
        "usphone": "'risɔrs",
        "ukspeech": "resource&type=1",
        "star": 0,
        "usspeech": "resource&type=2",
        "syno": {
          "synos": [
            {
              "pos": "n",
              "tran": "[计][环境]资源，财力；办法；智谋",
              "hwds": [
                {
                  "w": "financial ability"
                }
              ]
            }
          ],
          "desc": "同近"
        },
        "ukphone": "rɪ'sɔːs; rɪ'zɔːs",
        "phrase": {
          "phrases": [
            {
              "pContent": "human resource",
              "pCn": "人的资源"
            },
            {
              "pContent": "resource management",
              "pCn": "资源管理"
            },
            {
              "pContent": "water resource",
              "pCn": "水资源"
            },
            {
              "pContent": "human resource management",
              "pCn": "人力资源管理；人力调配"
            },
            {
              "pContent": "resource allocation",
              "pCn": "资源分配"
            },
            {
              "pContent": "natural resource",
              "pCn": "自然资源"
            },
            {
              "pContent": "land resource",
              "pCn": "土地资源"
            },
            {
              "pContent": "resource sharing",
              "pCn": "资源共享，资源分配"
            },
            {
              "pContent": "resource utilization",
              "pCn": "资源利用，资源运用；资源运用性"
            },
            {
              "pContent": "energy resource",
              "pCn": "n. 能源；动力资源"
            },
            {
              "pContent": "resource conservation",
              "pCn": "资源保护；资源保育"
            },
            {
              "pContent": "tourism resource",
              "pCn": "旅游资源；观光资源"
            },
            {
              "pContent": "resource protection",
              "pCn": "资源保护"
            },
            {
              "pContent": "enterprise resource planning",
              "pCn": "企业资源规划"
            },
            {
              "pContent": "financial resource",
              "pCn": "n. 金融资源，资金来源；财务资源，财力资源"
            },
            {
              "pContent": "economic resource",
              "pCn": "经济资源"
            },
            {
              "pContent": "renewable resource",
              "pCn": "可再生资源"
            },
            {
              "pContent": "inner resources",
              "pCn": "内在力量；精神财富"
            },
            {
              "pContent": "information resource management",
              "pCn": "信息资源管理，资讯资源管理"
            },
            {
              "pContent": "power resource",
              "pCn": "能源，动力资源"
            }
          ],
          "desc": "短语"
        },
        "phone": "ri'sɔ:s, -'zɔ:s, 'ri:s-, 'ri:z-",
        "speech": "resource",
        "remMethod": {
          "val": " re(再， 又) + source(源泉) → 可再用的源泉 → 资源",
          "desc": "记忆"
        },
        "relWord": {
          "rels": [
            {
              "pos": "adj",
              "words": [
                {
                  "hwd": "resourceful",
                  "tran": " 资源丰富的；足智多谋的；机智的"
                },
                {
                  "hwd": "resourceless",
                  "tran": " 无资力的；无方略的"
                }
              ]
            },
            {
              "pos": "adv",
              "words": [
                {
                  "hwd": "resourcefully",
                  "tran": " 机智地"
                }
              ]
            },
            {
              "pos": "n",
              "words": [
                {
                  "hwd": "resourcefulness",
                  "tran": " 足智多谋"
                }
              ]
            }
          ],
          "desc": "同根"
        },
        "trans": [
          {
            "tranCn": "资源；机智",
            "descOther": "英释",
            "descCn": "中释",
            "pos": "n",
            "tranOther": "something such as useful land, or minerals such as oil or coal, that exists in a country and can be used to increase its wealth"
          }
        ]
      }
    }
  },
  "bookId": "IELTSluan_2"
}