{
  "wordRank": 1277,
  "headWord": "species",
  "content": {
    "word": {
      "wordHead": "species",
      "wordId": "IELTSluan_2_1277",
      "content": {
        "sentence": {
          "sentences": [
            {
              "sContent": "Seven species of birds of prey have been observed.",
              "sCn": "已有七种猛禽被观察到。"
            },
            {
              "sContent": "pandas and other endangered species",
              "sCn": "熊猫以及其他濒危物种"
            }
          ],
          "desc": "例句"
        },
        "usphone": "'spiʃiz",
        "ukspeech": "species&type=1",
        "star": 0,
        "usspeech": "species&type=2",
        "syno": {
          "synos": [
            {
              "pos": "n",
              "tran": "[生物]物种；种类",
              "hwds": [
                {
                  "w": "category"
                },
                {
                  "w": "variety"
                },
                {
                  "w": "manner"
                },
                {
                  "w": "nature"
                },
                {
                  "w": "kind"
                }
              ]
            }
          ],
          "desc": "同近"
        },
        "ukphone": "'spiːʃiːz; -ʃɪz; 'spiːs-",
        "phrase": {
          "phrases": [
            {
              "pContent": "species diversity",
              "pCn": "物种多样性；歧异度"
            },
            {
              "pContent": "species composition",
              "pCn": "物种组成；种类成分"
            },
            {
              "pContent": "species richness",
              "pCn": "物种丰富度；种繁富度"
            },
            {
              "pContent": "species abundance",
              "pCn": "物种丰度"
            },
            {
              "pContent": "species group",
              "pCn": "种群；种组"
            }
          ],
          "desc": "短语"
        },
        "phone": "'spi:ʃi:z, -si:z",
        "speech": "species",
        "remMethod": {
          "val": " 科学家从一些生物物种(species)中选取好的制成标本(specimen)",
          "desc": "记忆"
        },
        "relWord": {
          "rels": [
            {
              "pos": "n",
              "words": [
                {
                  "hwd": "speciation",
                  "tran": " [进化] 物种形成"
                }
              ]
            },
            {
              "pos": "vi",
              "words": [
                {
                  "hwd": "speciate",
                  "tran": " （通过进化）形成物种"
                }
              ]
            }
          ],
          "desc": "同根"
        },
        "trans": [
          {
            "tranCn": "生物的种；种类",
            "descOther": "英释",
            "descCn": "中释",
            "pos": "n",
            "tranOther": "a group of animals or plants whose members are similar and can breed together to produce young animals or plants"
          }
        ]
      }
    }
  },
  "bookId": "IELTSluan_2"
}