{
  "wordRank": 1278,
  "headWord": "platform",
  "content": {
    "word": {
      "wordHead": "platform",
      "wordId": "IELTSluan_2_1278",
      "content": {
        "sentence": {
          "sentences": [
            {
              "sContent": "The Edinburgh train will depart from platform six.",
              "sCn": "开往爱丁堡的火车将从六号站台发车。"
            }
          ],
          "desc": "例句"
        },
        "usphone": "'plæt'fɔrm",
        "syno": {
          "synos": [
            {
              "pos": "n",
              "tran": "[计][矿业]平台；月台，[铁路]站台；坛；[家具]讲台",
              "hwds": [
                {
                  "w": "flatform"
                },
                {
                  "w": "hathpace"
                }
              ]
            }
          ],
          "desc": "同近"
        },
        "ukphone": "'plætfɔːm",
        "ukspeech": "platform&type=1",
        "star": 0,
        "phrase": {
          "phrases": [
            {
              "pContent": "service platform",
              "pCn": "工作台；操作平台"
            },
            {
              "pContent": "offshore platform",
              "pCn": "海上平台；近海平台"
            },
            {
              "pContent": "open platform",
              "pCn": "开放平台"
            },
            {
              "pContent": "working platform",
              "pCn": "工作平台；工专"
            },
            {
              "pContent": "drilling platform",
              "pCn": "[工程]钻探平台"
            },
            {
              "pContent": "mobile platform",
              "pCn": "动平台；可自行移动的近海钻井平台；移动式平台；流动平台"
            },
            {
              "pContent": "carbonate platform",
              "pCn": "碳酸盐岩台地；碳酸盐地台"
            },
            {
              "pContent": "operating platform",
              "pCn": "操作平台"
            },
            {
              "pContent": "oil platform",
              "pCn": "石油平台"
            },
            {
              "pContent": "platform software",
              "pCn": "平台软件"
            },
            {
              "pContent": "stabilized platform",
              "pCn": "稳定平台"
            },
            {
              "pContent": "online trading platform",
              "pCn": "网上交易平台"
            },
            {
              "pContent": "station platform",
              "pCn": "月台，站台"
            },
            {
              "pContent": "platform structure",
              "pCn": "站台结构"
            },
            {
              "pContent": "platform scale",
              "pCn": "台秤"
            },
            {
              "pContent": "lifting platform",
              "pCn": "升降平台；举重台"
            },
            {
              "pContent": "platform diving",
              "pCn": "跳台跳水"
            },
            {
              "pContent": "lift platform",
              "pCn": "升降平台；上升平台"
            },
            {
              "pContent": "landing platform",
              "pCn": "卸货平台"
            },
            {
              "pContent": "oil drilling platform",
              "pCn": "石油钻井平台"
            }
          ],
          "desc": "短语"
        },
        "phone": "'plætfɔ:m",
        "speech": "platform",
        "remMethod": {
          "val": " plat(平的) + form(形态) → 形状是平的 → 平台",
          "desc": "记忆"
        },
        "usspeech": "platform&type=2",
        "trans": [
          {
            "tranCn": "月台，站台；讲台；(政党的)政纲，党纲",
            "descOther": "英释",
            "descCn": "中释",
            "pos": "n",
            "tranOther": "the raised place beside a railway track where you get on and off a train in a station"
          }
        ]
      }
    }
  },
  "bookId": "IELTSluan_2"
}