{
  "wordRank": 1279,
  "headWord": "elastic",
  "content": {
    "word": {
      "wordHead": "elastic",
      "wordId": "IELTSluan_2_1279",
      "content": {
        "sentence": {
          "sentences": [
            {
              "sContent": "the horny elastic pad in a horse’s hoof",
              "sCn": "马蹄上粗硬而有弹性的肉掌"
            }
          ],
          "desc": "例句"
        },
        "usphone": "ɪ'læstɪk",
        "antos": {
          "anto": [
            {
              "hwd": "stiff"
            }
          ],
          "desc": "反义"
        },
        "ukspeech": "elastic&type=1",
        "star": 0,
        "usspeech": "elastic&type=2",
        "syno": {
          "synos": [
            {
              "pos": "adj",
              "tran": "[力]有弹性的；灵活的；易伸缩的",
              "hwds": [
                {
                  "w": "flexible"
                },
                {
                  "w": "stretchy"
                }
              ]
            },
            {
              "pos": "n",
              "tran": "松紧带；橡皮圈",
              "hwds": [
                {
                  "w": "band"
                },
                {
                  "w": "rubberband"
                }
              ]
            }
          ],
          "desc": "同近"
        },
        "ukphone": "ɪ'læstɪk",
        "phrase": {
          "phrases": [
            {
              "pContent": "elastic modulus",
              "pCn": "[机]弹性系数；弹性模数"
            },
            {
              "pContent": "elastic deformation",
              "pCn": "弹性形变"
            },
            {
              "pContent": "elastic wave",
              "pCn": "弹性波"
            },
            {
              "pContent": "elastic foundation",
              "pCn": "弹性地基；弹力胸衣"
            },
            {
              "pContent": "elastic mechanics",
              "pCn": "弹性力学"
            },
            {
              "pContent": "elastic recovery",
              "pCn": "弹性回复；弹性复原"
            },
            {
              "pContent": "elastic fiber",
              "pCn": "弹力纤维；弹性织维"
            },
            {
              "pContent": "elastic body",
              "pCn": "弹性体"
            },
            {
              "pContent": "elastic material",
              "pCn": "弹性材料"
            },
            {
              "pContent": "elastic energy",
              "pCn": "弹性能，弹性能量"
            },
            {
              "pContent": "elastic force",
              "pCn": "弹力"
            },
            {
              "pContent": "elastic support",
              "pCn": "弹性支承"
            },
            {
              "pContent": "elastic band",
              "pCn": "橡皮筋"
            },
            {
              "pContent": "elastic strain",
              "pCn": "弹性应变"
            },
            {
              "pContent": "elastic element",
              "pCn": "弹性元件；弹性单元"
            },
            {
              "pContent": "elastic analysis",
              "pCn": "弹性分析"
            },
            {
              "pContent": "elastic limit",
              "pCn": "弹性极限；弹性限度"
            },
            {
              "pContent": "elastic coefficient",
              "pCn": "弹性系数；弹性常数；弹性模量"
            },
            {
              "pContent": "elastic range",
              "pCn": "弹性区域，弹性区；弹性范围"
            },
            {
              "pContent": "elastic coupling",
              "pCn": "弹性联轴节"
            }
          ],
          "desc": "短语"
        },
        "phone": "i'læstik",
        "speech": "elastic",
        "remMethod": {
          "val": " e(出) + last(延长) + ic(形容词后缀) → 可延长的 → 有弹性的； 灵活的",
          "desc": "记忆"
        },
        "relWord": {
          "rels": [
            {
              "pos": "adj",
              "words": [
                {
                  "hwd": "elasticized",
                  "tran": " 经过弹性处理的"
                }
              ]
            },
            {
              "pos": "n",
              "words": [
                {
                  "hwd": "elasticity",
                  "tran": " 弹性；弹力；灵活性"
                },
                {
                  "hwd": "elastomer",
                  "tran": " [力] 弹性体，[高分子] 高弹体"
                },
                {
                  "hwd": "elastin",
                  "tran": " [生化] 弹性蛋白"
                },
                {
                  "hwd": "elastase",
                  "tran": " [生化] 弹性蛋白酶；胰肽酶E"
                },
                {
                  "hwd": "elastoplast",
                  "tran": " 弹性绷带；（英）弹性黏膏"
                },
                {
                  "hwd": "elastosis",
                  "tran": " [医] 弹性组织变性"
                }
              ]
            },
            {
              "pos": "v",
              "words": [
                {
                  "hwd": "elasticized",
                  "tran": " 使（纤维）具有弹性（elasticize的过去分词）"
                }
              ]
            }
          ],
          "desc": "同根"
        },
        "trans": [
          {
            "tranCn": "弹性的，有伸缩性的",
            "descOther": "英释",
            "descCn": "中释",
            "pos": "adj",
            "tranOther": "a material that is elastic can stretch and then go back to its usual length or size"
          },
          {
            "tranCn": "橡皮圈",
            "descCn": "中释",
            "pos": "n"
          }
        ]
      }
    }
  },
  "bookId": "IELTSluan_2"
}