{
  "wordRank": 128,
  "headWord": "criminal",
  "content": {
    "word": {
      "wordHead": "criminal",
      "wordId": "IELTSluan_2_128",
      "content": {
        "sentence": {
          "sentences": [
            {
              "sContent": "Police have described the man as a violent and dangerous criminal.",
              "sCn": "警方形容那名男子是个凶暴而危险的罪犯。"
            },
            {
              "sContent": "a convicted criminal",
              "sCn": "一名已决罪犯"
            },
            {
              "sContent": "The new law will ensure that habitual criminals (= criminals who commit crimes repeatedly ) receive tougher punishments than first-time offenders.",
              "sCn": "新法律将确保惯犯比初犯受到更为严厉的惩罚。"
            },
            {
              "sContent": "Teenagers should not be sent to prison to mix with hardened criminals (= criminals who have committed and will continue to commit a lot of crimes ) .",
              "sCn": "青少年不该被送进监狱和惯犯混杂在一起。"
            }
          ],
          "desc": "例句"
        },
        "usphone": "'krɪmɪnl",
        "syno": {
          "synos": [
            {
              "pos": "n",
              "tran": "罪犯",
              "hwds": [
                {
                  "w": "offender"
                },
                {
                  "w": "culprit"
                }
              ]
            },
            {
              "pos": "adj",
              "tran": "刑事的；犯罪的；罪恶的",
              "hwds": [
                {
                  "w": "penal"
                },
                {
                  "w": "peccant"
                }
              ]
            }
          ],
          "desc": "同近"
        },
        "ukphone": "'krɪmɪn(ə)l",
        "ukspeech": "criminal&type=1",
        "star": 0,
        "phrase": {
          "phrases": [
            {
              "pContent": "criminal law",
              "pCn": "刑法"
            },
            {
              "pContent": "criminal procedure",
              "pCn": "刑事诉讼程序"
            },
            {
              "pContent": "criminal responsibility",
              "pCn": "刑事责任"
            },
            {
              "pContent": "criminal case",
              "pCn": "[法]刑事案件，刑事案"
            },
            {
              "pContent": "criminal activities",
              "pCn": "犯罪活动"
            },
            {
              "pContent": "criminal court",
              "pCn": "刑事法庭"
            },
            {
              "pContent": "criminal proceedings",
              "pCn": "[法]刑事诉讼"
            },
            {
              "pContent": "criminal liability",
              "pCn": "刑事责任"
            },
            {
              "pContent": "criminal offence",
              "pCn": "刑事犯罪"
            },
            {
              "pContent": "criminal trial",
              "pCn": "刑事审判"
            },
            {
              "pContent": "criminal record",
              "pCn": "[法]犯罪记录；[法]前科"
            },
            {
              "pContent": "criminal action",
              "pCn": "刑事诉讼"
            },
            {
              "pContent": "criminal act",
              "pCn": "罪行，犯罪行为"
            },
            {
              "pContent": "criminal code",
              "pCn": "[法]刑法，刑法典"
            },
            {
              "pContent": "criminal justice system",
              "pCn": "刑事司法体系；刑事审判系统；刑事法律制度"
            },
            {
              "pContent": "criminal offense",
              "pCn": "犯罪行为，犯罪；刑事犯罪"
            },
            {
              "pContent": "criminal psychology",
              "pCn": "犯罪心理学"
            },
            {
              "pContent": "criminal gang",
              "pCn": "犯罪集团"
            },
            {
              "pContent": "war criminal",
              "pCn": "战犯"
            },
            {
              "pContent": "criminal lawyer",
              "pCn": "刑事律师"
            }
          ],
          "desc": "短语"
        },
        "phone": "'kriminəl",
        "speech": "criminal",
        "relWord": {
          "rels": [
            {
              "pos": "adj",
              "words": [
                {
                  "hwd": "criminological",
                  "tran": " 犯罪学的"
                }
              ]
            },
            {
              "pos": "adv",
              "words": [
                {
                  "hwd": "criminally",
                  "tran": " 刑法上；犯了罪地，有罪地"
                }
              ]
            },
            {
              "pos": "n",
              "words": [
                {
                  "hwd": "crime",
                  "tran": " 罪行，犯罪；罪恶；犯罪活动"
                },
                {
                  "hwd": "criminology",
                  "tran": " 犯罪学；刑事学"
                },
                {
                  "hwd": "criminality",
                  "tran": " 有罪，犯罪；犯罪行为"
                },
                {
                  "hwd": "criminologist",
                  "tran": " 犯罪学者；刑事学家"
                }
              ]
            },
            {
              "pos": "vt",
              "words": [
                {
                  "hwd": "crime",
                  "tran": " 控告……违反纪律"
                },
                {
                  "hwd": "criminalize",
                  "tran": " 宣告…为犯法行为；判定…为非法事件"
                }
              ]
            }
          ],
          "desc": "同根"
        },
        "usspeech": "criminal&type=2",
        "trans": [
          {
            "tranCn": "罪犯",
            "descOther": "英释",
            "descCn": "中释",
            "pos": "n",
            "tranOther": "someone who is involved in illegal activities or has been proved guilty of a crime"
          },
          {
            "tranCn": "犯罪的，刑事上的",
            "descOther": "英释",
            "descCn": "中释",
            "pos": "adj",
            "tranOther": "relating to crime"
          }
        ]
      }
    }
  },
  "bookId": "IELTSluan_2"
}