{
  "wordRank": 1280,
  "headWord": "tenancy",
  "content": {
    "word": {
      "wordHead": "tenancy",
      "wordId": "IELTSluan_2_1280",
      "content": {
        "sentence": {
          "sentences": [
            {
              "sContent": "a six-month tenancy",
              "sCn": "六个月的租赁期"
            },
            {
              "sContent": "a tenancy agreement",
              "sCn": "租赁合同"
            }
          ],
          "desc": "例句"
        },
        "usphone": "'tɛnənsi",
        "syno": {
          "synos": [
            {
              "pos": "n",
              "tran": "租期；租用",
              "hwds": [
                {
                  "w": "lease"
                },
                {
                  "w": "hire"
                }
              ]
            }
          ],
          "desc": "同近"
        },
        "ukphone": "'tenənsɪ",
        "ukspeech": "tenancy&type=1",
        "star": 0,
        "phrase": {
          "phrases": [
            {
              "pContent": "tenancy agreement",
              "pCn": "租约"
            },
            {
              "pContent": "joint tenancy",
              "pCn": "联权共有；共同租借权"
            }
          ],
          "desc": "短语"
        },
        "phone": "'tenənsi",
        "speech": "tenancy",
        "usspeech": "tenancy&type=2",
        "trans": [
          {
            "tranCn": "租赁；租期",
            "descOther": "英释",
            "descCn": "中释",
            "pos": "n",
            "tranOther": "the period of time that someone rents a house, land etc"
          }
        ]
      }
    }
  },
  "bookId": "IELTSluan_2"
}