{
  "wordRank": 1281,
  "headWord": "minimal",
  "content": {
    "word": {
      "wordHead": "minimal",
      "wordId": "IELTSluan_2_1281",
      "content": {
        "sentence": {
          "sentences": [
            {
              "sContent": "The storm caused only minimal damage.",
              "sCn": "暴风雨只造成了轻微破坏。"
            },
            {
              "sContent": "The cost to taxpayers would be minimal.",
              "sCn": "纳税人的支出将是最少的。"
            },
            {
              "sContent": "This is a practical course, with only a minimal amount of theory.",
              "sCn": "这是实践课程，只有少量理论。"
            }
          ],
          "desc": "例句"
        },
        "usphone": "'mɪnɪməl",
        "syno": {
          "synos": [
            {
              "pos": "adj",
              "tran": "最低的；最小限度的",
              "hwds": [
                {
                  "w": "lowest"
                },
                {
                  "w": "bottommost"
                }
              ]
            }
          ],
          "desc": "同近"
        },
        "ukphone": "'mɪnɪm(ə)l",
        "ukspeech": "minimal&type=1",
        "star": 0,
        "phone": "'miniməl",
        "speech": "minimal",
        "remMethod": {
          "val": " min(小) + imal → 最小的",
          "desc": "记忆"
        },
        "relWord": {
          "rels": [
            {
              "pos": "adj",
              "words": [
                {
                  "hwd": "minimum",
                  "tran": " 最小的；最低的"
                },
                {
                  "hwd": "minimized",
                  "tran": " 最小化的；最小化；使达到最低限度的"
                },
                {
                  "hwd": "minimalist",
                  "tran": " 极简抽象派艺术的"
                },
                {
                  "hwd": "minim",
                  "tran": " 最小的；微小的"
                },
                {
                  "hwd": "minimus",
                  "tran": " 最年轻的；微小的"
                }
              ]
            },
            {
              "pos": "adv",
              "words": [
                {
                  "hwd": "minimally",
                  "tran": " 最低限度地；最低程度地"
                }
              ]
            },
            {
              "pos": "n",
              "words": [
                {
                  "hwd": "minimum",
                  "tran": " 最小值；最低限度；最小化；最小量"
                },
                {
                  "hwd": "minimalist",
                  "tran": " 极简抽象派艺术家；最低限要求者；最低纲领主义者"
                },
                {
                  "hwd": "minimalism",
                  "tran": " 极简派艺术；最低纲领；极保守行动"
                },
                {
                  "hwd": "minimization",
                  "tran": " 减到最小限度；估到最低额；轻视"
                },
                {
                  "hwd": "minim",
                  "tran": " 量滴（液量最小单位）；极小的东西；二分音符"
                },
                {
                  "hwd": "minimus",
                  "tran": " 最小的东西；小指"
                }
              ]
            },
            {
              "pos": "v",
              "words": [
                {
                  "hwd": "minimized",
                  "tran": " 使减少；使缩到最小；极度轻视（minimize的过去分词形式）"
                }
              ]
            },
            {
              "pos": "vi",
              "words": [
                {
                  "hwd": "minimize",
                  "tran": " 最小化"
                }
              ]
            },
            {
              "pos": "vt",
              "words": [
                {
                  "hwd": "minimize",
                  "tran": " 使减到最少；小看，极度轻视"
                }
              ]
            }
          ],
          "desc": "同根"
        },
        "usspeech": "minimal&type=2",
        "trans": [
          {
            "tranCn": "最小的；最低限度的",
            "descOther": "英释",
            "descCn": "中释",
            "pos": "adj",
            "tranOther": "very small in degree or amount, especially the smallest degree or amount possible"
          }
        ]
      }
    }
  },
  "bookId": "IELTSluan_2"
}