{
  "wordRank": 1282,
  "headWord": "inevitable",
  "content": {
    "word": {
      "wordHead": "inevitable",
      "wordId": "IELTSluan_2_1282",
      "content": {
        "sentence": {
          "sentences": [
            {
              "sContent": "A further escalation of the crisis now seems inevitable.",
              "sCn": "危机的进一步升级现在看来已不可避免。"
            }
          ],
          "desc": "例句"
        },
        "usphone": "ɪn'ɛvɪtəbl",
        "syno": {
          "synos": [
            {
              "pos": "adj",
              "tran": "必然的，不可避免的",
              "hwds": [
                {
                  "w": "certain"
                },
                {
                  "w": "necessary"
                },
                {
                  "w": "automatic"
                }
              ]
            }
          ],
          "desc": "同近"
        },
        "ukphone": "ɪn'evɪtəb(ə)l",
        "ukspeech": "inevitable&type=1",
        "star": 0,
        "phone": "in'evitəbl",
        "speech": "inevitable",
        "remMethod": {
          "val": " in(不) + evitable(可避免的) → 不可避免的",
          "desc": "记忆"
        },
        "relWord": {
          "rels": [
            {
              "pos": "adv",
              "words": [
                {
                  "hwd": "inevitably",
                  "tran": " 不可避免地；必然地"
                }
              ]
            },
            {
              "pos": "n",
              "words": [
                {
                  "hwd": "inevitability",
                  "tran": " 必然性；不可逃避"
                }
              ]
            }
          ],
          "desc": "同根"
        },
        "usspeech": "inevitable&type=2",
        "trans": [
          {
            "tranCn": "不可避免的，照例必有的",
            "descOther": "英释",
            "descCn": "中释",
            "pos": "adj",
            "tranOther": "certain to happen and impossible to avoid"
          }
        ]
      }
    }
  },
  "bookId": "IELTSluan_2"
}