{
  "wordRank": 1283,
  "headWord": "contradict",
  "content": {
    "word": {
      "wordHead": "contradict",
      "wordId": "IELTSluan_2_1283",
      "content": {
        "sentence": {
          "sentences": [
            {
              "sContent": "Deborah opened her mouth to contradict, but closed it again.",
              "sCn": "黛博拉张口想要反驳，但又把嘴闭上了。"
            },
            {
              "sContent": "Dad just can’t bear to be contradicted.",
              "sCn": "爸爸就是受不了有人反驳他。"
            },
            {
              "sContent": "The article flatly contradicts their claims.",
              "sCn": "这篇文章断然驳斥他们的说法。"
            }
          ],
          "desc": "例句"
        },
        "usphone": "'kɑntrə'dɪkt",
        "ukspeech": "contradict&type=1",
        "star": 0,
        "usspeech": "contradict&type=2",
        "syno": {
          "synos": [
            {
              "pos": "vt",
              "tran": "反驳；否定；与…矛盾；与…抵触",
              "hwds": [
                {
                  "w": "negative"
                },
                {
                  "w": "deny"
                }
              ]
            },
            {
              "pos": "vi",
              "tran": "反驳；否认；发生矛盾",
              "hwds": [
                {
                  "w": "deny"
                },
                {
                  "w": "talk back"
                }
              ]
            }
          ],
          "desc": "同近"
        },
        "ukphone": "kɒntrə'dɪkt",
        "phrase": {
          "phrases": [
            {
              "pContent": "contradict oneself",
              "pCn": "自相矛盾"
            }
          ],
          "desc": "短语"
        },
        "phone": ",kɔntrə'dikt",
        "speech": "contradict",
        "remMethod": {
          "val": " contra(反) + dict(说话； 断言) → 说反话 → 反驳",
          "desc": "记忆"
        },
        "relWord": {
          "rels": [
            {
              "pos": "adj",
              "words": [
                {
                  "hwd": "contradictory",
                  "tran": " 矛盾的；反对的；反驳的；抗辩的"
                }
              ]
            },
            {
              "pos": "adv",
              "words": [
                {
                  "hwd": "contradictorily",
                  "tran": " 矛盾地；反驳地；逆"
                }
              ]
            },
            {
              "pos": "n",
              "words": [
                {
                  "hwd": "contradiction",
                  "tran": " 矛盾；否认；反驳"
                },
                {
                  "hwd": "contradictory",
                  "tran": " 对立物；矛盾因素"
                },
                {
                  "hwd": "contradictoriness",
                  "tran": " 矛盾性"
                }
              ]
            }
          ],
          "desc": "同根"
        },
        "trans": [
          {
            "tranCn": "反驳，否认，同矛盾",
            "descOther": "英释",
            "descCn": "中释",
            "pos": "v",
            "tranOther": "to disagree with something, especially by saying that the opposite is true"
          }
        ]
      }
    }
  },
  "bookId": "IELTSluan_2"
}