{
  "wordRank": 1284,
  "headWord": "subsidy",
  "content": {
    "word": {
      "wordHead": "subsidy",
      "wordId": "IELTSluan_2_1284",
      "content": {
        "sentence": {
          "sentences": [
            {
              "sContent": "European farmers are planning a massive demonstration against farm subsidy cuts.",
              "sCn": "欧洲的农场主们正在策划一场反对削减农场补贴的大游行。"
            }
          ],
          "desc": "例句"
        },
        "usphone": "'sʌbsədi",
        "ukspeech": "subsidy&type=1",
        "star": 0,
        "usspeech": "subsidy&type=2",
        "syno": {
          "synos": [
            {
              "pos": "n",
              "tran": "[财政]补贴；[劳经]津贴；[会计][经]补助金",
              "hwds": [
                {
                  "w": "pension"
                },
                {
                  "w": "allowance"
                }
              ]
            }
          ],
          "desc": "同近"
        },
        "ukphone": "'sʌbsɪdɪ",
        "phrase": {
          "phrases": [
            {
              "pContent": "government subsidy",
              "pCn": "政府补助金，政府补贴"
            },
            {
              "pContent": "export subsidy",
              "pCn": "出口补贴"
            }
          ],
          "desc": "短语"
        },
        "phone": "'sʌbsidi",
        "speech": "subsidy",
        "remMethod": {
          "val": " sub(在…下面) + sid(坐) + y → 在台下就坐领津贴 → 津贴， 补助金",
          "desc": "记忆"
        },
        "relWord": {
          "rels": [
            {
              "pos": "adj",
              "words": [
                {
                  "hwd": "subsidized",
                  "tran": " 补贴的，补助的"
                }
              ]
            },
            {
              "pos": "n",
              "words": [
                {
                  "hwd": "subsidization",
                  "tran": " 补助；提供津贴；奖金"
                }
              ]
            },
            {
              "pos": "v",
              "words": [
                {
                  "hwd": "subsidized",
                  "tran": " 资助或补助（subsidize的过去时和过去分词）"
                }
              ]
            },
            {
              "pos": "vi",
              "words": [
                {
                  "hwd": "subsidise",
                  "tran": " 消退；下沉；平息"
                }
              ]
            },
            {
              "pos": "vt",
              "words": [
                {
                  "hwd": "subsidize",
                  "tran": " 资助；给与奖助金；向…行贿"
                },
                {
                  "hwd": "subsidise",
                  "tran": " 资助（等于subsidize）；给...补助金"
                }
              ]
            }
          ],
          "desc": "同根"
        },
        "trans": [
          {
            "tranCn": "补助金；津贴费",
            "descOther": "英释",
            "descCn": "中释",
            "pos": "n",
            "tranOther": "money that is paid by a government or organization to make prices lower, reduce the cost of producing goods etc"
          }
        ]
      }
    }
  },
  "bookId": "IELTSluan_2"
}