{
  "wordRank": 1285,
  "headWord": "flare",
  "content": {
    "word": {
      "wordHead": "flare",
      "wordId": "IELTSluan_2_1285",
      "content": {
        "sentence": {
          "sentences": [
            {
              "sContent": "The fire flared up again.",
              "sCn": "火又忽地旺了起来。"
            }
          ],
          "desc": "例句"
        },
        "usphone": "flɛr",
        "syno": {
          "synos": [
            {
              "pos": "vt",
              "tran": "使闪耀；使张开；用发光信号发出；使外倾",
              "hwds": [
                {
                  "w": "sparkle"
                }
              ]
            },
            {
              "pos": "vi",
              "tran": "闪耀，闪光；燃烧；突然发怒",
              "hwds": [
                {
                  "w": "burn"
                },
                {
                  "w": "shine on"
                }
              ]
            },
            {
              "pos": "n",
              "tran": "闪光，闪耀；耀斑；爆发；照明弹",
              "hwds": [
                {
                  "w": "explosion"
                },
                {
                  "w": "stroboflash"
                }
              ]
            }
          ],
          "desc": "同近"
        },
        "ukphone": "fleə",
        "ukspeech": "flare&type=1",
        "star": 0,
        "phrase": {
          "phrases": [
            {
              "pContent": "flare up",
              "pCn": "突然发怒；突然燃烧，骤然"
            },
            {
              "pContent": "solar flare",
              "pCn": "太阳耀斑；[天]日晕"
            },
            {
              "pContent": "lens flare",
              "pCn": "镜头光晕；透镜光晕；镜头光斑；眩光"
            },
            {
              "pContent": "flare stack",
              "pCn": "火把烟囱"
            }
          ],
          "desc": "短语"
        },
        "speech": "flare",
        "relWord": {
          "rels": [
            {
              "pos": "adj",
              "words": [
                {
                  "hwd": "flared",
                  "tran": " 向外展开的（裙、裤）"
                },
                {
                  "hwd": "flaring",
                  "tran": " 燃烧的；发光的；引人注目的"
                }
              ]
            },
            {
              "pos": "n",
              "words": [
                {
                  "hwd": "flaring",
                  "tran": " [机] 扩口；舷缘外倾"
                }
              ]
            },
            {
              "pos": "v",
              "words": [
                {
                  "hwd": "flared",
                  "tran": " 闪光（flare的过去式）"
                },
                {
                  "hwd": "flaring",
                  "tran": " 闪光；闪烁（flare的ing形式）"
                }
              ]
            }
          ],
          "desc": "同根"
        },
        "usspeech": "flare&type=2",
        "trans": [
          {
            "tranCn": "熊熊燃烧，突然燃烧，火光",
            "descOther": "英释",
            "descCn": "中释",
            "pos": "vi&n",
            "tranOther": "to suddenly begin to burn, or to burn more brightly for a short time"
          },
          {
            "tranCn": "张开",
            "descOther": "英释",
            "descCn": "中释",
            "pos": "v&n",
            "tranOther": "if a person or animal flares their  nostril s (= the openings at the end of the nose )  , or if their nostrils flare, their nostrils become wider because they are angry"
          }
        ]
      }
    }
  },
  "bookId": "IELTSluan_2"
}