{
  "wordRank": 1286,
  "headWord": "digest",
  "content": {
    "word": {
      "wordHead": "digest",
      "wordId": "IELTSluan_2_1286",
      "content": {
        "sentence": {
          "sentences": [
            {
              "sContent": "Most babies can digest a wide range of food easily.",
              "sCn": "大多数婴儿能轻易地消化很多种食物。"
            }
          ],
          "desc": "例句"
        },
        "usphone": "daɪ'dʒɛst",
        "syno": {
          "synos": [
            {
              "pos": "vt",
              "tran": "消化；吸收；融会贯通",
              "hwds": [
                {
                  "w": "absorb"
                },
                {
                  "w": "drink in"
                }
              ]
            },
            {
              "pos": "n",
              "tran": "文摘；摘要",
              "hwds": [
                {
                  "w": "abstract"
                },
                {
                  "w": "brief"
                },
                {
                  "w": "summary"
                },
                {
                  "w": "resume"
                }
              ]
            }
          ],
          "desc": "同近"
        },
        "ukphone": "daɪ'dʒest; dɪ-",
        "ukspeech": "digest&type=1",
        "star": 0,
        "phone": "di'dʒest, dai-, 'daidʒest",
        "speech": "digest",
        "remMethod": {
          "val": " di(分开) + gest(搬运) → 运来食物， 接着分解 → 消化",
          "desc": "记忆"
        },
        "relWord": {
          "rels": [
            {
              "pos": "adj",
              "words": [
                {
                  "hwd": "digestive",
                  "tran": " 消化的；助消化的"
                },
                {
                  "hwd": "digestible",
                  "tran": " 易消化的；可摘要的"
                }
              ]
            },
            {
              "pos": "n",
              "words": [
                {
                  "hwd": "digestion",
                  "tran": " 消化；领悟"
                },
                {
                  "hwd": "digestive",
                  "tran": " 助消化药"
                },
                {
                  "hwd": "digester",
                  "tran": " 做摘要者；助消化食品；汇编者；蒸炼器"
                },
                {
                  "hwd": "digestibility",
                  "tran": " 消化性；可消化性"
                }
              ]
            }
          ],
          "desc": "同根"
        },
        "usspeech": "digest&type=2",
        "trans": [
          {
            "tranCn": "消化；领会，融会贯通",
            "descOther": "英释",
            "descCn": "中释",
            "pos": "v",
            "tranOther": "to change food that you have just eaten into substances that your body can use"
          },
          {
            "tranCn": "文摘，摘要",
            "descOther": "英释",
            "descCn": "中释",
            "pos": "n",
            "tranOther": "a short piece of writing that gives the most important facts from a book, report etc"
          }
        ]
      }
    }
  },
  "bookId": "IELTSluan_2"
}