{
  "wordRank": 1287,
  "headWord": "din",
  "content": {
    "word": {
      "wordHead": "din",
      "wordId": "IELTSluan_2_1287",
      "content": {
        "sentence": {
          "sentences": [
            {
              "sContent": "They tried to make themselves heard over the din of the crowd.",
              "sCn": "他们竭力让自己的声音盖过人群的喧闹声。"
            }
          ],
          "desc": "例句"
        },
        "usphone": "dɪn",
        "syno": {
          "synos": [
            {
              "pos": "vt",
              "tran": "喧闹，絮絮不休地说",
              "hwds": [
                {
                  "w": "whoop up"
                }
              ]
            },
            {
              "pos": "vi",
              "tran": "喧闹，絮絮不休地说",
              "hwds": [
                {
                  "w": "whoop up"
                },
                {
                  "w": "bustle"
                }
              ]
            },
            {
              "pos": "n",
              "tran": "喧嚣",
              "hwds": [
                {
                  "w": "uproariousness"
                },
                {
                  "w": "hurly-burly"
                }
              ]
            }
          ],
          "desc": "同近"
        },
        "ukphone": "dɪn",
        "ukspeech": "din&type=1",
        "star": 0,
        "phrase": {
          "phrases": [
            {
              "pContent": "din rail",
              "pCn": "符合德国工业标准的导轨"
            }
          ],
          "desc": "短语"
        },
        "phone": "din",
        "speech": "din",
        "relWord": {
          "rels": [
            {
              "pos": "n",
              "words": [
                {
                  "hwd": "ding",
                  "tran": " 钟声"
                }
              ]
            },
            {
              "pos": "vi",
              "words": [
                {
                  "hwd": "ding",
                  "tran": " 响；执拗地讲"
                }
              ]
            },
            {
              "pos": "vt",
              "words": [
                {
                  "hwd": "ding",
                  "tran": " 反复地说给人家听"
                }
              ]
            }
          ],
          "desc": "同根"
        },
        "usspeech": "din&type=2",
        "trans": [
          {
            "tranCn": "喧闹，嘈杂",
            "descOther": "英释",
            "descCn": "中释",
            "pos": "n&v",
            "tranOther": "a loud unpleasant noise that continues for a long time"
          }
        ]
      }
    }
  },
  "bookId": "IELTSluan_2"
}