{
  "wordRank": 1288,
  "headWord": "shoal",
  "content": {
    "word": {
      "wordHead": "shoal",
      "wordId": "IELTSluan_2_1288",
      "content": {
        "sentence": {
          "sentences": [
            {
              "sContent": "Among them swam shoals of fish.",
              "sCn": "在他们之中游动着一群群鱼儿。"
            }
          ],
          "desc": "例句"
        },
        "usphone": "ʃol",
        "syno": {
          "synos": [
            {
              "pos": "n",
              "tran": "[地理]浅滩；鱼群；潜在危险",
              "hwds": [
                {
                  "w": "school"
                },
                {
                  "w": "bank"
                },
                {
                  "w": "shallow"
                },
                {
                  "w": "ford"
                }
              ]
            },
            {
              "pos": "vi",
              "tran": "变浅",
              "hwds": [
                {
                  "w": "shallow"
                }
              ]
            },
            {
              "pos": "vt",
              "tran": "使变浅；驶入",
              "hwds": [
                {
                  "w": "shallow"
                },
                {
                  "w": "to put in"
                }
              ]
            },
            {
              "pos": "adj",
              "tran": "浅的",
              "hwds": [
                {
                  "w": "low"
                },
                {
                  "w": "shallow"
                },
                {
                  "w": "flat"
                }
              ]
            }
          ],
          "desc": "同近"
        },
        "ukphone": "ʃəʊl",
        "ukspeech": "shoal&type=1",
        "star": 0,
        "speech": "shoal",
        "relWord": {
          "rels": [
            {
              "pos": "adj",
              "words": [
                {
                  "hwd": "shoaly",
                  "tran": " 多浅滩的；多险阻的"
                }
              ]
            }
          ],
          "desc": "同根"
        },
        "usspeech": "shoal&type=2",
        "trans": [
          {
            "tranCn": "鱼群",
            "descOther": "英释",
            "descCn": "中释",
            "pos": "n",
            "tranOther": "a large group of fish swimming together"
          }
        ]
      }
    }
  },
  "bookId": "IELTSluan_2"
}