{
  "wordRank": 1289,
  "headWord": "hasty",
  "content": {
    "word": {
      "wordHead": "hasty",
      "wordId": "IELTSluan_2_1289",
      "content": {
        "sentence": {
          "sentences": [
            {
              "sContent": "He soon regretted his hasty decision.",
              "sCn": "他很快就对自己仓促作出的决定感到后悔了。"
            },
            {
              "sContent": "a hasty breakfast",
              "sCn": "匆忙吃下的一顿早餐"
            }
          ],
          "desc": "例句"
        },
        "usphone": "'hesti",
        "syno": {
          "synos": [
            {
              "pos": "adj",
              "tran": "轻率的；匆忙的；草率的；性怠的",
              "hwds": [
                {
                  "w": "brief"
                },
                {
                  "w": "rushed"
                }
              ]
            }
          ],
          "desc": "同近"
        },
        "ukphone": "'heɪstɪ",
        "ukspeech": "hasty&type=1",
        "star": 0,
        "speech": "hasty",
        "remMethod": {
          "val": " hast(看作fast， 快的) + y → 快速完成的 → 匆忙的",
          "desc": "记忆"
        },
        "relWord": {
          "rels": [
            {
              "pos": "adv",
              "words": [
                {
                  "hwd": "hastily",
                  "tran": " 匆忙地；急速地；慌忙地"
                }
              ]
            },
            {
              "pos": "n",
              "words": [
                {
                  "hwd": "haste",
                  "tran": " 匆忙；急忙；轻率"
                },
                {
                  "hwd": "hastiness",
                  "tran": " 轻率；性急；仓促"
                }
              ]
            },
            {
              "pos": "vi",
              "words": [
                {
                  "hwd": "haste",
                  "tran": " 匆忙；赶紧"
                }
              ]
            },
            {
              "pos": "vt",
              "words": [
                {
                  "hwd": "haste",
                  "tran": " 赶快"
                }
              ]
            }
          ],
          "desc": "同根"
        },
        "usspeech": "hasty&type=2",
        "trans": [
          {
            "tranCn": "急速的；匆促的",
            "descOther": "英释",
            "descCn": "中释",
            "pos": "adj",
            "tranOther": "done in a hurry, especially with bad results"
          }
        ]
      }
    }
  },
  "bookId": "IELTSluan_2"
}