{
  "wordRank": 129,
  "headWord": "drastic",
  "content": {
    "word": {
      "wordHead": "drastic",
      "wordId": "IELTSluan_2_129",
      "content": {
        "sentence": {
          "sentences": [
            {
              "sContent": "drastic cuts in government spending",
              "sCn": "政府开支的急剧削减"
            },
            {
              "sContent": "Drastic changesare needed if environmental catastrophe is to be avoided.",
              "sCn": "要想避免环境灾难就需要重大的变革。"
            }
          ],
          "desc": "例句"
        },
        "usphone": "'dræstɪk",
        "syno": {
          "synos": [
            {
              "pos": "adj",
              "tran": "激烈的；猛烈的",
              "hwds": [
                {
                  "w": "fierce"
                },
                {
                  "w": "acute"
                },
                {
                  "w": "violent"
                },
                {
                  "w": "hard"
                },
                {
                  "w": "furious"
                }
              ]
            }
          ],
          "desc": "同近"
        },
        "ukphone": "'dræstɪk; 'drɑː-",
        "ukspeech": "drastic&type=1",
        "star": 0,
        "phone": "'dræstik",
        "speech": "drastic",
        "relWord": {
          "rels": [
            {
              "pos": "adv",
              "words": [
                {
                  "hwd": "drastically",
                  "tran": " 彻底地；激烈地"
                }
              ]
            }
          ],
          "desc": "同根"
        },
        "usspeech": "drastic&type=2",
        "trans": [
          {
            "tranCn": "激烈的，猛烈的",
            "descOther": "英释",
            "descCn": "中释",
            "pos": "adj",
            "tranOther": "extreme and sudden"
          }
        ]
      }
    }
  },
  "bookId": "IELTSluan_2"
}