{
  "wordRank": 1290,
  "headWord": "insulate",
  "content": {
    "word": {
      "wordHead": "insulate",
      "wordId": "IELTSluan_2_1290",
      "content": {
        "sentence": {
          "sentences": [
            {
              "sContent": "an insulated attic",
              "sCn": "隔热[隔音]的阁楼"
            }
          ],
          "desc": "例句"
        },
        "usphone": "ˈɪnsəˌleɪt ; ˈɪnsjʊˌleɪt",
        "syno": {
          "synos": [
            {
              "pos": "vt",
              "tran": "隔离，使孤立；使绝缘，使隔热",
              "hwds": [
                {
                  "w": "segregant"
                },
                {
                  "w": "quarantine"
                }
              ]
            }
          ],
          "desc": "同近"
        },
        "ukphone": "'ɪnsjʊleɪt",
        "ukspeech": "insulate&type=1",
        "star": 0,
        "phone": "'insjuleit, 'insə-",
        "speech": "insulate",
        "remMethod": {
          "val": " insul(岛) + ate(使…) → 使成为孤岛 → 隔离； 使隔绝",
          "desc": "记忆"
        },
        "relWord": {
          "rels": [
            {
              "pos": "adj",
              "words": [
                {
                  "hwd": "insular",
                  "tran": " 孤立的；与世隔绝的；海岛的；岛民的"
                }
              ]
            },
            {
              "pos": "n",
              "words": [
                {
                  "hwd": "insulation",
                  "tran": " 绝缘；隔离，孤立"
                },
                {
                  "hwd": "insulator",
                  "tran": " [物] 绝缘体；从事绝缘工作的工人"
                },
                {
                  "hwd": "insulant",
                  "tran": " 绝缘材料，绝缘物质"
                }
              ]
            }
          ],
          "desc": "同根"
        },
        "usspeech": "insulate&type=2",
        "trans": [
          {
            "tranCn": "使绝缘，使绝热，隔离",
            "descOther": "英释",
            "descCn": "中释",
            "pos": "v",
            "tranOther": "to cover or protect something with a material that stops electricity, sound, heat etc from getting in or out"
          }
        ]
      }
    }
  },
  "bookId": "IELTSluan_2"
}