{
  "wordRank": 1291,
  "headWord": "colony",
  "content": {
    "word": {
      "wordHead": "colony",
      "wordId": "IELTSluan_2_1291",
      "content": {
        "sentence": {
          "sentences": [
            {
              "sContent": "Algeria was formerly a French colony.",
              "sCn": "阿尔及利亚以前是法国的殖民地。"
            }
          ],
          "desc": "例句"
        },
        "usphone": "'kɑləni",
        "syno": {
          "synos": [
            {
              "pos": "n",
              "tran": "殖民地；移民队",
              "hwds": [
                {
                  "w": "settlements"
                }
              ]
            }
          ],
          "desc": "同近"
        },
        "ukphone": "'kɒlənɪ",
        "ukspeech": "colony&type=1",
        "star": 0,
        "phrase": {
          "phrases": [
            {
              "pContent": "bacterial colony",
              "pCn": "n. （细菌）菌落；细菌聚落"
            },
            {
              "pContent": "colony formation",
              "pCn": "群体形成；集落形成"
            },
            {
              "pContent": "crown colony",
              "pCn": "英国直辖殖民地"
            },
            {
              "pContent": "colony count",
              "pCn": "菌落计数；菌落数（测定法）"
            },
            {
              "pContent": "penal colony",
              "pCn": "（罪犯的）流放地"
            }
          ],
          "desc": "短语"
        },
        "speech": "colony",
        "remMethod": {
          "val": " col(耕种) + on + y(表场所， 名词后缀) → 在某处耕种 → 将那里变为自己的殖民地 → 殖民地",
          "desc": "记忆"
        },
        "relWord": {
          "rels": [
            {
              "pos": "adj",
              "words": [
                {
                  "hwd": "colonial",
                  "tran": " 殖民地的，殖民的"
                },
                {
                  "hwd": "colonist",
                  "tran": " 殖民主义者的；奉行殖民主义的"
                },
                {
                  "hwd": "colonialist",
                  "tran": " 殖民主义者的"
                }
              ]
            },
            {
              "pos": "n",
              "words": [
                {
                  "hwd": "colonial",
                  "tran": " 殖民地居民"
                },
                {
                  "hwd": "colonist",
                  "tran": " 殖民者；殖民地居民；移民"
                },
                {
                  "hwd": "colonization",
                  "tran": " 殖民；殖民地化"
                },
                {
                  "hwd": "colonialism",
                  "tran": " 殖民主义；殖民政策"
                },
                {
                  "hwd": "colonialist",
                  "tran": " 殖民主义者"
                },
                {
                  "hwd": "colonizer",
                  "tran": " 殖民者；殖民地开拓者；移入选民；移民"
                }
              ]
            },
            {
              "pos": "vi",
              "words": [
                {
                  "hwd": "colonize",
                  "tran": " 开拓殖民地；移居于殖民地"
                }
              ]
            },
            {
              "pos": "vt",
              "words": [
                {
                  "hwd": "colonize",
                  "tran": " 将…开拓为殖民地；移于殖民地；从他地非法把选民移入"
                }
              ]
            }
          ],
          "desc": "同根"
        },
        "usspeech": "colony&type=2",
        "trans": [
          {
            "tranCn": "殖民地；侨民",
            "descOther": "英释",
            "descCn": "中释",
            "pos": "n",
            "tranOther": "a country or area that is under the political control of a more powerful country, usually one that is far away"
          }
        ]
      }
    }
  },
  "bookId": "IELTSluan_2"
}