{
  "wordRank": 1292,
  "headWord": "repent",
  "content": {
    "word": {
      "wordHead": "repent",
      "wordId": "IELTSluan_2_1292",
      "content": {
        "sentence": {
          "sentences": [
            {
              "sContent": "Those who refuse to repent, he said, will be punished.",
              "sCn": "他说，那些不肯悔悟的人将受到惩罚。"
            }
          ],
          "desc": "例句"
        },
        "usphone": "rɪ'pɛnt",
        "syno": {
          "synos": [
            {
              "pos": "vi",
              "tran": "后悔；忏悔",
              "hwds": [
                {
                  "w": "rue"
                }
              ]
            },
            {
              "pos": "vt",
              "tran": "后悔；对…感到后悔",
              "hwds": [
                {
                  "w": "regret"
                }
              ]
            },
            {
              "pos": "adj",
              "tran": "[植]匍匐生根的；[动]爬行的",
              "hwds": [
                {
                  "w": "acrawl"
                },
                {
                  "w": "creepy"
                }
              ]
            }
          ],
          "desc": "同近"
        },
        "ukphone": "rɪ'pent",
        "ukspeech": "repent&type=1",
        "star": 0,
        "phrase": {
          "phrases": [
            {
              "pContent": "repent of",
              "pCn": "v. 后悔"
            }
          ],
          "desc": "短语"
        },
        "phone": "ri'pent",
        "speech": "repent",
        "relWord": {
          "rels": [
            {
              "pos": "adj",
              "words": [
                {
                  "hwd": "repentant",
                  "tran": " 悔改的；后悔的"
                }
              ]
            },
            {
              "pos": "adv",
              "words": [
                {
                  "hwd": "repentantly",
                  "tran": " 悔悟地；后悔地"
                }
              ]
            },
            {
              "pos": "n",
              "words": [
                {
                  "hwd": "repentance",
                  "tran": " 悔改；后悔"
                }
              ]
            }
          ],
          "desc": "同根"
        },
        "usspeech": "repent&type=2",
        "trans": [
          {
            "tranCn": "悔悟，后悔",
            "descOther": "英释",
            "descCn": "中释",
            "pos": "vi&vt",
            "tranOther": "to be sorry for something and wish you had not done it – used especially when considering your actions in a religious way"
          }
        ]
      }
    }
  },
  "bookId": "IELTSluan_2"
}