{
  "wordRank": 1293,
  "headWord": "illusion",
  "content": {
    "word": {
      "wordHead": "illusion",
      "wordId": "IELTSluan_2_1293",
      "content": {
        "sentence": {
          "sentences": [
            {
              "sContent": "She was under no illusion that he loved her.",
              "sCn": "她不再幻想他爱她了。"
            },
            {
              "sContent": "It is an illusion that the Arctic is dark in winter.",
              "sCn": "认为北极冬天一片黑暗是错误的。"
            },
            {
              "sContent": "She had no illusions about her physical attractiveness.",
              "sCn": "她对自己外表的吸引力不抱幻想。"
            },
            {
              "sContent": "‘I hate to shatter your illusions,’ he said.",
              "sCn": "“我不愿意打破你的幻想。”他说。"
            }
          ],
          "desc": "例句"
        },
        "usphone": "ɪ'luʒn",
        "ukspeech": "illusion&type=1",
        "star": 0,
        "usspeech": "illusion&type=2",
        "syno": {
          "synos": [
            {
              "pos": "n",
              "tran": "幻觉，[心理]错觉；错误的观念或信仰",
              "hwds": [
                {
                  "w": "hallucination"
                },
                {
                  "w": "fantasm"
                }
              ]
            }
          ],
          "desc": "同近"
        },
        "ukphone": "ɪ'l(j)uːʒ(ə)n",
        "phrase": {
          "phrases": [
            {
              "pContent": "optical illusion",
              "pCn": "视错觉，错视；光幻觉"
            },
            {
              "pContent": "visual illusion",
              "pCn": "视觉错误"
            }
          ],
          "desc": "短语"
        },
        "phone": "i'lju:ʒən",
        "speech": "illusion",
        "remMethod": {
          "val": " il(不， 无) + lus(看作lust， 光) + ion(名词后缀)→ 看到根本没有的光 → 幻觉， 假象",
          "desc": "记忆"
        },
        "relWord": {
          "rels": [
            {
              "pos": "adj",
              "words": [
                {
                  "hwd": "illusory",
                  "tran": " 错觉的；幻影的；虚假的；产生幻觉的"
                },
                {
                  "hwd": "illusive",
                  "tran": " 错觉的；幻影的；迷惑人的"
                },
                {
                  "hwd": "illusionary",
                  "tran": " 错觉的，幻影的（等于illusional）"
                },
                {
                  "hwd": "illusional",
                  "tran": " 错觉的；幻影的"
                }
              ]
            },
            {
              "pos": "n",
              "words": [
                {
                  "hwd": "illusionist",
                  "tran": " 魔术师；爱幻想的人；幻觉论者；幻觉派的艺术家"
                }
              ]
            }
          ],
          "desc": "同根"
        },
        "trans": [
          {
            "tranCn": "幻象，错觉",
            "descOther": "英释",
            "descCn": "中释",
            "pos": "n",
            "tranOther": "an idea or opinion that is wrong, especially about yourself"
          }
        ]
      }
    }
  },
  "bookId": "IELTSluan_2"
}