{
  "wordRank": 1294,
  "headWord": "enrolment",
  "content": {
    "word": {
      "wordHead": "enrolment",
      "wordId": "IELTSluan_2_1294",
      "content": {
        "sentence": {
          "sentences": [
            {
              "sContent": "Enrolment will take place in September.",
              "sCn": "注册将于9月进行。"
            }
          ],
          "desc": "例句"
        },
        "usphone": "ɪn'rolmənt",
        "syno": {
          "synos": [
            {
              "pos": "n",
              "tran": "登记，注册；入学",
              "hwds": [
                {
                  "w": "registration"
                },
                {
                  "w": "entry"
                }
              ]
            }
          ],
          "desc": "同近"
        },
        "ukphone": "ɪn'rəʊlm(ə)nt",
        "ukspeech": "enrolment&type=1",
        "star": 0,
        "phone": "in'rəulmənt",
        "speech": "enrolment",
        "remMethod": {
          "val": " enrol(登记； 入学) + ment → 登记； 入学",
          "desc": "记忆"
        },
        "relWord": {
          "rels": [
            {
              "pos": "n",
              "words": [
                {
                  "hwd": "enrollment",
                  "tran": " 登记；入伍"
                },
                {
                  "hwd": "enrollee",
                  "tran": " 入学者；入会者；被征入伍者"
                }
              ]
            },
            {
              "pos": "v",
              "words": [
                {
                  "hwd": "enrolled",
                  "tran": " 登记（入会；卷）"
                }
              ]
            },
            {
              "pos": "vi",
              "words": [
                {
                  "hwd": "enroll",
                  "tran": " 参加；登记；注册；记入名册"
                },
                {
                  "hwd": "enrol",
                  "tran": " 注册；参军"
                }
              ]
            },
            {
              "pos": "vt",
              "words": [
                {
                  "hwd": "enroll",
                  "tran": " 登记；使加入；把...记入名册；使入伍"
                },
                {
                  "hwd": "enrol",
                  "tran": " 登记；卷起；入学；使入会"
                }
              ]
            }
          ],
          "desc": "同根"
        },
        "usspeech": "enrolment&type=2",
        "trans": [
          {
            "tranCn": "登记，入学",
            "descOther": "英释",
            "descCn": "中释",
            "pos": "n",
            "tranOther": "the process of arranging to join a school, university, course etc"
          }
        ]
      }
    }
  },
  "bookId": "IELTSluan_2"
}