{
  "wordRank": 1295,
  "headWord": "chaos",
  "content": {
    "word": {
      "wordHead": "chaos",
      "wordId": "IELTSluan_2_1295",
      "content": {
        "sentence": {
          "sentences": [
            {
              "sContent": "The country was plunged into economic chaos.",
              "sCn": "这个国家陷入了经济大混乱。"
            }
          ],
          "desc": "例句"
        },
        "usphone": "'keɑs",
        "syno": {
          "synos": [
            {
              "pos": "n",
              "tran": "[物]混沌，混乱",
              "hwds": [
                {
                  "w": "disorder"
                },
                {
                  "w": "confusion"
                },
                {
                  "w": "involvement"
                },
                {
                  "w": "mix"
                },
                {
                  "w": "turmoil"
                }
              ]
            }
          ],
          "desc": "同近"
        },
        "ukphone": "'keɪɒs",
        "ukspeech": "chaos&type=1",
        "star": 0,
        "phrase": {
          "phrases": [
            {
              "pContent": "in chaos",
              "pCn": "混乱；纷乱"
            },
            {
              "pContent": "chaos theory",
              "pCn": "混沌理论"
            },
            {
              "pContent": "chaos and confusion",
              "pCn": "混乱与浑沌"
            },
            {
              "pContent": "deterministic chaos",
              "pCn": "[数]决定性混沌；命定混沌（等于chaos）"
            }
          ],
          "desc": "短语"
        },
        "phone": "'keiɔs",
        "speech": "chaos",
        "remMethod": {
          "val": " chao(拼音“吵”) + s(音似： 死) → 吵死啦！ → 混乱",
          "desc": "记忆"
        },
        "usspeech": "chaos&type=2",
        "trans": [
          {
            "tranCn": "混乱，纷乱",
            "descOther": "英释",
            "descCn": "中释",
            "pos": "n",
            "tranOther": "a situation in which everything is happening in a confused way and nothing is organized or arranged in order"
          }
        ]
      }
    }
  },
  "bookId": "IELTSluan_2"
}