{
  "wordRank": 1296,
  "headWord": "pine",
  "content": {
    "word": {
      "wordHead": "pine",
      "wordId": "IELTSluan_2_1296",
      "content": {
        "sentence": {
          "sentences": [
            {
              "sContent": "an ancient pine forest",
              "sCn": "一片古老的松树林"
            }
          ],
          "desc": "例句"
        },
        "usphone": "paɪn",
        "ukspeech": "pine&type=1",
        "star": 0,
        "usspeech": "pine&type=2",
        "syno": {
          "synos": [
            {
              "pos": "vi",
              "tran": "渴望，痛苦；憔悴",
              "hwds": [
                {
                  "w": "rare"
                },
                {
                  "w": "aspire"
                }
              ]
            },
            {
              "pos": "n",
              "tran": "[林]松树；凤梨，菠萝",
              "hwds": [
                {
                  "w": "ananas"
                }
              ]
            },
            {
              "pos": "vt",
              "tran": "为…悲哀；哀悼",
              "hwds": [
                {
                  "w": "regret"
                },
                {
                  "w": "grieve over"
                }
              ]
            }
          ],
          "desc": "同近"
        },
        "ukphone": "paɪn",
        "phrase": {
          "phrases": [
            {
              "pContent": "pine tree",
              "pCn": "松树"
            },
            {
              "pContent": "korean pine",
              "pCn": "红松；海松"
            },
            {
              "pContent": "pine wood",
              "pCn": "松木"
            },
            {
              "pContent": "pine pollen",
              "pCn": "松花粉"
            },
            {
              "pContent": "pine nut",
              "pCn": "松子；松仁"
            },
            {
              "pContent": "pine needle",
              "pCn": "松针"
            },
            {
              "pContent": "red pine",
              "pCn": "赤松"
            },
            {
              "pContent": "white pine",
              "pCn": "美国五针松"
            },
            {
              "pContent": "scotch pine",
              "pCn": "[生]苏格兰松树"
            },
            {
              "pContent": "pine bark",
              "pCn": "松树皮"
            },
            {
              "pContent": "pine oil",
              "pCn": "松树油"
            },
            {
              "pContent": "pine for",
              "pCn": "渴望"
            },
            {
              "pContent": "pine cone",
              "pCn": "n. 松果；松球"
            },
            {
              "pContent": "loblolly pine",
              "pCn": "火炬松，厚皮刺果松"
            },
            {
              "pContent": "pine resin",
              "pCn": "松木树脂"
            },
            {
              "pContent": "pine tar",
              "pCn": "松焦油"
            }
          ],
          "desc": "短语"
        },
        "phone": "pain",
        "speech": "pine",
        "remMethod": {
          "val": " 松树(pine)的叶子像根针(pin)",
          "desc": "记忆"
        },
        "relWord": {
          "rels": [
            {
              "pos": "adj",
              "words": [
                {
                  "hwd": "pinched",
                  "tran": " 压紧的；痛苦的；困难的；收缩的"
                },
                {
                  "hwd": "pineal",
                  "tran": " 松果腺的；松球状的"
                },
                {
                  "hwd": "pining",
                  "tran": " 渴望的；苦思的"
                }
              ]
            },
            {
              "pos": "n",
              "words": [
                {
                  "hwd": "pineal",
                  "tran": " 松果体"
                },
                {
                  "hwd": "pining",
                  "tran": " 牛羊贫血病；牛羊营养不良症"
                }
              ]
            }
          ],
          "desc": "同根"
        },
        "trans": [
          {
            "tranCn": "消瘦，衰弱",
            "descCn": "中释",
            "pos": "v"
          },
          {
            "tranCn": "松树",
            "descOther": "英释",
            "descCn": "中释",
            "pos": "n",
            "tranOther": "a tall tree with long hard sharp leaves that do not fall off in winter"
          }
        ]
      }
    }
  },
  "bookId": "IELTSluan_2"
}