{
  "wordRank": 1297,
  "headWord": "transfuse",
  "content": {
    "word": {
      "wordHead": "transfuse",
      "wordId": "IELTSluan_2_1297",
      "content": {
        "sentence": {
          "sentences": [
            {
              "sContent": "There are no rules about when to transfuse and who to do it to.",
              "sContent_eng": "There are no rules about when to <b>transfuse</b> and who to do it to.",
              "sSpeech": "There+are+no+rules+about+when+to+transfuse+and+who+to+do+it+to.&le=eng",
              "sCn": "从来没有相关规定，在什么时候什么人应该被输血。"
            },
            {
              "sContent": "Whether you can transfuse your blood to him depends on whether your blood type matches his.",
              "sContent_eng": "Whether you can <b>transfuse</b> your blood to him depends on whether your blood type matches his.",
              "sSpeech": "Whether+you+can+transfuse+your+blood+to+him+depends+on+whether+your+blood+type+matches+his.&le=eng",
              "sCn": "你是否可以给他输血要看你的血型与他的血型是否想配。"
            },
            {
              "sContent": "They are the only medevac service to have doctors on board able to transfuse blood while in the air, and they use some of the most innovative techniques in the field.",
              "sContent_eng": "They are the only medevac service to have doctors on board able to <b>transfuse</b> blood while in the air, and they use some of the most innovative techniques in the field.",
              "sSpeech": "They+are+the+only+medevac+service+to+have+doctors+on+board+able+to+transfuse+blood+while+in+the+air%2C+and+they+use+some+of+the+most+innovative+techniques+in+the+field.&le=eng",
              "sCn": "他们在唯一的救伤直升机上给伤员输血，在战地条件下运用一些最新的技术来救治伤员。"
            }
          ],
          "desc": "例句"
        },
        "usphone": "trænz'fjʊz",
        "syno": {
          "synos": [
            {
              "pos": "vt",
              "tran": "输血；灌输；注入",
              "hwds": [
                {
                  "w": "blood transfusions"
                },
                {
                  "w": "imbue"
                }
              ]
            }
          ],
          "desc": "同近"
        },
        "ukphone": "træns'fjuːz; trɑːns-; -nz-",
        "ukspeech": "transfuse&type=1",
        "star": 0,
        "phone": "træns'fju:z, trænz-, trɑ:n-",
        "speech": "transfuse",
        "relWord": {
          "rels": [
            {
              "pos": "n",
              "words": [
                {
                  "hwd": "transfusion",
                  "tran": " [临床] 输血；[临床] 输液；倾注；灌输"
                }
              ]
            }
          ],
          "desc": "同根"
        },
        "usspeech": "transfuse&type=2",
        "trans": [
          {
            "tranCn": "给输血",
            "descCn": "中释",
            "pos": "v"
          }
        ]
      }
    }
  },
  "bookId": "IELTSluan_2"
}