{
  "wordRank": 1298,
  "headWord": "comic",
  "content": {
    "word": {
      "wordHead": "comic",
      "wordId": "IELTSluan_2_1298",
      "content": {
        "sentence": {
          "sentences": [
            {
              "sContent": "a comic novel",
              "sCn": "滑稽小说"
            }
          ],
          "desc": "例句"
        },
        "usphone": "'kɑmɪk",
        "syno": {
          "synos": [
            {
              "pos": "adj",
              "tran": "喜剧的；滑稽的；有趣的",
              "hwds": [
                {
                  "w": "colorful"
                },
                {
                  "w": "funny"
                }
              ]
            },
            {
              "pos": "n",
              "tran": "连环漫画；喜剧演员；滑稽人物",
              "hwds": [
                {
                  "w": "funny"
                },
                {
                  "w": "stripcartoon"
                }
              ]
            }
          ],
          "desc": "同近"
        },
        "ukphone": "'kɒmɪk",
        "ukspeech": "comic&type=1",
        "star": 0,
        "phrase": {
          "phrases": [
            {
              "pContent": "comic book",
              "pCn": "连环漫画册"
            },
            {
              "pContent": "comic strip",
              "pCn": "连载漫画；四格漫画"
            },
            {
              "pContent": "comic relief",
              "pCn": "n. 喜剧性穿插；喜剧性调剂"
            },
            {
              "pContent": "comic and animation",
              "pCn": "动漫"
            },
            {
              "pContent": "comic opera",
              "pCn": "喜歌剧"
            }
          ],
          "desc": "短语"
        },
        "phone": "'kɔmik",
        "speech": "comic",
        "relWord": {
          "rels": [
            {
              "pos": "adj",
              "words": [
                {
                  "hwd": "comical",
                  "tran": " 滑稽的，好笑的"
                }
              ]
            },
            {
              "pos": "adv",
              "words": [
                {
                  "hwd": "comically",
                  "tran": " 滑稽地；诙谐地"
                }
              ]
            },
            {
              "pos": "n",
              "words": [
                {
                  "hwd": "comicality",
                  "tran": " 诙谐；滑稽"
                }
              ]
            }
          ],
          "desc": "同根"
        },
        "usspeech": "comic&type=2",
        "trans": [
          {
            "tranCn": "喜剧的，滑稽的n连环漫画杂志；喜剧演员",
            "descOther": "英释",
            "descCn": "中释",
            "pos": "adj",
            "tranOther": "amusing you and making you want to laugh"
          }
        ]
      }
    }
  },
  "bookId": "IELTSluan_2"
}