{
  "wordRank": 1299,
  "headWord": "infectious",
  "content": {
    "word": {
      "wordHead": "infectious",
      "wordId": "IELTSluan_2_1299",
      "content": {
        "sentence": {
          "sentences": [
            {
              "sContent": "infectious diseases",
              "sCn": "传染性疾病"
            },
            {
              "sContent": "Flu is highly infectious.",
              "sCn": "流感传染性很强。"
            }
          ],
          "desc": "例句"
        },
        "usphone": "ɪn'fɛkʃəs",
        "syno": {
          "synos": [
            {
              "pos": "adj",
              "tran": "[内科]传染的；传染性的；易传染的",
              "hwds": [
                {
                  "w": "catching"
                },
                {
                  "w": "epidemic"
                }
              ]
            }
          ],
          "desc": "同近"
        },
        "ukphone": "ɪn'fekʃəs",
        "ukspeech": "infectious&type=1",
        "star": 0,
        "phrase": {
          "phrases": [
            {
              "pContent": "infectious disease",
              "pCn": "传染病"
            },
            {
              "pContent": "infectious mononucleosis",
              "pCn": "传染性单核细胞增多"
            },
            {
              "pContent": "infectious disease hospital",
              "pCn": "传染病院"
            }
          ],
          "desc": "短语"
        },
        "phone": "in'fekʃəs",
        "speech": "infectious",
        "relWord": {
          "rels": [
            {
              "pos": "adj",
              "words": [
                {
                  "hwd": "infected",
                  "tran": " 被感染的"
                },
                {
                  "hwd": "infective",
                  "tran": " 有传染性的，感染别人的"
                }
              ]
            },
            {
              "pos": "n",
              "words": [
                {
                  "hwd": "infection",
                  "tran": " 感染；传染；影响；传染病"
                }
              ]
            },
            {
              "pos": "v",
              "words": [
                {
                  "hwd": "infected",
                  "tran": " 传染（infect的过去分词）"
                }
              ]
            },
            {
              "pos": "vt",
              "words": [
                {
                  "hwd": "infect",
                  "tran": " 感染，传染"
                }
              ]
            }
          ],
          "desc": "同根"
        },
        "usspeech": "infectious&type=2",
        "trans": [
          {
            "tranCn": "传染的；感染性的",
            "descOther": "英释",
            "descCn": "中释",
            "pos": "adj",
            "tranOther": "an infectious illness can be passed from one person to another, especially through the air you breathe"
          }
        ]
      }
    }
  },
  "bookId": "IELTSluan_2"
}