{
  "wordRank": 13,
  "headWord": "immune",
  "content": {
    "word": {
      "wordHead": "immune",
      "wordId": "IELTSluan_2_13",
      "content": {
        "sentence": {
          "sentences": [
            {
              "sContent": "Once we’ve had the disease, we’re immune for life.",
              "sCn": "我们一旦得过这种病，就获得了终身免疫力。"
            }
          ],
          "desc": "例句"
        },
        "usphone": "ɪ'mjʊn",
        "ukspeech": "immune&type=1",
        "star": 0,
        "usspeech": "immune&type=2",
        "syno": {
          "synos": [
            {
              "pos": "adj",
              "tran": "[免疫]免疫的；免于……的，免除的",
              "hwds": [
                {
                  "w": "exonerative"
                }
              ]
            }
          ],
          "desc": "同近"
        },
        "ukphone": "ɪ'mjuːn",
        "phrase": {
          "phrases": [
            {
              "pContent": "immune system",
              "pCn": "免疫系统"
            },
            {
              "pContent": "immune response",
              "pCn": "免疫反应（体内免疫系统对外来有机体或化学物挑战所作出的反应）；免疫应答；免疫响应"
            },
            {
              "pContent": "acquired immune deficiency syndrome",
              "pCn": "艾滋病；获得性免疫缺陷综合症"
            },
            {
              "pContent": "immune globulin",
              "pCn": "免疫球蛋白"
            },
            {
              "pContent": "immune surveillance",
              "pCn": "免疫监督"
            },
            {
              "pContent": "immune complex",
              "pCn": "免疫复合物"
            },
            {
              "pContent": "immune serum",
              "pCn": "免疫血清"
            },
            {
              "pContent": "immune body",
              "pCn": "注射疫苗后在身体内所产生的抗体"
            }
          ],
          "desc": "短语"
        },
        "phone": "i'mju:n",
        "speech": "immune",
        "remMethod": {
          "val": " im(没有) + mun(作用) + e → 没有作用 → 免疫的； 免除的",
          "desc": "记忆"
        },
        "relWord": {
          "rels": [
            {
              "pos": "adj",
              "words": [
                {
                  "hwd": "immunized",
                  "tran": " 免疫的"
                },
                {
                  "hwd": "immunochemical",
                  "tran": " 免疫化学的"
                }
              ]
            },
            {
              "pos": "n",
              "words": [
                {
                  "hwd": "immunity",
                  "tran": " 免疫力；豁免权；免除"
                },
                {
                  "hwd": "immunization",
                  "tran": " 免疫"
                },
                {
                  "hwd": "immunisation",
                  "tran": " 免疫；免疫法"
                },
                {
                  "hwd": "immunoassay",
                  "tran": " 免疫分析，免疫测定"
                },
                {
                  "hwd": "immunochemistry",
                  "tran": " 免疫化学"
                },
                {
                  "hwd": "immunocompetence",
                  "tran": " 免疫能力；免疫活性"
                }
              ]
            },
            {
              "pos": "v",
              "words": [
                {
                  "hwd": "immunized",
                  "tran": " 使免疫（immunize的过去式、过去分词形式）"
                }
              ]
            },
            {
              "pos": "vt",
              "words": [
                {
                  "hwd": "immunize",
                  "tran": " 使免疫；赋予免疫性"
                },
                {
                  "hwd": "immunise",
                  "tran": " 使免疫（等于immunize）"
                }
              ]
            }
          ],
          "desc": "同根"
        },
        "trans": [
          {
            "tranCn": "免除的；安全的，不受影响的",
            "descOther": "英释",
            "descCn": "中释",
            "pos": "adj",
            "tranOther": "not affected by something that happens or is done"
          }
        ]
      }
    }
  },
  "bookId": "IELTSluan_2"
}