{
  "wordRank": 130,
  "headWord": "lucid",
  "content": {
    "word": {
      "wordHead": "lucid",
      "wordId": "IELTSluan_2_130",
      "content": {
        "sentence": {
          "sentences": [
            {
              "sContent": "You must write in a clear and lucid style.",
              "sCn": "你的写作风格一定要清楚易懂。"
            }
          ],
          "desc": "例句"
        },
        "usphone": "'lusɪd",
        "syno": {
          "synos": [
            {
              "pos": "adj",
              "tran": "明晰的；透明的；易懂的；头脑清楚的",
              "hwds": [
                {
                  "w": "transparent"
                },
                {
                  "w": "crystal"
                }
              ]
            }
          ],
          "desc": "同近"
        },
        "ukphone": "'luːsɪd",
        "ukspeech": "lucid&type=1",
        "star": 0,
        "phrase": {
          "phrases": [
            {
              "pContent": "lucid dream",
              "pCn": "n. 清醒梦；清明梦；清晰梦境"
            }
          ],
          "desc": "短语"
        },
        "phone": "'lju:sid",
        "speech": "lucid",
        "relWord": {
          "rels": [
            {
              "pos": "adj",
              "words": [
                {
                  "hwd": "lucent",
                  "tran": " 透明的，光亮的；美国朗讯科技公司（原AT&T实验室）"
                }
              ]
            },
            {
              "pos": "adv",
              "words": [
                {
                  "hwd": "lucidly",
                  "tran": " 透明地；清透地；清晰地"
                }
              ]
            },
            {
              "pos": "n",
              "words": [
                {
                  "hwd": "lucidity",
                  "tran": " 明朗；清澈；清醒度"
                },
                {
                  "hwd": "lucidness",
                  "tran": " 透明；清澄；易懂；肉眼可见"
                }
              ]
            }
          ],
          "desc": "同根"
        },
        "usspeech": "lucid&type=2",
        "trans": [
          {
            "tranCn": "清楚的，易懂的，神智清醒的",
            "descOther": "英释",
            "descCn": "中释",
            "pos": "adj",
            "tranOther": "expressed in a way that is clear and easy to understand"
          }
        ]
      }
    }
  },
  "bookId": "IELTSluan_2"
}