{
  "wordRank": 1300,
  "headWord": "liable",
  "content": {
    "word": {
      "wordHead": "liable",
      "wordId": "IELTSluan_2_1300",
      "content": {
        "sentence": {
          "sentences": [
            {
              "sContent": "The car is liable to overheat on long trips.",
              "sCn": "这辆汽车跑长途容易过热。"
            }
          ],
          "desc": "例句"
        },
        "usphone": "'laɪəbl",
        "syno": {
          "synos": [
            {
              "pos": "adj",
              "tran": "有责任的，有义务的；应受罚的；有…倾向的；易…的",
              "hwds": [
                {
                  "w": "responsible"
                },
                {
                  "w": "bound"
                },
                {
                  "w": "accountable"
                },
                {
                  "w": "prone"
                }
              ]
            }
          ],
          "desc": "同近"
        },
        "ukphone": "'laɪəb(ə)l",
        "ukspeech": "liable&type=1",
        "star": 0,
        "phrase": {
          "phrases": [
            {
              "pContent": "liable for",
              "pCn": "adj. 对……有责任"
            },
            {
              "pContent": "liable to tax",
              "pCn": "应纳税；应课税"
            }
          ],
          "desc": "短语"
        },
        "phone": "'laiəbl",
        "speech": "liable",
        "relWord": {
          "rels": [
            {
              "pos": "n",
              "words": [
                {
                  "hwd": "liability",
                  "tran": " 责任；债务；倾向"
                }
              ]
            }
          ],
          "desc": "同根"
        },
        "usspeech": "liable&type=2",
        "trans": [
          {
            "tranCn": "有倾向的；可能遭受的；有责任的",
            "descOther": "英释",
            "descCn": "中释",
            "pos": "adj",
            "tranOther": "legally responsible for the cost of something"
          }
        ]
      }
    }
  },
  "bookId": "IELTSluan_2"
}