{
  "wordRank": 1301,
  "headWord": "composite",
  "content": {
    "word": {
      "wordHead": "composite",
      "wordId": "IELTSluan_2_1301",
      "content": {
        "sentence": {
          "sentences": [
            {
              "sContent": "The author builds up a useful compo-site picture of contemporary consumer culture.",
              "sCn": "作者勾勒出了一幅实用的当代消费文化全景图。"
            },
            {
              "sContent": "composite metals",
              "sCn": "复合金属"
            }
          ],
          "desc": "例句"
        },
        "usphone": "kɑm'pɑzɪt",
        "syno": {
          "synos": [
            {
              "pos": "n",
              "tran": "复合材料；合成物；菊科",
              "hwds": [
                {
                  "w": "synthetic"
                },
                {
                  "w": "complex material"
                }
              ]
            },
            {
              "pos": "adj",
              "tran": "[数][植]复合的；合成的；菊科的",
              "hwds": [
                {
                  "w": "synthetic"
                },
                {
                  "w": "mulriple"
                }
              ]
            },
            {
              "pos": "vt",
              "tran": "使合成；使混合",
              "hwds": [
                {
                  "w": "babelize"
                }
              ]
            }
          ],
          "desc": "同近"
        },
        "ukphone": "'kɒmpəzɪt",
        "ukspeech": "composite&type=1",
        "star": 0,
        "phrase": {
          "phrases": [
            {
              "pContent": "composite material",
              "pCn": "复合材料"
            },
            {
              "pContent": "composite structure",
              "pCn": "组合结构；复合机构；混合结构"
            },
            {
              "pContent": "composite index",
              "pCn": "复合指标；财经综合指数"
            },
            {
              "pContent": "fiber composite",
              "pCn": "复合材料，混合纤维"
            },
            {
              "pContent": "composite beam",
              "pCn": "复合梁；合成梁；混合梁"
            },
            {
              "pContent": "composite plate",
              "pCn": "[冶]复合板；[冶]复合镀层"
            },
            {
              "pContent": "composite fiber",
              "pCn": "复合纤维；混合纤维"
            },
            {
              "pContent": "composite board",
              "pCn": "复合板；合成板；多层纸板；复合纸板"
            },
            {
              "pContent": "composite steel",
              "pCn": "复合钢"
            },
            {
              "pContent": "composite pile",
              "pCn": "复合桩；组合桩；混合桩"
            },
            {
              "pContent": "composite wall",
              "pCn": "组合墙，复合墙"
            },
            {
              "pContent": "composite family",
              "pCn": "[植]菊科；牧草科"
            },
            {
              "pContent": "central composite design",
              "pCn": "中心合成设计"
            },
            {
              "pContent": "composite paper",
              "pCn": "复合纸"
            },
            {
              "pContent": "nasdaq composite index",
              "pCn": "纳斯达克综合指数"
            },
            {
              "pContent": "composite construction",
              "pCn": "组合构造"
            },
            {
              "pContent": "composite function",
              "pCn": "复合函数"
            },
            {
              "pContent": "composite force",
              "pCn": "合力"
            },
            {
              "pContent": "composite indicator",
              "pCn": "综合指标"
            },
            {
              "pContent": "composite action",
              "pCn": "混合作用"
            }
          ],
          "desc": "短语"
        },
        "phone": "'kɔmpəzit",
        "speech": "composite",
        "relWord": {
          "rels": [
            {
              "pos": "adj",
              "words": [
                {
                  "hwd": "composed",
                  "tran": " 镇静的；沉着的"
                },
                {
                  "hwd": "composing",
                  "tran": " 起镇静作用的"
                },
                {
                  "hwd": "compositional",
                  "tran": " 组成的；创作的；作曲的"
                }
              ]
            },
            {
              "pos": "n",
              "words": [
                {
                  "hwd": "composition",
                  "tran": " 作文，作曲；[材] 构成；合成物"
                },
                {
                  "hwd": "composing",
                  "tran": " 组成；[印刷] 排字"
                },
                {
                  "hwd": "compositor",
                  "tran": " [印刷] 排字工人"
                }
              ]
            },
            {
              "pos": "v",
              "words": [
                {
                  "hwd": "composed",
                  "tran": " 组成；作曲（compose的过去分词）；著作"
                },
                {
                  "hwd": "composing",
                  "tran": " 组成；写作（compose的ing形式）"
                }
              ]
            },
            {
              "pos": "vi",
              "words": [
                {
                  "hwd": "compose",
                  "tran": " 组成；作曲；排字"
                }
              ]
            },
            {
              "pos": "vt",
              "words": [
                {
                  "hwd": "compose",
                  "tran": " 构成；写作；使平静；排…的版"
                }
              ]
            }
          ],
          "desc": "同根"
        },
        "usspeech": "composite&type=2",
        "trans": [
          {
            "tranCn": "合成的，复合的",
            "descOther": "英释",
            "descCn": "中释",
            "pos": "adj",
            "tranOther": "made up of different parts or materials"
          }
        ]
      }
    }
  },
  "bookId": "IELTSluan_2"
}