{
  "wordRank": 1302,
  "headWord": "moustache",
  "content": {
    "word": {
      "wordHead": "moustache",
      "wordId": "IELTSluan_2_1302",
      "content": {
        "sentence": {
          "sentences": [
            {
              "sContent": "He’s shaved off his moustache.",
              "sCn": "他剃去了小胡子。"
            }
          ],
          "desc": "例句"
        },
        "usphone": "mə'stɑʃ",
        "syno": {
          "synos": [
            {
              "pos": "n",
              "tran": "小胡子；髭；触须",
              "hwds": [
                {
                  "w": "antenna"
                },
                {
                  "w": "taz"
                }
              ]
            }
          ],
          "desc": "同近"
        },
        "ukphone": "mə'stɑːʃ",
        "ukspeech": "moustache&type=1",
        "star": 0,
        "phone": "mə'stɑ:ʃ, 'mʌstæʃ",
        "speech": "moustache",
        "usspeech": "moustache&type=2",
        "trans": [
          {
            "tranCn": "(嘴唇上面的)胡子",
            "descOther": "英释",
            "descCn": "中释",
            "pos": "n",
            "tranOther": "hair that grows on a man’s upper lip"
          }
        ]
      }
    }
  },
  "bookId": "IELTSluan_2"
}