{
  "wordRank": 1303,
  "headWord": "acquaint",
  "content": {
    "word": {
      "wordHead": "acquaint",
      "wordId": "IELTSluan_2_1303",
      "content": {
        "sentence": {
          "sentences": [
            {
              "sContent": "I need to acquaint myself with the new regulations.",
              "sCn": "我得熟悉一下新的规章制度。"
            }
          ],
          "desc": "例句"
        },
        "usphone": "ə'kwent",
        "syno": {
          "synos": [
            {
              "pos": "vt",
              "tran": "使熟悉；使认识",
              "hwds": [
                {
                  "w": "familiarize"
                }
              ]
            }
          ],
          "desc": "同近"
        },
        "ukphone": "ə'kweɪnt",
        "ukspeech": "acquaint&type=1",
        "star": 0,
        "phrase": {
          "phrases": [
            {
              "pContent": "acquaint with",
              "pCn": "熟悉；使认识，使了解"
            }
          ],
          "desc": "短语"
        },
        "phone": "ə'kweint",
        "speech": "acquaint",
        "relWord": {
          "rels": [
            {
              "pos": "adj",
              "words": [
                {
                  "hwd": "acquainted",
                  "tran": " 熟识的；知晓的；有知识的"
                }
              ]
            },
            {
              "pos": "n",
              "words": [
                {
                  "hwd": "acquaintance",
                  "tran": " 熟人；相识；了解；知道"
                },
                {
                  "hwd": "acquaintanceship",
                  "tran": " 认识；相识；交往关系"
                }
              ]
            },
            {
              "pos": "v",
              "words": [
                {
                  "hwd": "acquainted",
                  "tran": " 使了解（acquaint的过去分词）"
                }
              ]
            }
          ],
          "desc": "同根"
        },
        "usspeech": "acquaint&type=2",
        "trans": [
          {
            "tranCn": "使认识；使熟悉",
            "descCn": "中释",
            "pos": "v"
          }
        ]
      }
    }
  },
  "bookId": "IELTSluan_2"
}