{
  "wordRank": 1304,
  "headWord": "adjoin",
  "content": {
    "word": {
      "wordHead": "adjoin",
      "wordId": "IELTSluan_2_1304",
      "content": {
        "sentence": {
          "sentences": [
            {
              "sContent": "A vacant plot of land adjoins his house.",
              "sCn": "有一块空地紧挨着他家。"
            }
          ],
          "desc": "例句"
        },
        "usphone": "ə'dʒɔɪn",
        "syno": {
          "synos": [
            {
              "pos": "vi",
              "tran": "毗连，邻接",
              "hwds": [
                {
                  "w": "abut upon"
                },
                {
                  "w": "abut against"
                }
              ]
            },
            {
              "pos": "vt",
              "tran": "毗连，邻接",
              "hwds": [
                {
                  "w": "abut upon"
                },
                {
                  "w": "neighbor"
                }
              ]
            }
          ],
          "desc": "同近"
        },
        "ukphone": "ə'dʒɒɪn",
        "ukspeech": "adjoin&type=1",
        "star": 0,
        "phone": "ə'dʒɔin",
        "speech": "adjoin",
        "relWord": {
          "rels": [
            {
              "pos": "adj",
              "words": [
                {
                  "hwd": "adjoining",
                  "tran": " 邻接的；毗连的"
                }
              ]
            },
            {
              "pos": "v",
              "words": [
                {
                  "hwd": "adjoining",
                  "tran": " 邻接（adjoin的ing形式）"
                }
              ]
            }
          ],
          "desc": "同根"
        },
        "usspeech": "adjoin&type=2",
        "trans": [
          {
            "tranCn": "贴近，与毗连",
            "descCn": "中释",
            "pos": "v"
          }
        ]
      }
    }
  },
  "bookId": "IELTSluan_2"
}