{
  "wordRank": 1305,
  "headWord": "sphere",
  "content": {
    "word": {
      "wordHead": "sphere",
      "wordId": "IELTSluan_2_1305",
      "content": {
        "sentence": {
          "sentences": [
            {
              "sContent": "Because the earth spins, it is not a perfect sphere.",
              "sCn": "因为地球旋转，所以它不是个完完全全的球体。"
            }
          ],
          "desc": "例句"
        },
        "usphone": "sfɪr",
        "syno": {
          "synos": [
            {
              "pos": "n",
              "tran": "范围；[数]球体",
              "hwds": [
                {
                  "w": "extent"
                },
                {
                  "w": "boundary"
                },
                {
                  "w": "region"
                },
                {
                  "w": "scope"
                },
                {
                  "w": "spectrum"
                },
                {
                  "w": "territory"
                },
                {
                  "w": "range"
                }
              ]
            },
            {
              "pos": "vt",
              "tran": "包围；放入球内；使…成球形",
              "hwds": [
                {
                  "w": "case"
                },
                {
                  "w": "invest"
                }
              ]
            }
          ],
          "desc": "同近"
        },
        "ukphone": "sfɪə",
        "ukspeech": "sphere&type=1",
        "star": 0,
        "phone": "sfiə",
        "speech": "sphere",
        "remMethod": {
          "val": " spher(球) + e  → 球(体)",
          "desc": "记忆"
        },
        "relWord": {
          "rels": [
            {
              "pos": "adj",
              "words": [
                {
                  "hwd": "spherical",
                  "tran": " 球形的，球面的；天体的"
                },
                {
                  "hwd": "spheroidal",
                  "tran": " 类似球体的，球状的"
                }
              ]
            },
            {
              "pos": "n",
              "words": [
                {
                  "hwd": "sphericity",
                  "tran": " [数] 球形；球面"
                }
              ]
            }
          ],
          "desc": "同根"
        },
        "usspeech": "sphere&type=2",
        "trans": [
          {
            "tranCn": "球，球面；天体；(兴趣,活动,势力等)范围 \"",
            "descOther": "英释",
            "descCn": "中释",
            "pos": "n",
            "tranOther": "a ball shape"
          }
        ]
      }
    }
  },
  "bookId": "IELTSluan_2"
}