{
  "wordRank": 1306,
  "headWord": "anecdote",
  "content": {
    "word": {
      "wordHead": "anecdote",
      "wordId": "IELTSluan_2_1306",
      "content": {
        "sentence": {
          "sentences": [
            {
              "sContent": "The book is full of amusing anecdotes about his life in Japan.",
              "sCn": "这本书里全是他在日本生活的趣闻轶事。"
            }
          ],
          "desc": "例句"
        },
        "usphone": "'ænɪkdot",
        "syno": {
          "synos": [
            {
              "pos": "n",
              "tran": "轶事；奇闻；秘史",
              "hwds": [
                {
                  "w": "ana"
                }
              ]
            }
          ],
          "desc": "同近"
        },
        "ukphone": "'ænɪkdəʊt",
        "ukspeech": "anecdote&type=1",
        "star": 0,
        "phone": "'ænikdəut",
        "speech": "anecdote",
        "remMethod": {
          "val": " a + nec(看作neck， 脖子) + dote(溺爱) → 一个人伸着脖子听喜爱的趣闻、 轶事 → 趣闻， 轶事",
          "desc": "记忆"
        },
        "relWord": {
          "rels": [
            {
              "pos": "adj",
              "words": [
                {
                  "hwd": "anecdotal",
                  "tran": " 轶事的；轶事一样的；多轶事的"
                },
                {
                  "hwd": "anecdotic",
                  "tran": " 轶事的；爱谈轶事的"
                },
                {
                  "hwd": "anecdotical",
                  "tran": " 轶事的；善谈轶事的"
                }
              ]
            },
            {
              "pos": "n",
              "words": [
                {
                  "hwd": "anecdotist",
                  "tran": " 讲轶事的人；搜集轶事趣闻的人（等于anecdotalist）"
                }
              ]
            }
          ],
          "desc": "同根"
        },
        "usspeech": "anecdote&type=2",
        "trans": [
          {
            "tranCn": "轶事，趣闻",
            "descOther": "英释",
            "descCn": "中释",
            "pos": "n",
            "tranOther": "a short story based on your personal experience"
          }
        ]
      }
    }
  },
  "bookId": "IELTSluan_2"
}