{
  "wordRank": 1307,
  "headWord": "compartment",
  "content": {
    "word": {
      "wordHead": "compartment",
      "wordId": "IELTSluan_2_1307",
      "content": {
        "sentence": {
          "sentences": [
            {
              "sContent": "The bag is divided into separate compartments .",
              "sCn": "这个包有一些独立的隔层。"
            },
            {
              "sContent": "{\"COLLOINEXA\":[\"engine compartment\"]}",
              "sCn": "发动机室"
            },
            {
              "sContent": "She kept the money hidden in a secret compartment in her briefcase.",
              "sCn": "她把钱藏在公文包的暗层里。"
            }
          ],
          "desc": "例句"
        },
        "usphone": "kəm'pɑrtmənt",
        "syno": {
          "synos": [
            {
              "pos": "vt",
              "tran": "分隔；划分",
              "hwds": [
                {
                  "w": "to divide"
                },
                {
                  "w": "measure off"
                }
              ]
            }
          ],
          "desc": "同近"
        },
        "ukphone": "kəm'pɑːtm(ə)nt",
        "ukspeech": "compartment&type=1",
        "star": 0,
        "phrase": {
          "phrases": [
            {
              "pContent": "compartment syndrome",
              "pCn": "筋膜室综合征；间室症候群"
            },
            {
              "pContent": "passenger compartment",
              "pCn": "乘客舱；客厢；包房"
            },
            {
              "pContent": "engine compartment",
              "pCn": "机舱；发动机室；机器间"
            },
            {
              "pContent": "fire compartment",
              "pCn": "防火分区；隔火间"
            },
            {
              "pContent": "luggage compartment",
              "pCn": "行李舱架"
            },
            {
              "pContent": "battery compartment",
              "pCn": "蓄电池箱；电池盒/舱"
            },
            {
              "pContent": "glove compartment",
              "pCn": "n. （汽车仪表板上的）贮物箱"
            }
          ],
          "desc": "短语"
        },
        "phone": "kəm'pɑ:tmənt",
        "speech": "compartment",
        "relWord": {
          "rels": [
            {
              "pos": "adj",
              "words": [
                {
                  "hwd": "compartmental",
                  "tran": " 区划的，分为若干部分的"
                }
              ]
            },
            {
              "pos": "n",
              "words": [
                {
                  "hwd": "compart",
                  "tran": " 间隔"
                },
                {
                  "hwd": "compartmentalization",
                  "tran": " 划分；区分"
                }
              ]
            },
            {
              "pos": "vt",
              "words": [
                {
                  "hwd": "compartmentalize",
                  "tran": " 划分，区分"
                },
                {
                  "hwd": "compart",
                  "tran": " 分隔；隔开"
                }
              ]
            }
          ],
          "desc": "同根"
        },
        "usspeech": "compartment&type=2",
        "trans": [
          {
            "tranCn": "分隔间；火车车厢的分隔间",
            "descOther": "英释",
            "descCn": "中释",
            "pos": "n",
            "tranOther": "a smaller enclosed space inside something larger"
          }
        ]
      }
    }
  },
  "bookId": "IELTSluan_2"
}