{
  "wordRank": 1308,
  "headWord": "durable",
  "content": {
    "word": {
      "wordHead": "durable",
      "wordId": "IELTSluan_2_1308",
      "content": {
        "sentence": {
          "sentences": [
            {
              "sContent": "Wood is a durable material.",
              "sCn": "木头是耐用材料。"
            }
          ],
          "desc": "例句"
        },
        "usphone": "'dʊrəbl",
        "ukspeech": "durable&type=1",
        "star": 0,
        "usspeech": "durable&type=2",
        "syno": {
          "synos": [
            {
              "pos": "adj",
              "tran": "耐用的，持久的",
              "hwds": [
                {
                  "w": "continued"
                },
                {
                  "w": "sustained"
                },
                {
                  "w": "service"
                },
                {
                  "w": "lasting"
                }
              ]
            },
            {
              "pos": "n",
              "tran": "耐用品",
              "hwds": [
                {
                  "w": "hardgoods"
                }
              ]
            }
          ],
          "desc": "同近"
        },
        "ukphone": "'djʊərəb(ə)l",
        "phrase": {
          "phrases": [
            {
              "pContent": "durable goods",
              "pCn": "耐用品"
            },
            {
              "pContent": "durable press",
              "pCn": "耐久压烫"
            },
            {
              "pContent": "durable material",
              "pCn": "耐久物料；耐用材料"
            },
            {
              "pContent": "durable in use",
              "pCn": "经久耐用"
            },
            {
              "pContent": "durable consumer goods",
              "pCn": "耐用消费品"
            },
            {
              "pContent": "attractive and durable",
              "pCn": "美观耐用"
            },
            {
              "pContent": "consumer durable",
              "pCn": "耐用消费品"
            }
          ],
          "desc": "短语"
        },
        "phone": "'djuərəbl",
        "speech": "durable",
        "remMethod": {
          "val": " dur(持续) + able(可…的) → 耐久的； 耐用的",
          "desc": "记忆"
        },
        "relWord": {
          "rels": [
            {
              "pos": "n",
              "words": [
                {
                  "hwd": "durability",
                  "tran": " 耐久性；坚固；耐用年限"
                }
              ]
            }
          ],
          "desc": "同根"
        },
        "trans": [
          {
            "tranCn": "耐用的",
            "descOther": "英释",
            "descCn": "中释",
            "pos": "adj",
            "tranOther": "staying in good condition for a long time, even if used a lot"
          },
          {
            "tranCn": "耐用品",
            "descCn": "中释",
            "pos": "n"
          }
        ]
      }
    }
  },
  "bookId": "IELTSluan_2"
}