{
  "wordRank": 1309,
  "headWord": "growl",
  "content": {
    "word": {
      "wordHead": "growl",
      "wordId": "IELTSluan_2_1309",
      "content": {
        "sentence": {
          "sentences": [
            {
              "sContent": "Their noise modulated to a concerted menacing growl punctuated by sharp yaps.",
              "sCn": "它们的喧闹声逐渐变为整齐划一的、带有威胁性的吼叫，还夹杂着刺耳的狂吠。"
            }
          ],
          "desc": "例句"
        },
        "usphone": "ɡraʊl",
        "syno": {
          "synos": [
            {
              "pos": "vt",
              "tran": "咆哮；（雷电，炮等）[地物]轰鸣",
              "hwds": [
                {
                  "w": "huff and puff"
                },
                {
                  "w": "bark"
                }
              ]
            },
            {
              "pos": "n",
              "tran": "咆哮声；吠声；不平",
              "hwds": [
                {
                  "w": "ululation"
                },
                {
                  "w": "discontentment"
                }
              ]
            }
          ],
          "desc": "同近"
        },
        "ukphone": "graʊl",
        "ukspeech": "growl&type=1",
        "star": 0,
        "phone": "ɡraul",
        "speech": "growl",
        "relWord": {
          "rels": [
            {
              "pos": "adj",
              "words": [
                {
                  "hwd": "growling",
                  "tran": " 咆哮的；隆隆响的"
                }
              ]
            },
            {
              "pos": "n",
              "words": [
                {
                  "hwd": "growler",
                  "tran": " 鲈类；咆哮的人；短路线圈测试仪"
                }
              ]
            },
            {
              "pos": "v",
              "words": [
                {
                  "hwd": "growling",
                  "tran": " 咆哮（growl的ing形式）；怒吠"
                }
              ]
            }
          ],
          "desc": "同根"
        },
        "usspeech": "growl&type=2",
        "trans": [
          {
            "tranCn": "嗥叫；轰鸣；咆哮着说",
            "descOther": "英释",
            "descCn": "中释",
            "pos": "v&n",
            "tranOther": "Growl is also a noun"
          }
        ]
      }
    }
  },
  "bookId": "IELTSluan_2"
}