{
  "wordRank": 131,
  "headWord": "simultaneous",
  "content": {
    "word": {
      "wordHead": "simultaneous",
      "wordId": "IELTSluan_2_131",
      "content": {
        "sentence": {
          "sentences": [
            {
              "sContent": "They grabbed each other’s hands in simultaneous panic.",
              "sCn": "他们俩同时惊慌起来，相互抓住对方的手。"
            },
            {
              "sContent": "Up to twenty users can have simultaneous access to the system.",
              "sCn": "最多可有20名用户同时登该系统。"
            },
            {
              "sContent": "The speeches will be broadcast live, with simultaneous translation (= immediate translation, as the person is speaking ) into English.",
              "sCn": "这些演讲将作现场直播，并配有英语同声传译。"
            }
          ],
          "desc": "例句"
        },
        "usphone": ",saɪml'tenɪəs",
        "ukspeech": "simultaneous&type=1",
        "star": 0,
        "usspeech": "simultaneous&type=2",
        "syno": {
          "synos": [
            {
              "pos": "adj",
              "tran": "同时的；联立的；同时发生的",
              "hwds": [
                {
                  "w": "synchronous"
                },
                {
                  "w": "coinstantaneous"
                }
              ]
            }
          ],
          "desc": "同近"
        },
        "ukphone": ",sɪm(ə)l'teɪnɪəs",
        "phrase": {
          "phrases": [
            {
              "pContent": "simultaneous interpretation",
              "pCn": "同声传译"
            },
            {
              "pContent": "simultaneous translation",
              "pCn": "同声传译；同步翻译"
            },
            {
              "pContent": "simultaneous measurement",
              "pCn": "同步量测；同时观测"
            },
            {
              "pContent": "simultaneous equation",
              "pCn": "联立方程"
            },
            {
              "pContent": "simultaneous operation",
              "pCn": "同时操作"
            },
            {
              "pContent": "simultaneous interpreter",
              "pCn": "同声传译员"
            },
            {
              "pContent": "simultaneous equation model",
              "pCn": "联立方程模式"
            },
            {
              "pContent": "simultaneous transmission",
              "pCn": "同时传输；平行传递"
            },
            {
              "pContent": "simultaneous observation",
              "pCn": "同步观测；联测法"
            },
            {
              "pContent": "simultaneous processing",
              "pCn": "同时处理；同时模拟输入设备"
            }
          ],
          "desc": "短语"
        },
        "phone": ",siməl'teiniəs",
        "speech": "simultaneous",
        "remMethod": {
          "val": " simul(相同) + taneous → 相同时间的 → 同时发生的",
          "desc": "记忆"
        },
        "relWord": {
          "rels": [
            {
              "pos": "adv",
              "words": [
                {
                  "hwd": "simultaneously",
                  "tran": " 同时地"
                }
              ]
            },
            {
              "pos": "n",
              "words": [
                {
                  "hwd": "simultaneity",
                  "tran": " 同时；[计][力] 同时性；同时发生"
                },
                {
                  "hwd": "simulcast",
                  "tran": " 同时联播"
                },
                {
                  "hwd": "simultaneousness",
                  "tran": " 同时性"
                }
              ]
            },
            {
              "pos": "v",
              "words": [
                {
                  "hwd": "simulcast",
                  "tran": " 同时联播"
                }
              ]
            }
          ],
          "desc": "同根"
        },
        "trans": [
          {
            "tranCn": "同时发生的",
            "descOther": "英释",
            "descCn": "中释",
            "pos": "adj",
            "tranOther": "things that are simultaneous happen at exactly the same time"
          }
        ]
      }
    }
  },
  "bookId": "IELTSluan_2"
}