{
  "wordRank": 1310,
  "headWord": "submit",
  "content": {
    "word": {
      "wordHead": "submit",
      "wordId": "IELTSluan_2_1310",
      "content": {
        "sentence": {
          "sentences": [
            {
              "sContent": "In desperation, Mrs. Jones submitted to an operation on her right knee to relieve the pain.",
              "sCn": "绝望中，琼斯夫人不得已接受了一次她右膝的手术以减轻疼痛。"
            }
          ],
          "desc": "例句"
        },
        "usphone": "səb'mɪt",
        "ukspeech": "submit&type=1",
        "star": 0,
        "usspeech": "submit&type=2",
        "syno": {
          "synos": [
            {
              "pos": "vt",
              "tran": "使服从；主张；呈递",
              "hwds": [
                {
                  "w": "maintain"
                },
                {
                  "w": "advocate"
                }
              ]
            },
            {
              "pos": "vi",
              "tran": "[计]提交；服从",
              "hwds": [
                {
                  "w": "put in"
                },
                {
                  "w": "hand in"
                }
              ]
            }
          ],
          "desc": "同近"
        },
        "ukphone": "səb'mɪt",
        "phrase": {
          "phrases": [
            {
              "pContent": "submit registration",
              "pCn": "提交登记表；提交注册"
            },
            {
              "pContent": "submit applications",
              "pCn": "提交申请"
            }
          ],
          "desc": "短语"
        },
        "phone": "səb'mit",
        "speech": "submit",
        "remMethod": {
          "val": " sub(在…下面) + mit(放) → 放在下面 → 屈从； 提交",
          "desc": "记忆"
        },
        "relWord": {
          "rels": [
            {
              "pos": "adj",
              "words": [
                {
                  "hwd": "subordinate",
                  "tran": " 从属的；次要的"
                },
                {
                  "hwd": "submissive",
                  "tran": " 顺从的；服从的；柔顺的"
                },
                {
                  "hwd": "subordinating",
                  "tran": " 连接主句和从句的；从属的"
                }
              ]
            },
            {
              "pos": "n",
              "words": [
                {
                  "hwd": "subordinate",
                  "tran": " 下属，下级；部属，属下"
                },
                {
                  "hwd": "submission",
                  "tran": " 投降；提交（物）；服从；（向法官提出的）意见；谦恭"
                },
                {
                  "hwd": "submissiveness",
                  "tran": " 柔顺；服从"
                }
              ]
            },
            {
              "pos": "v",
              "words": [
                {
                  "hwd": "subordinating",
                  "tran": " 使服从（subordinate的ing形式）；使成为下级"
                }
              ]
            },
            {
              "pos": "vt",
              "words": [
                {
                  "hwd": "subordinate",
                  "tran": " 使……居下位；使……服从"
                }
              ]
            }
          ],
          "desc": "同根"
        },
        "trans": [
          {
            "tranCn": "(使)服从；提交",
            "descOther": "英释",
            "descCn": "中释",
            "pos": "v",
            "tranOther": "to give a plan, piece of writing etc to someone in authority for them to consider or approve"
          }
        ]
      }
    }
  },
  "bookId": "IELTSluan_2"
}