{
  "wordRank": 1311,
  "headWord": "arrogant",
  "content": {
    "word": {
      "wordHead": "arrogant",
      "wordId": "IELTSluan_2_1311",
      "content": {
        "sentence": {
          "sentences": [
            {
              "sContent": "He was unbearably arrogant.",
              "sCn": "他的傲慢让人无法忍受。"
            },
            {
              "sContent": "an arrogant attitude",
              "sCn": "傲慢的态度"
            }
          ],
          "desc": "例句"
        },
        "usphone": "'ærəɡənt",
        "syno": {
          "synos": [
            {
              "pos": "adj",
              "tran": "自大的，傲慢的",
              "hwds": [
                {
                  "w": "haughty"
                },
                {
                  "w": "cocky"
                }
              ]
            }
          ],
          "desc": "同近"
        },
        "ukphone": "'ærəg(ə)nt",
        "ukspeech": "arrogant&type=1",
        "star": 0,
        "phone": "'ærəɡənt",
        "speech": "arrogant",
        "relWord": {
          "rels": [
            {
              "pos": "adv",
              "words": [
                {
                  "hwd": "arrogantly",
                  "tran": " 傲慢地；自大地"
                }
              ]
            },
            {
              "pos": "n",
              "words": [
                {
                  "hwd": "arrogance",
                  "tran": " 自大；傲慢态度"
                },
                {
                  "hwd": "arrogation",
                  "tran": " 诈称；僭越；霸占"
                }
              ]
            }
          ],
          "desc": "同根"
        },
        "usspeech": "arrogant&type=2",
        "trans": [
          {
            "tranCn": "傲慢的，自负的",
            "descOther": "英释",
            "descCn": "中释",
            "pos": "adj",
            "tranOther": "behaving in an unpleasant or rude way because you think you are more important than other people"
          }
        ]
      }
    }
  },
  "bookId": "IELTSluan_2"
}