{
  "wordRank": 1312,
  "headWord": "persecute",
  "content": {
    "word": {
      "wordHead": "persecute",
      "wordId": "IELTSluan_2_1312",
      "content": {
        "sentence": {
          "sentences": [
            {
              "sContent": "The Puritans left England to escape being persecuted.",
              "sCn": "清教徒离开了英国以躲避迫害。"
            }
          ],
          "desc": "例句"
        },
        "usphone": "'pɝsɪkjut",
        "syno": {
          "synos": [
            {
              "pos": "vt",
              "tran": "迫害；困扰；同…捣乱",
              "hwds": [
                {
                  "w": "beset"
                },
                {
                  "w": "eat at"
                }
              ]
            }
          ],
          "desc": "同近"
        },
        "ukphone": "'pɜːsɪkjuːt",
        "ukspeech": "persecute&type=1",
        "star": 0,
        "phone": "'pə:sikju:t",
        "speech": "persecute",
        "relWord": {
          "rels": [
            {
              "pos": "n",
              "words": [
                {
                  "hwd": "persecution",
                  "tran": " 迫害；烦扰"
                },
                {
                  "hwd": "persecutor",
                  "tran": " 虐待者；迫害者"
                }
              ]
            }
          ],
          "desc": "同根"
        },
        "usspeech": "persecute&type=2",
        "trans": [
          {
            "tranCn": "迫害；烦扰",
            "descOther": "英释",
            "descCn": "中释",
            "pos": "v",
            "tranOther": "to treat someone cruelly or unfairly over a period of time, especially because of their religious or political beliefs"
          }
        ]
      }
    }
  },
  "bookId": "IELTSluan_2"
}