{
  "wordRank": 1313,
  "headWord": "slot",
  "content": {
    "word": {
      "wordHead": "slot",
      "wordId": "IELTSluan_2_1313",
      "content": {
        "sentence": {
          "sentences": [
            {
              "sContent": "Alan dropped another quarter into the slot on the pay phone.",
              "sCn": "艾伦往付费电话的投币口里又塞了一枚 25 分的硬币。"
            }
          ],
          "desc": "例句"
        },
        "usphone": "slɑt",
        "syno": {
          "synos": [
            {
              "pos": "n",
              "tran": "位置；狭槽；水沟；硬币投币口",
              "hwds": [
                {
                  "w": "location"
                },
                {
                  "w": "situation"
                },
                {
                  "w": "site"
                },
                {
                  "w": "lie"
                }
              ]
            },
            {
              "pos": "vt",
              "tran": "跟踪；开槽于",
              "hwds": [
                {
                  "w": "dog"
                },
                {
                  "w": "follow up the scent"
                }
              ]
            }
          ],
          "desc": "同近"
        },
        "ukphone": "slɒt",
        "ukspeech": "slot&type=1",
        "star": 0,
        "phrase": {
          "phrases": [
            {
              "pContent": "time slot",
              "pCn": "时间空档；（电视或广播电台的）播放时段"
            },
            {
              "pContent": "slot machine",
              "pCn": "自动售贷机"
            },
            {
              "pContent": "slot antenna",
              "pCn": "缝隙天线；槽孔天线"
            },
            {
              "pContent": "key slot",
              "pCn": "n. 键槽"
            },
            {
              "pContent": "single slot",
              "pCn": "单插槽；单翼缝"
            },
            {
              "pContent": "slot width",
              "pCn": "齿缝宽度"
            },
            {
              "pContent": "stator slot",
              "pCn": "定子槽"
            },
            {
              "pContent": "card slot",
              "pCn": "板槽，插卡槽"
            },
            {
              "pContent": "slot wedge",
              "pCn": "槽楔；槽边缘"
            },
            {
              "pContent": "expansion slot",
              "pCn": "扩充槽，扩充插槽"
            },
            {
              "pContent": "rotor slot",
              "pCn": "转子线槽"
            }
          ],
          "desc": "短语"
        },
        "phone": "slɔt",
        "speech": "slot",
        "usspeech": "slot&type=2",
        "trans": [
          {
            "tranCn": "狭缝；槽沟",
            "descOther": "英释",
            "descCn": "中释",
            "pos": "n",
            "tranOther": "a long narrow hole in a surface, that you can put something into"
          }
        ]
      }
    }
  },
  "bookId": "IELTSluan_2"
}