{
  "wordRank": 1314,
  "headWord": "access",
  "content": {
    "word": {
      "wordHead": "access",
      "wordId": "IELTSluan_2_1314",
      "content": {
        "sentence": {
          "sentences": [
            {
              "sContent": "Access is by means of a small door on the right.",
              "sCn": "入口是右边的一扇小门。"
            }
          ],
          "desc": "例句"
        },
        "usphone": "'æksɛs",
        "ukspeech": "access&type=1",
        "star": 0,
        "usspeech": "access&type=2",
        "syno": {
          "synos": [
            {
              "pos": "vt",
              "tran": "使用；[计]存取；接近",
              "hwds": [
                {
                  "w": "make use of"
                },
                {
                  "w": "fashion"
                },
                {
                  "w": "employ"
                },
                {
                  "w": "border"
                },
                {
                  "w": "exercise"
                }
              ]
            },
            {
              "pos": "n",
              "tran": "进入；使用权；[电]通路",
              "hwds": [
                {
                  "w": "opening"
                },
                {
                  "w": "admittance"
                }
              ]
            }
          ],
          "desc": "同近"
        },
        "ukphone": "'ækses",
        "phrase": {
          "phrases": [
            {
              "pContent": "access control",
              "pCn": "访问控制"
            },
            {
              "pContent": "have access to",
              "pCn": "使用；接近；可以利用"
            },
            {
              "pContent": "internet access",
              "pCn": "互联网接入"
            },
            {
              "pContent": "easy access",
              "pCn": "便于检修；容易接近"
            },
            {
              "pContent": "market access",
              "pCn": "市场准入；进入市场；开放市场"
            },
            {
              "pContent": "data access",
              "pCn": "数据存取"
            },
            {
              "pContent": "multiple access",
              "pCn": "[电脑]多路存取；多路访问"
            },
            {
              "pContent": "open access",
              "pCn": "开放存取；开架阅览"
            },
            {
              "pContent": "direct access",
              "pCn": "[计]直接存取"
            },
            {
              "pContent": "access network",
              "pCn": "接入网；接取网络"
            },
            {
              "pContent": "broadband access",
              "pCn": "宽带接入；宽频存取；宽带通信"
            },
            {
              "pContent": "network access",
              "pCn": "网络接入；网络访问"
            },
            {
              "pContent": "gain access",
              "pCn": "获得访问权限"
            },
            {
              "pContent": "free access",
              "pCn": "自由访问；自由存取；自由入口"
            },
            {
              "pContent": "remote access",
              "pCn": "[计]远程访问；远程存取"
            },
            {
              "pContent": "get access to",
              "pCn": "获得；接近；可以使用"
            },
            {
              "pContent": "code division multiple access",
              "pCn": "码分多址联接方式"
            },
            {
              "pContent": "random access",
              "pCn": "随机存取"
            },
            {
              "pContent": "public access",
              "pCn": "公共存取"
            },
            {
              "pContent": "database access",
              "pCn": "数据库存取"
            }
          ],
          "desc": "短语"
        },
        "phone": "'ækses, 'æksəs, æk'ses",
        "speech": "access",
        "remMethod": {
          "val": " ac + cess(走) → 走进去 → 进入",
          "desc": "记忆"
        },
        "relWord": {
          "rels": [
            {
              "pos": "adj",
              "words": [
                {
                  "hwd": "accessible",
                  "tran": " 易接近的；可进入的；可理解的"
                }
              ]
            },
            {
              "pos": "n",
              "words": [
                {
                  "hwd": "accessibility",
                  "tran": " 易接近；可亲；可以得到"
                },
                {
                  "hwd": "accession",
                  "tran": " 增加；就职；到达"
                }
              ]
            },
            {
              "pos": "vt",
              "words": [
                {
                  "hwd": "accession",
                  "tran": " 登记入册"
                }
              ]
            }
          ],
          "desc": "同根"
        },
        "trans": [
          {
            "tranCn": "通路",
            "descOther": "英释",
            "descCn": "中释",
            "pos": "n",
            "tranOther": "the way you use to enter a building or reach a place"
          }
        ]
      }
    }
  },
  "bookId": "IELTSluan_2"
}