{
  "wordRank": 1315,
  "headWord": "terrestrial",
  "content": {
    "word": {
      "wordHead": "terrestrial",
      "wordId": "IELTSluan_2_1315",
      "content": {
        "sentence": {
          "sentences": [
            {
              "sContent": "...terrestrial life forms.",
              "sCn": "…地球上的生命形态。"
            }
          ],
          "desc": "例句"
        },
        "usphone": "tə'rɛstrɪəl",
        "ukspeech": "terrestrial&type=1",
        "star": 0,
        "usspeech": "terrestrial&type=2",
        "syno": {
          "synos": [
            {
              "pos": "adj",
              "tran": "[天]地球的；[生物]陆地的，陆生的；人间的",
              "hwds": [
                {
                  "w": "earthly"
                },
                {
                  "w": "telluric"
                }
              ]
            }
          ],
          "desc": "同近"
        },
        "ukphone": "tə'restrɪəl",
        "phrase": {
          "phrases": [
            {
              "pContent": "terrestrial ecosystem",
              "pCn": "陆地生态系统"
            },
            {
              "pContent": "terrestrial heat",
              "pCn": "地热"
            },
            {
              "pContent": "terrestrial stress",
              "pCn": "地应力"
            },
            {
              "pContent": "terrestrial facies",
              "pCn": "陆相"
            },
            {
              "pContent": "terrestrial globe",
              "pCn": "n. 地球；地球仪"
            },
            {
              "pContent": "terrestrial animals",
              "pCn": "陆栖动物；陆生动物"
            },
            {
              "pContent": "terrestrial plant",
              "pCn": "陆生植物"
            }
          ],
          "desc": "短语"
        },
        "phone": "ti'restriəl, tə-",
        "speech": "terrestrial",
        "remMethod": {
          "val": " terr(地) + estr + ial → 陆地的， 陆生的",
          "desc": "记忆"
        },
        "relWord": {
          "rels": [
            {
              "pos": "adj",
              "words": [
                {
                  "hwd": "terrene",
                  "tran": " 土的；尘世的；现世的"
                }
              ]
            },
            {
              "pos": "n",
              "words": [
                {
                  "hwd": "terrarium",
                  "tran": " 玻璃容器；陆地动物饲养所"
                },
                {
                  "hwd": "terrene",
                  "tran": " 地球；陆地"
                }
              ]
            }
          ],
          "desc": "同根"
        },
        "trans": [
          {
            "tranCn": "地球上的，陆地的",
            "descOther": "英释",
            "descCn": "中释",
            "pos": "adj",
            "tranOther": "relating to the Earth rather than to the moon or other  planets "
          }
        ]
      }
    }
  },
  "bookId": "IELTSluan_2"
}