{
  "wordRank": 1316,
  "headWord": "crater",
  "content": {
    "word": {
      "wordHead": "crater",
      "wordId": "IELTSluan_2_1316",
      "content": {
        "sentence": {
          "sentences": [
            {
              "sContent": "craters on the moon’s surface",
              "sCn": "月球表面的坑"
            }
          ],
          "desc": "例句"
        },
        "usphone": "'kretɚ",
        "syno": {
          "synos": [
            {
              "pos": "n",
              "tran": "[地质]火山口；弹坑",
              "hwds": [
                {
                  "w": "volcanic vent"
                },
                {
                  "w": "dead hole"
                }
              ]
            },
            {
              "pos": "vt",
              "tran": "在…上形成坑；取消；毁坏",
              "hwds": [
                {
                  "w": "destroy"
                },
                {
                  "w": "damage"
                },
                {
                  "w": "recall"
                }
              ]
            }
          ],
          "desc": "同近"
        },
        "ukphone": "'kreɪtə",
        "ukspeech": "crater&type=1",
        "star": 0,
        "phrase": {
          "phrases": [
            {
              "pContent": "crater lake",
              "pCn": "n. 火山口形成的深湖"
            },
            {
              "pContent": "explosion crater",
              "pCn": "爆裂火口；爆破漏斗"
            }
          ],
          "desc": "短语"
        },
        "phone": "'kreitə",
        "speech": "crater",
        "usspeech": "crater&type=2",
        "trans": [
          {
            "tranCn": "火山口; 弹坑",
            "descOther": "英释",
            "descCn": "中释",
            "pos": "n",
            "tranOther": "a round hole in the ground made by something that has fallen on it or by an explosion"
          }
        ]
      }
    }
  },
  "bookId": "IELTSluan_2"
}