{
  "wordRank": 1317,
  "headWord": "charge",
  "content": {
    "word": {
      "wordHead": "charge",
      "wordId": "IELTSluan_2_1317",
      "content": {
        "sentence": {
          "sentences": [
            {
              "sContent": "Even local nurseries charge $150 a week.",
              "sCn": "即便当地的托儿所每周也要收$150的费用。"
            }
          ],
          "desc": "例句"
        },
        "usphone": "tʃɑrdʒ",
        "syno": {
          "synos": [
            {
              "pos": "n",
              "tran": "[会计]费用；电荷；掌管；[法]控告；命令；[电]负载",
              "hwds": [
                {
                  "w": "fee"
                },
                {
                  "w": "instruction"
                },
                {
                  "w": "cost"
                },
                {
                  "w": "bidding"
                },
                {
                  "w": "word"
                }
              ]
            },
            {
              "pos": "vt",
              "tran": "[电]使充电；使承担；指责；装载；对…索费；向…冲去",
              "hwds": [
                {
                  "w": "electrify"
                },
                {
                  "w": "inflict on"
                }
              ]
            },
            {
              "pos": "vi",
              "tran": "[电]充电；[法]控告；索价；向前冲；记在账上",
              "hwds": [
                {
                  "w": "law"
                },
                {
                  "w": "sue for"
                }
              ]
            }
          ],
          "desc": "同近"
        },
        "ukphone": "tʃɑːdʒ",
        "ukspeech": "charge&type=1",
        "star": 0,
        "phrase": {
          "phrases": [
            {
              "pContent": "in charge",
              "pCn": "负责，主管；在…看管下"
            },
            {
              "pContent": "in charge of",
              "pCn": "负责；主管"
            },
            {
              "pContent": "charge of",
              "pCn": "负责；管理"
            },
            {
              "pContent": "free of charge",
              "pCn": "免费"
            },
            {
              "pContent": "take charge",
              "pCn": "掌管，负责；主持；不受控制"
            },
            {
              "pContent": "charge for",
              "pCn": "索价，要价；为…收费"
            },
            {
              "pContent": "take charge of",
              "pCn": "接管，负责"
            },
            {
              "pContent": "person in charge",
              "pCn": "负责人"
            },
            {
              "pContent": "service charge",
              "pCn": "服务费"
            },
            {
              "pContent": "electric charge",
              "pCn": "n. 电荷（等于charge，electricity）；电费"
            },
            {
              "pContent": "charge for trouble",
              "pCn": "手续费"
            },
            {
              "pContent": "space charge",
              "pCn": "空间电荷"
            },
            {
              "pContent": "charge density",
              "pCn": "[化]电荷密度"
            },
            {
              "pContent": "no charge",
              "pCn": "免费；不需付钱"
            },
            {
              "pContent": "charge transfer",
              "pCn": "[物]电荷转移"
            },
            {
              "pContent": "charge with",
              "pCn": "vt. 装；控告"
            },
            {
              "pContent": "take in charge",
              "pCn": "逮捕；负责照料；引为己责"
            },
            {
              "pContent": "extra charge",
              "pCn": "附加费；附加负载"
            },
            {
              "pContent": "charge distribution",
              "pCn": "电荷分布"
            },
            {
              "pContent": "charge at",
              "pCn": "冲击；猛攻"
            }
          ],
          "desc": "短语"
        },
        "phone": "tʃɑ:dʒ",
        "speech": "charge",
        "relWord": {
          "rels": [
            {
              "pos": "adj",
              "words": [
                {
                  "hwd": "chargeable",
                  "tran": " 应支付的；可以控诉的；可充电的；应课税的"
                }
              ]
            },
            {
              "pos": "n",
              "words": [
                {
                  "hwd": "charger",
                  "tran": " 充电器；军马；袭击者；委托者；控诉者"
                }
              ]
            }
          ],
          "desc": "同根"
        },
        "usspeech": "charge&type=2",
        "trans": [
          {
            "tranCn": "指控；控告；冲锋；要价；充电",
            "descOther": "英释",
            "descCn": "中释",
            "pos": "v",
            "tranOther": "to state officially that someone may be guilty of a crime"
          }
        ]
      }
    }
  },
  "bookId": "IELTSluan_2"
}