{
  "wordRank": 1318,
  "headWord": "nurture",
  "content": {
    "word": {
      "wordHead": "nurture",
      "wordId": "IELTSluan_2_1318",
      "content": {
        "sentence": {
          "sentences": [
            {
              "sContent": "plants nurtured in the greenhouse",
              "sCn": "在温室里培育的植物"
            }
          ],
          "desc": "例句"
        },
        "usphone": "'nɝtʃɚ",
        "ukspeech": "nurture&type=1",
        "star": 0,
        "usspeech": "nurture&type=2",
        "syno": {
          "synos": [
            {
              "pos": "vt",
              "tran": "养育；鼓励；培植",
              "hwds": [
                {
                  "w": "encourage"
                },
                {
                  "w": "raise"
                },
                {
                  "w": "heart"
                },
                {
                  "w": "mother"
                },
                {
                  "w": "foster"
                }
              ]
            },
            {
              "pos": "n",
              "tran": "养育；教养；营养物",
              "hwds": [
                {
                  "w": "nursing"
                },
                {
                  "w": "breeding"
                }
              ]
            }
          ],
          "desc": "同近"
        },
        "ukphone": "'nɜːtʃə",
        "phrase": {
          "phrases": [
            {
              "pContent": "nature and nurture",
              "pCn": "先天与后天，遗传与环境；先天遗传说和后天培养说"
            }
          ],
          "desc": "短语"
        },
        "phone": "'nə:tʃə",
        "speech": "nurture",
        "remMethod": {
          "val": " 大自然(nature)滋养(nurture)着人类",
          "desc": "记忆"
        },
        "relWord": {
          "rels": [
            {
              "pos": "adj",
              "words": [
                {
                  "hwd": "nurturant",
                  "tran": " 抚育的；抚养的"
                }
              ]
            },
            {
              "pos": "n",
              "words": [
                {
                  "hwd": "nursing",
                  "tran": " 护理；看护；养育"
                },
                {
                  "hwd": "nurturance",
                  "tran": " 养成；教育；培养（形容词nurturant）；养育"
                }
              ]
            },
            {
              "pos": "v",
              "words": [
                {
                  "hwd": "nursing",
                  "tran": " 看护；养育（nurse的ing形式）"
                }
              ]
            }
          ],
          "desc": "同根"
        },
        "trans": [
          {
            "tranCn": "养育，培育，教养",
            "descOther": "英释",
            "descCn": "中释",
            "pos": "n&vt",
            "tranOther": "to feed and take care of a child or a plant while it is growing"
          }
        ]
      }
    }
  },
  "bookId": "IELTSluan_2"
}