{
  "wordRank": 1319,
  "headWord": "splash",
  "content": {
    "word": {
      "wordHead": "splash",
      "wordId": "IELTSluan_2_1319",
      "content": {
        "sentence": {
          "sentences": [
            {
              "sContent": "A lot of people were in the water, swimming or simply splashing about.",
              "sCn": "很多人在水里游泳或者只是戏水。"
            },
            {
              "sContent": "She could hear the voices of her friends as they splashed in a nearby rock pool.",
              "sCn": "她能听到她的朋友们在附近的岩石泳池里戏水的声音。"
            }
          ],
          "desc": "例句"
        },
        "usphone": "splæʃ",
        "syno": {
          "synos": [
            {
              "pos": "vt",
              "tran": "溅，泼；用...使液体飞溅",
              "hwds": [
                {
                  "w": "spatter"
                }
              ]
            },
            {
              "pos": "n",
              "tran": "飞溅的水；污点；卖弄",
              "hwds": [
                {
                  "w": "jaup"
                },
                {
                  "w": "tainture"
                }
              ]
            }
          ],
          "desc": "同近"
        },
        "ukphone": "splæʃ",
        "ukspeech": "splash&type=1",
        "star": 0,
        "phrase": {
          "phrases": [
            {
              "pContent": "splash zone",
              "pCn": "浪溅区，飞溅区；干湿交替段"
            },
            {
              "pContent": "splash into",
              "pCn": "溅入；滴入"
            },
            {
              "pContent": "make a splash",
              "pCn": "引起轰动；发出溅泼声"
            },
            {
              "pContent": "splash screen",
              "pCn": "启动画面（等于版权页）；飞溅屏幕"
            },
            {
              "pContent": "splash down",
              "pCn": "溅落"
            }
          ],
          "desc": "短语"
        },
        "phone": "splæʃ",
        "speech": "splash",
        "relWord": {
          "rels": [
            {
              "pos": "adj",
              "words": [
                {
                  "hwd": "splashy",
                  "tran": " 泥泞的；容易溅开的；遍布斑点的；引人注目的"
                }
              ]
            },
            {
              "pos": "n",
              "words": [
                {
                  "hwd": "splasher",
                  "tran": " 挡泥板；溅洒器；花钱大手大脚的人"
                }
              ]
            }
          ],
          "desc": "同根"
        },
        "usspeech": "splash&type=2",
        "trans": [
          {
            "tranCn": "溅水，泼水；显示，鼓吹",
            "descOther": "英释",
            "descCn": "中释",
            "pos": "v&n",
            "tranOther": "If you splash around or splash about in water, you hit or disturb the water in a noisy way, causing some of it to fly up into the air"
          }
        ]
      }
    }
  },
  "bookId": "IELTSluan_2"
}