{
  "wordRank": 132,
  "headWord": "static",
  "content": {
    "word": {
      "wordHead": "static",
      "wordId": "IELTSluan_2_132",
      "content": {
        "sentence": {
          "sentences": [
            {
              "sContent": "Economists predict that house prices will remain static for a long period.",
              "sCn": "经济学家预测，房价将长期保持稳定。"
            }
          ],
          "desc": "例句"
        },
        "usphone": "'stætɪk",
        "ukspeech": "static&type=1",
        "star": 0,
        "usspeech": "static&type=2",
        "syno": {
          "synos": [
            {
              "pos": "adj",
              "tran": "静态的；[电磁]静电的；静力的",
              "hwds": [
                {
                  "w": "electrostatic"
                },
                {
                  "w": "franklinic"
                }
              ]
            }
          ],
          "desc": "同近"
        },
        "ukphone": "'stætɪk",
        "phrase": {
          "phrases": [
            {
              "pContent": "static electricity",
              "pCn": "n. 静电；静位觉"
            },
            {
              "pContent": "static state",
              "pCn": "静态状态"
            },
            {
              "pContent": "static pressure",
              "pCn": "静压"
            },
            {
              "pContent": "static load",
              "pCn": "静负载"
            },
            {
              "pContent": "static analysis",
              "pCn": "静态分析"
            },
            {
              "pContent": "static test",
              "pCn": "静态试验"
            },
            {
              "pContent": "static strength",
              "pCn": "静强度；静力强度；静态性力量；静止强度"
            },
            {
              "pContent": "static loading",
              "pCn": "静载荷；静负荷"
            },
            {
              "pContent": "static data",
              "pCn": "静态数据"
            },
            {
              "pContent": "static load test",
              "pCn": "静载荷试验；静负荷强度试验；静荷载试验"
            },
            {
              "pContent": "static stability",
              "pCn": "静稳定性；定能稳定度"
            },
            {
              "pContent": "static control",
              "pCn": "静态控制；静电控制；静态控件"
            },
            {
              "pContent": "static characteristic",
              "pCn": "静态特性"
            },
            {
              "pContent": "static force",
              "pCn": "静力；静力电流"
            },
            {
              "pContent": "static equilibrium",
              "pCn": "静力平衡"
            },
            {
              "pContent": "static mixer",
              "pCn": "静态混合器"
            },
            {
              "pContent": "static friction",
              "pCn": "静摩擦；干摩擦；库仑摩擦"
            },
            {
              "pContent": "static stress",
              "pCn": "静应力；静胁强"
            },
            {
              "pContent": "static balance",
              "pCn": "[化]静平衡；静力平衡"
            },
            {
              "pContent": "static stiffness",
              "pCn": "静态刚度"
            }
          ],
          "desc": "短语"
        },
        "phone": "'stætik",
        "speech": "static",
        "remMethod": {
          "val": " stat(坐) + ic → 坐着的 → 静止的",
          "desc": "记忆"
        },
        "relWord": {
          "rels": [
            {
              "pos": "adv",
              "words": [
                {
                  "hwd": "statically",
                  "tran": " 静态地；静止地"
                }
              ]
            },
            {
              "pos": "n",
              "words": [
                {
                  "hwd": "statics",
                  "tran": " [力] 静力学"
                }
              ]
            }
          ],
          "desc": "同根"
        },
        "trans": [
          {
            "tranCn": "静止的，固定的",
            "descOther": "英释",
            "descCn": "中释",
            "pos": "adj",
            "tranOther": "not moving, changing, or developing"
          },
          {
            "tranCn": "静电干扰",
            "descOther": "英释",
            "descCn": "中释",
            "pos": "n",
            "tranOther": "noise caused by electricity in the air that blocks or spoils the sound from radio or TV"
          }
        ]
      }
    }
  },
  "bookId": "IELTSluan_2"
}