{
  "wordRank": 1320,
  "headWord": "modest",
  "content": {
    "word": {
      "wordHead": "modest",
      "wordId": "IELTSluan_2_1320",
      "content": {
        "sentence": {
          "sentences": [
            {
              "sContent": "They had spent the night at a modest hotel.",
              "sCn": "他们在一家普通的旅馆过夜。"
            }
          ],
          "desc": "例句"
        },
        "usphone": "'mɑdɪst",
        "syno": {
          "synos": [
            {
              "pos": "adj",
              "tran": "谦虚的，谦逊的；适度的；端庄的；羞怯的",
              "hwds": [
                {
                  "w": "odest"
                },
                {
                  "w": "inobtrusive"
                }
              ]
            }
          ],
          "desc": "同近"
        },
        "ukphone": "'mɒdɪst",
        "ukspeech": "modest&type=1",
        "star": 0,
        "phone": "'mɔdist",
        "speech": "modest",
        "relWord": {
          "rels": [
            {
              "pos": "adv",
              "words": [
                {
                  "hwd": "modestly",
                  "tran": " 谨慎地；适当地"
                }
              ]
            },
            {
              "pos": "n",
              "words": [
                {
                  "hwd": "modesty",
                  "tran": " 谦逊；质朴；稳重"
                }
              ]
            }
          ],
          "desc": "同根"
        },
        "usspeech": "modest&type=2",
        "trans": [
          {
            "tranCn": "谦让的，适度的；有礼貌的",
            "descOther": "英释",
            "descCn": "中释",
            "pos": "adj",
            "tranOther": "A modest house or other building is not large or expensive"
          }
        ]
      }
    }
  },
  "bookId": "IELTSluan_2"
}