{
  "wordRank": 1321,
  "headWord": "inspiration",
  "content": {
    "word": {
      "wordHead": "inspiration",
      "wordId": "IELTSluan_2_1321",
      "content": {
        "sentence": {
          "sentences": [
            {
              "sContent": "The Malvern Hills have provided inspiration for many artists and musicians over the decades.",
              "sCn": "几十年来，莫尔文丘陵为很多艺术家和音乐家提供了灵感。"
            },
            {
              "sContent": "He raised his eyes to the altar as if seeking inspiration.",
              "sCn": "他抬头看看祭坛，似乎在寻求灵感。"
            },
            {
              "sContent": "He draws inspiration from ordinary scenes.",
              "sCn": "他从日常生活中得到灵感。"
            },
            {
              "sContent": "Mary Quant’s inspiration comes from the glam style of the seventies.",
              "sCn": "玛莉·官的灵感来自70年代的魅惑风格。"
            },
            {
              "sContent": "He had a sudden flash of inspiration.",
              "sCn": "他突然灵感闪现。"
            },
            {
              "sContent": "He has always been a source of inspiration for me.",
              "sCn": "他一直是我灵感的源泉。"
            }
          ],
          "desc": "例句"
        },
        "usphone": "ˌɪnspəˈreʃən",
        "syno": {
          "synos": [
            {
              "pos": "n",
              "tran": "灵感；鼓舞；[生理]吸气；妙计",
              "hwds": [
                {
                  "w": "stimulation"
                },
                {
                  "w": "afflatus"
                }
              ]
            }
          ],
          "desc": "同近"
        },
        "ukphone": "ˌɪnspəˈreɪʃn",
        "ukspeech": "inspiration&type=1",
        "star": 0,
        "phone": ",inspə'reiʃən",
        "speech": "inspiration",
        "remMethod": {
          "val": " in(进入) + spir(呼吸) + ation → 吸入灵气 → 灵感",
          "desc": "记忆"
        },
        "relWord": {
          "rels": [
            {
              "pos": "adj",
              "words": [
                {
                  "hwd": "inspired",
                  "tran": " 有灵感的；官方授意的"
                },
                {
                  "hwd": "inspiring",
                  "tran": " 鼓舞人心的；灌输的；启发灵感的"
                },
                {
                  "hwd": "inspiratory",
                  "tran": " 吸入的；吸气的"
                }
              ]
            },
            {
              "pos": "n",
              "words": [
                {
                  "hwd": "inspirer",
                  "tran": " 鼓舞人心；启发灵感"
                }
              ]
            },
            {
              "pos": "v",
              "words": [
                {
                  "hwd": "inspired",
                  "tran": " 激发（inspire的过去分词）；鼓舞"
                },
                {
                  "hwd": "inspiring",
                  "tran": " 鼓舞；激发；使感悟（inspire的ing形式）"
                }
              ]
            },
            {
              "pos": "vt",
              "words": [
                {
                  "hwd": "inspire",
                  "tran": " 激发；鼓舞；启示；产生；使生灵感"
                },
                {
                  "hwd": "inspirit",
                  "tran": " 激励，鼓舞；使振奋"
                }
              ]
            }
          ],
          "desc": "同根"
        },
        "usspeech": "inspiration&type=2",
        "trans": [
          {
            "tranCn": "灵感，鼓舞人心的人或事，好主意",
            "descOther": "英释",
            "descCn": "中释",
            "pos": "n",
            "tranOther": "a good idea about what you should do, write, say etc, especially one which you get suddenly"
          }
        ]
      }
    }
  },
  "bookId": "IELTSluan_2"
}