{
  "wordRank": 1322,
  "headWord": "doubtless",
  "content": {
    "word": {
      "wordHead": "doubtless",
      "wordId": "IELTSluan_2_1322",
      "content": {
        "sentence": {
          "sentences": [
            {
              "sContent": "Doubtless there would be lots of rumours.",
              "sCn": "无疑会谣言四起。"
            }
          ],
          "desc": "例句"
        },
        "usphone": "'daʊtləs",
        "syno": {
          "synos": [
            {
              "pos": "adv",
              "tran": "无疑地；确定地；大概，多半",
              "hwds": [
                {
                  "w": "easily"
                },
                {
                  "w": "no doubt"
                },
                {
                  "w": "probably"
                },
                {
                  "w": "clearly"
                },
                {
                  "w": "possibly"
                }
              ]
            },
            {
              "pos": "adj",
              "tran": "无疑的；确定的",
              "hwds": [
                {
                  "w": "established"
                },
                {
                  "w": "fixed"
                },
                {
                  "w": "defined"
                },
                {
                  "w": "certain"
                },
                {
                  "w": "positive"
                }
              ]
            }
          ],
          "desc": "同近"
        },
        "ukphone": "'daʊtlɪs",
        "ukspeech": "doubtless&type=1",
        "star": 0,
        "phone": "'dautlis",
        "speech": "doubtless",
        "relWord": {
          "rels": [
            {
              "pos": "adj",
              "words": [
                {
                  "hwd": "doubtful",
                  "tran": " 可疑的；令人生疑的；疑心的；不能确定的"
                },
                {
                  "hwd": "doubting",
                  "tran": " 不相信的；有疑心的"
                }
              ]
            },
            {
              "pos": "adv",
              "words": [
                {
                  "hwd": "doubtfully",
                  "tran": " 怀疑地；含糊地"
                }
              ]
            },
            {
              "pos": "n",
              "words": [
                {
                  "hwd": "doubt",
                  "tran": " 怀疑；疑问；疑惑"
                },
                {
                  "hwd": "doubter",
                  "tran": " 抱怀疑态度的人；不信宗教的人；怀疑论者"
                }
              ]
            },
            {
              "pos": "v",
              "words": [
                {
                  "hwd": "doubt",
                  "tran": " 怀疑；不信；恐怕；拿不准"
                }
              ]
            }
          ],
          "desc": "同根"
        },
        "usspeech": "doubtless&type=2",
        "trans": [
          {
            "tranCn": "无疑地",
            "descOther": "英释",
            "descCn": "中释",
            "pos": "adv",
            "tranOther": "used when saying that something is almost certain to happen or be true"
          }
        ]
      }
    }
  },
  "bookId": "IELTSluan_2"
}