{
  "wordRank": 1323,
  "headWord": "version",
  "content": {
    "word": {
      "wordHead": "version",
      "wordId": "IELTSluan_2_1323",
      "content": {
        "sentence": {
          "sentences": [
            {
              "sContent": "Could Donna’s version of what happened that night be correct?",
              "sCn": "唐娜对那晚发生的事情的描述是否正确呢？"
            }
          ],
          "desc": "例句"
        },
        "usphone": "'vɝʒn",
        "ukspeech": "version&type=1",
        "star": 0,
        "usspeech": "version&type=2",
        "syno": {
          "synos": [
            {
              "pos": "n",
              "tran": "[计]版本；[图情]译文；倒转术",
              "hwds": [
                {
                  "w": "edition"
                },
                {
                  "w": "translation"
                }
              ]
            }
          ],
          "desc": "同近"
        },
        "ukphone": "'vɜːʃ(ə)n",
        "phrase": {
          "phrases": [
            {
              "pContent": "english version",
              "pCn": "英文版本；英译本"
            },
            {
              "pContent": "latest version",
              "pCn": "最新版本"
            },
            {
              "pContent": "original version",
              "pCn": "原始著作，原始版本"
            },
            {
              "pContent": "current version",
              "pCn": "当前版本"
            },
            {
              "pContent": "version control",
              "pCn": "版本控制"
            },
            {
              "pContent": "trial version",
              "pCn": "试用版"
            },
            {
              "pContent": "version number",
              "pCn": "版本号"
            },
            {
              "pContent": "updated version",
              "pCn": "更新方案，升级版"
            },
            {
              "pContent": "special version",
              "pCn": "特别说明"
            },
            {
              "pContent": "release version",
              "pCn": "发布版本；发行版本"
            },
            {
              "pContent": "basic version",
              "pCn": "基本版本"
            }
          ],
          "desc": "短语"
        },
        "phone": "'və:ʃən",
        "speech": "version",
        "remMethod": {
          "val": " vers(转) + ion → 从原文转化而来 → 译本",
          "desc": "记忆"
        },
        "relWord": {
          "rels": [
            {
              "pos": "n",
              "words": [
                {
                  "hwd": "verse",
                  "tran": " 诗，诗篇；韵文；诗节"
                }
              ]
            }
          ],
          "desc": "同根"
        },
        "trans": [
          {
            "tranCn": "描述，译文；说法",
            "descOther": "英释",
            "descCn": "中释",
            "pos": "n",
            "tranOther": "someone’s version of an event is their description of it, when this is different from the description given by another person"
          }
        ]
      }
    }
  },
  "bookId": "IELTSluan_2"
}