{
  "wordRank": 1324,
  "headWord": "slack",
  "content": {
    "word": {
      "wordHead": "slack",
      "wordId": "IELTSluan_2_1324",
      "content": {
        "sentence": {
          "sentences": [
            {
              "sContent": "Keep the rope slack until I tell you to pull it.",
              "sCn": "让绳子松着，直到我叫你拉紧。"
            }
          ],
          "desc": "例句"
        },
        "usphone": "slæk",
        "syno": {
          "synos": [
            {
              "pos": "adj",
              "tran": "松弛的；疏忽的；不流畅的",
              "hwds": [
                {
                  "w": "laid"
                },
                {
                  "w": "flabby"
                }
              ]
            },
            {
              "pos": "vi",
              "tran": "松懈；减弱",
              "hwds": [
                {
                  "w": "relax"
                },
                {
                  "w": "fall"
                },
                {
                  "w": "lower"
                }
              ]
            },
            {
              "pos": "n",
              "tran": "煤末；峡谷",
              "hwds": [
                {
                  "w": "canyon"
                },
                {
                  "w": "glen"
                }
              ]
            },
            {
              "pos": "vt",
              "tran": "放松；使缓慢",
              "hwds": [
                {
                  "w": "relax"
                },
                {
                  "w": "lighten up"
                }
              ]
            },
            {
              "pos": "adv",
              "tran": "马虎地；缓慢地",
              "hwds": [
                {
                  "w": "slowly"
                },
                {
                  "w": "lentamente"
                }
              ]
            }
          ],
          "desc": "同近"
        },
        "ukphone": "slæk",
        "ukspeech": "slack&type=1",
        "star": 0,
        "phrase": {
          "phrases": [
            {
              "pContent": "slack off",
              "pCn": "偷懒；懈怠"
            },
            {
              "pContent": "slack season",
              "pCn": "淡季"
            },
            {
              "pContent": "slack wax",
              "pCn": "疏松石蜡；粗蜡"
            },
            {
              "pContent": "slack adjuster",
              "pCn": "松紧调整器；空隙调整器；拉紧螺钉"
            },
            {
              "pContent": "slack water",
              "pCn": "静水；缓慢流动的水；憩流"
            },
            {
              "pContent": "slack coal",
              "pCn": "粉煤；煤屑"
            }
          ],
          "desc": "短语"
        },
        "phone": "slæk",
        "speech": "slack",
        "relWord": {
          "rels": [
            {
              "pos": "adv",
              "words": [
                {
                  "hwd": "slackly",
                  "tran": " 松弛地；懈怠地；不活跃地"
                }
              ]
            },
            {
              "pos": "n",
              "words": [
                {
                  "hwd": "slackness",
                  "tran": " 松弛；懈怠；不活跃"
                }
              ]
            },
            {
              "pos": "vi",
              "words": [
                {
                  "hwd": "slacken",
                  "tran": " 松劲，懈怠；变松弛；变缓慢"
                }
              ]
            },
            {
              "pos": "vt",
              "words": [
                {
                  "hwd": "slacken",
                  "tran": " 使缓慢；使松弛"
                }
              ]
            }
          ],
          "desc": "同根"
        },
        "usspeech": "slack&type=2",
        "trans": [
          {
            "tranCn": "懈怠的；萧条的；呆滞的；松驰的；不紧的",
            "descOther": "英释",
            "descCn": "中释",
            "pos": "adj",
            "tranOther": "hanging loosely, or not pulled tight"
          }
        ]
      }
    }
  },
  "bookId": "IELTSluan_2"
}