{
  "wordRank": 1325,
  "headWord": "correlate",
  "content": {
    "word": {
      "wordHead": "correlate",
      "wordId": "IELTSluan_2_1325",
      "content": {
        "sentence": {
          "sentences": [
            {
              "sContent": "Attempts to correlate specific language functions with particular parts of the brain have not advanced very far.",
              "sCn": "试图把特定的语言功能和大脑特定区域相联系的努力还没有取得很大进展。"
            }
          ],
          "desc": "例句"
        },
        "usphone": "'kɔrəlet",
        "syno": {
          "synos": [
            {
              "pos": "n",
              "tran": "相关物；相关联的人",
              "hwds": [
                {
                  "w": "relative"
                }
              ]
            },
            {
              "pos": "adj",
              "tran": "关联的",
              "hwds": [
                {
                  "w": "associated"
                }
              ]
            }
          ],
          "desc": "同近"
        },
        "ukphone": "'kɒrəleɪt; -rɪ-",
        "ukspeech": "correlate&type=1",
        "star": 0,
        "phrase": {
          "phrases": [
            {
              "pContent": "correlate with",
              "pCn": "找出一一对应的关系；使…与…发生关系"
            }
          ],
          "desc": "短语"
        },
        "phone": "'kɔ:rə,leit",
        "speech": "correlate",
        "relWord": {
          "rels": [
            {
              "pos": "adj",
              "words": [
                {
                  "hwd": "correlated",
                  "tran": " 有相互关系的"
                },
                {
                  "hwd": "correlative",
                  "tran": " 相关的；有相互关系的"
                }
              ]
            },
            {
              "pos": "n",
              "words": [
                {
                  "hwd": "correlation",
                  "tran": " [数] 相关，关联；相互关系"
                },
                {
                  "hwd": "correlative",
                  "tran": " 关联词；相关物"
                },
                {
                  "hwd": "correlativity",
                  "tran": " 相关关系；相互关系"
                }
              ]
            },
            {
              "pos": "v",
              "words": [
                {
                  "hwd": "correlated",
                  "tran": " （使）相关联；（使）相互对照（correlate的过去分词）"
                }
              ]
            }
          ],
          "desc": "同根"
        },
        "usspeech": "correlate&type=2",
        "trans": [
          {
            "tranCn": "(使)相关联",
            "descOther": "英释",
            "descCn": "中释",
            "pos": "v",
            "tranOther": "if two or more facts, ideas etc correlate or if you correlate them, they are closely connected to each other or one causes the other"
          }
        ]
      }
    }
  },
  "bookId": "IELTSluan_2"
}