{
  "wordRank": 1326,
  "headWord": "subside",
  "content": {
    "word": {
      "wordHead": "subside",
      "wordId": "IELTSluan_2_1326",
      "content": {
        "sentence": {
          "sentences": [
            {
              "sContent": "After the heavy rains, part of the road subsided.",
              "sCn": "大雨过后，部分路面塌陷了。"
            }
          ],
          "desc": "例句"
        },
        "usphone": "səb'saɪd",
        "syno": {
          "synos": [
            {
              "pos": "vi",
              "tran": "平息；减弱；沉淀；坐下",
              "hwds": [
                {
                  "w": "fall"
                },
                {
                  "w": "settle"
                },
                {
                  "w": "lower"
                },
                {
                  "w": "cool"
                },
                {
                  "w": "deposit"
                }
              ]
            }
          ],
          "desc": "同近"
        },
        "ukphone": "səb'saɪd",
        "ukspeech": "subside&type=1",
        "star": 0,
        "phone": "səb'said",
        "speech": "subside",
        "relWord": {
          "rels": [
            {
              "pos": "n",
              "words": [
                {
                  "hwd": "subsidence",
                  "tran": " 下沉；沉淀；陷没"
                },
                {
                  "hwd": "subsiding",
                  "tran": " 下沉"
                }
              ]
            },
            {
              "pos": "v",
              "words": [
                {
                  "hwd": "subsiding",
                  "tran": " 下沉；沉淀（subside的ing形式）"
                }
              ]
            },
            {
              "pos": "vi",
              "words": [
                {
                  "hwd": "subsidise",
                  "tran": " 消退；下沉；平息"
                }
              ]
            },
            {
              "pos": "vt",
              "words": [
                {
                  "hwd": "subsidise",
                  "tran": " 资助（等于subsidize）；给...补助金"
                }
              ]
            }
          ],
          "desc": "同根"
        },
        "usspeech": "subside&type=2",
        "trans": [
          {
            "tranCn": "洪水退落；土地下沉；建筑物沉降",
            "descOther": "英释",
            "descCn": "中释",
            "pos": "v",
            "tranOther": "if a building or an area of land subsides, it gradually sinks to a lower level"
          }
        ]
      }
    }
  },
  "bookId": "IELTSluan_2"
}