{
  "wordRank": 1327,
  "headWord": "donation",
  "content": {
    "word": {
      "wordHead": "donation",
      "wordId": "IELTSluan_2_1327",
      "content": {
        "sentence": {
          "sentences": [
            {
              "sContent": "There have been generous donations from EU funds.",
              "sCn": "欧盟基金给予了慷慨的捐款。"
            }
          ],
          "desc": "例句"
        },
        "usphone": "do'neʃən",
        "ukspeech": "donation&type=1",
        "star": 0,
        "usspeech": "donation&type=2",
        "syno": {
          "synos": [
            {
              "pos": "n",
              "tran": "捐款，[经]捐赠物；捐赠",
              "hwds": [
                {
                  "w": "endowment"
                },
                {
                  "w": "offertory"
                }
              ]
            }
          ],
          "desc": "同近"
        },
        "ukphone": "də(ʊ)'neɪʃ(ə)n",
        "phrase": {
          "phrases": [
            {
              "pContent": "blood donation",
              "pCn": "献血；捐血；供血"
            },
            {
              "pContent": "charitable donation",
              "pCn": "慈善捐款"
            }
          ],
          "desc": "短语"
        },
        "phone": "dəu'neiʃən",
        "speech": "donation",
        "remMethod": {
          "val": " don(给予) + ation → 免费给予 → 捐赠",
          "desc": "记忆"
        },
        "relWord": {
          "rels": [
            {
              "pos": "adj",
              "words": [
                {
                  "hwd": "donor",
                  "tran": " 捐献的；经人工授精出生的"
                },
                {
                  "hwd": "donated",
                  "tran": " 捐赠的"
                }
              ]
            },
            {
              "pos": "n",
              "words": [
                {
                  "hwd": "donate",
                  "tran": " 捐赠；捐献"
                },
                {
                  "hwd": "donor",
                  "tran": " 捐赠者；供者；赠送人"
                }
              ]
            },
            {
              "pos": "v",
              "words": [
                {
                  "hwd": "donated",
                  "tran": " 捐赠（donate的过去分词形式）"
                }
              ]
            },
            {
              "pos": "vi",
              "words": [
                {
                  "hwd": "donate",
                  "tran": " 捐赠；捐献"
                }
              ]
            },
            {
              "pos": "vt",
              "words": [
                {
                  "hwd": "donate",
                  "tran": " 捐赠；捐献"
                }
              ]
            }
          ],
          "desc": "同根"
        },
        "trans": [
          {
            "tranCn": "捐款，捐赠",
            "descOther": "英释",
            "descCn": "中释",
            "pos": "n",
            "tranOther": "something, especially money, that you give to a person or an organ-ization in order to help them"
          }
        ]
      }
    }
  },
  "bookId": "IELTSluan_2"
}