{
  "wordRank": 1328,
  "headWord": "feel",
  "content": {
    "word": {
      "wordHead": "feel",
      "wordId": "IELTSluan_2_1328",
      "content": {
        "sentence": {
          "sentences": [
            {
              "sContent": "It’s nice fabric - it feels like velvet.",
              "sCn": "面料不错——摸上去像丝绒。"
            }
          ],
          "desc": "例句"
        },
        "usphone": "fiːl",
        "syno": {
          "synos": [
            {
              "pos": "vt",
              "tran": "感觉；认为；触摸；试探",
              "hwds": [
                {
                  "w": "expect"
                },
                {
                  "w": "count"
                },
                {
                  "w": "guess"
                },
                {
                  "w": "find"
                },
                {
                  "w": "make"
                }
              ]
            },
            {
              "pos": "vi",
              "tran": "觉得；摸索",
              "hwds": [
                {
                  "w": "fish for"
                },
                {
                  "w": "poke about"
                }
              ]
            },
            {
              "pos": "n",
              "tran": "感觉；触摸",
              "hwds": [
                {
                  "w": "consciousness"
                },
                {
                  "w": "sense perception"
                }
              ]
            }
          ],
          "desc": "同近"
        },
        "ukphone": "fiːl",
        "ukspeech": "feel&type=1",
        "star": 0,
        "phrase": {
          "phrases": [
            {
              "pContent": "feel oneself",
              "pCn": "镇定；感觉很好；觉得身体正常"
            },
            {
              "pContent": "feel like",
              "pCn": "想要；感到好似"
            },
            {
              "pContent": "feel free",
              "pCn": "随便，轻松"
            },
            {
              "pContent": "feel better",
              "pCn": "感觉好点了"
            },
            {
              "pContent": "feel about",
              "pCn": "摸索"
            },
            {
              "pContent": "how do you feel",
              "pCn": "你感觉如何"
            },
            {
              "pContent": "feel at",
              "pCn": "用手摸摸看"
            },
            {
              "pContent": "feel lonely",
              "pCn": "感到孤独，感到寂寞"
            },
            {
              "pContent": "how it feels",
              "pCn": "是什么滋味；是什么感觉；意味着什么"
            },
            {
              "pContent": "feel tired",
              "pCn": "感到疲劳"
            },
            {
              "pContent": "feel bad",
              "pCn": "不舒服；为…感到难过"
            },
            {
              "pContent": "feel for",
              "pCn": "同情；摸索"
            },
            {
              "pContent": "feel sorry",
              "pCn": "感到遗憾，觉得难过"
            },
            {
              "pContent": "feel sad",
              "pCn": "感到悲伤；心酸"
            },
            {
              "pContent": "feel at home",
              "pCn": "在家中般轻松自在；感觉自在"
            },
            {
              "pContent": "feel as if",
              "pCn": "觉得，仿佛"
            },
            {
              "pContent": "feel sorry for",
              "pCn": "..难过；为...感到可惜"
            },
            {
              "pContent": "feel sorry for oneself",
              "pCn": "垂头丧气"
            },
            {
              "pContent": "look and feel",
              "pCn": "外观和感觉"
            },
            {
              "pContent": "feel guilty",
              "pCn": "感到内疚"
            }
          ],
          "desc": "短语"
        },
        "phone": "'fi:l",
        "speech": "feel",
        "relWord": {
          "rels": [
            {
              "pos": "adj",
              "words": [
                {
                  "hwd": "feeling",
                  "tran": " 有感觉的；有同情心的；富于感情的"
                }
              ]
            },
            {
              "pos": "adv",
              "words": [
                {
                  "hwd": "feelingly",
                  "tran": " 感动地，充满感情地；衷心地"
                }
              ]
            },
            {
              "pos": "n",
              "words": [
                {
                  "hwd": "felt",
                  "tran": " 毡；毡制品"
                },
                {
                  "hwd": "feeling",
                  "tran": " 感觉，触觉；感情，情绪；同情"
                },
                {
                  "hwd": "feeler",
                  "tran": " [动] 触角；试探；试探者；厚薄规"
                }
              ]
            },
            {
              "pos": "v",
              "words": [
                {
                  "hwd": "felt",
                  "tran": " 感觉（feel的过去式）"
                },
                {
                  "hwd": "feeling",
                  "tran": " 感觉；认为（feel的现在分词）；触摸"
                }
              ]
            },
            {
              "pos": "vi",
              "words": [
                {
                  "hwd": "felt",
                  "tran": " 粘结"
                }
              ]
            },
            {
              "pos": "vt",
              "words": [
                {
                  "hwd": "felt",
                  "tran": " 使粘结；把…制成毡"
                }
              ]
            }
          ],
          "desc": "同根"
        },
        "usspeech": "feel&type=2",
        "trans": [
          {
            "tranCn": "感觉，摸，感知；同情",
            "descOther": "英释",
            "descCn": "中释",
            "pos": "v&n",
            "tranOther": "to give you a particular physical feeling, especially when you touch or hold something"
          }
        ]
      }
    }
  },
  "bookId": "IELTSluan_2"
}