{
  "wordRank": 1329,
  "headWord": "piracy",
  "content": {
    "word": {
      "wordHead": "piracy",
      "wordId": "IELTSluan_2_1329",
      "content": {
        "usphone": "'paɪrəsi",
        "syno": {
          "synos": [
            {
              "pos": "n",
              "tran": "海盗行为；剽窃；著作权侵害；非法翻印",
              "hwds": [
                {
                  "w": "plagiarism"
                },
                {
                  "w": "cribbing"
                }
              ]
            }
          ],
          "desc": "同近"
        },
        "ukphone": "'paɪrəsɪ",
        "ukspeech": "piracy&type=1",
        "star": 0,
        "phrase": {
          "phrases": [
            {
              "pContent": "software piracy",
              "pCn": "软件盗版"
            }
          ],
          "desc": "短语"
        },
        "phone": "'paiərəsi",
        "speech": "piracy",
        "relWord": {
          "rels": [
            {
              "pos": "adj",
              "words": [
                {
                  "hwd": "piratical",
                  "tran": " 海盗的；非法翻印的，盗版的"
                }
              ]
            },
            {
              "pos": "n",
              "words": [
                {
                  "hwd": "pirate",
                  "tran": " 海盗；盗版；侵犯专利权者"
                }
              ]
            },
            {
              "pos": "vi",
              "words": [
                {
                  "hwd": "pirate",
                  "tran": " 做海盗；从事劫掠"
                }
              ]
            },
            {
              "pos": "vt",
              "words": [
                {
                  "hwd": "pirate",
                  "tran": " 掠夺；翻印；剽窃"
                }
              ]
            }
          ],
          "desc": "同根"
        },
        "usspeech": "piracy&type=2",
        "trans": [
          {
            "tranCn": "海上掠夺；侵犯版权",
            "descCn": "中释",
            "pos": "n"
          }
        ]
      }
    }
  },
  "bookId": "IELTSluan_2"
}