{
  "wordRank": 133,
  "headWord": "redundant",
  "content": {
    "word": {
      "wordHead": "redundant",
      "wordId": "IELTSluan_2_133",
      "content": {
        "sentence": {
          "sentences": [
            {
              "sContent": "the removal of redundant information",
              "sCn": "多余信息的删除"
            }
          ],
          "desc": "例句"
        },
        "usphone": "rɪ'dʌndənt",
        "syno": {
          "synos": [
            {
              "pos": "adj",
              "tran": "[计]多余的，过剩的；被解雇的，失业的；冗长的，累赘的",
              "hwds": [
                {
                  "w": "spare"
                },
                {
                  "w": "unnecessary"
                },
                {
                  "w": "surplus"
                },
                {
                  "w": "waste"
                },
                {
                  "w": "superfluous"
                }
              ]
            }
          ],
          "desc": "同近"
        },
        "ukphone": "rɪ'dʌnd(ə)nt",
        "ukspeech": "redundant&type=1",
        "star": 0,
        "phrase": {
          "phrases": [
            {
              "pContent": "redundant information",
              "pCn": "冗余信息"
            },
            {
              "pContent": "redundant system",
              "pCn": "[计]冗余系统"
            },
            {
              "pContent": "redundant code",
              "pCn": "冗余码"
            }
          ],
          "desc": "短语"
        },
        "phone": "ri'dʌndənt",
        "speech": "redundant",
        "remMethod": {
          "val": " red(=re一再) + und(波动) + ant(形容词后缀)→ 反复波动， 反复出现 → 多余的， 过剩的； 累赘的",
          "desc": "记忆"
        },
        "usspeech": "redundant&type=2",
        "trans": [
          {
            "tranCn": "多余的，过剩的",
            "descOther": "英释",
            "descCn": "中释",
            "pos": "adj",
            "tranOther": "not necessary because something else means or does the same thing"
          }
        ]
      }
    }
  },
  "bookId": "IELTSluan_2"
}