{
  "wordRank": 1330,
  "headWord": "oscillate",
  "content": {
    "word": {
      "wordHead": "oscillate",
      "wordId": "IELTSluan_2_1330",
      "content": {
        "sentence": {
          "sentences": [
            {
              "sContent": "The stock market is oscillating wildly at the moment.",
              "sCn": "股票市场现在正急剧波动。"
            }
          ],
          "desc": "例句"
        },
        "usphone": "'ɑsɪlet",
        "syno": {
          "synos": [
            {
              "pos": "vt",
              "tran": "使振荡；使振动；使动摇",
              "hwds": [
                {
                  "w": "destabilize"
                }
              ]
            },
            {
              "pos": "vi",
              "tran": "振荡；摆动；犹豫",
              "hwds": [
                {
                  "w": "hesitate"
                },
                {
                  "w": "to swing"
                }
              ]
            }
          ],
          "desc": "同近"
        },
        "ukphone": "'ɒsɪleɪt",
        "ukspeech": "oscillate&type=1",
        "star": 0,
        "phone": "'ɔsileit",
        "speech": "oscillate",
        "relWord": {
          "rels": [
            {
              "pos": "adj",
              "words": [
                {
                  "hwd": "oscillating",
                  "tran": " [物] 振荡的"
                },
                {
                  "hwd": "oscillatory",
                  "tran": " 振荡的；振动的；动摇的"
                }
              ]
            },
            {
              "pos": "n",
              "words": [
                {
                  "hwd": "oscillation",
                  "tran": " 振荡；振动；摆动"
                },
                {
                  "hwd": "oscillator",
                  "tran": " [电子] 振荡器；摆动物；动摇的人"
                }
              ]
            }
          ],
          "desc": "同根"
        },
        "usspeech": "oscillate&type=2",
        "trans": [
          {
            "tranCn": "摆动，振动；踌躇，犹豫",
            "descOther": "英释",
            "descCn": "中释",
            "pos": "v",
            "tranOther": "to keep changing between one feeling or attitude and another"
          }
        ]
      }
    }
  },
  "bookId": "IELTSluan_2"
}