{
  "wordRank": 1331,
  "headWord": "norm",
  "content": {
    "word": {
      "wordHead": "norm",
      "wordId": "IELTSluan_2_1331",
      "content": {
        "sentence": {
          "sentences": [
            {
              "sContent": "Joyce’s style of writing was a striking departure from the literary norm.",
              "sCn": "乔伊斯的写作风格与传统的文学风格大相径庭。"
            }
          ],
          "desc": "例句"
        },
        "usphone": "nɔrm",
        "syno": {
          "synos": [
            {
              "pos": "n",
              "tran": "规范，基准；[经管]定额，分配之工作量",
              "hwds": [
                {
                  "w": "criterion"
                },
                {
                  "w": "quota"
                }
              ]
            }
          ],
          "desc": "同近"
        },
        "ukphone": "nɔːm",
        "ukspeech": "norm&type=1",
        "star": 0,
        "phrase": {
          "phrases": [
            {
              "pContent": "social norm",
              "pCn": "社会规范"
            },
            {
              "pContent": "matrix norm",
              "pCn": "矩阵范数"
            }
          ],
          "desc": "短语"
        },
        "phone": "nɔːm",
        "speech": "norm",
        "relWord": {
          "rels": [
            {
              "pos": "adj",
              "words": [
                {
                  "hwd": "normal",
                  "tran": " 正常的；正规的，标准的"
                },
                {
                  "hwd": "normative",
                  "tran": " 规范的，标准的"
                }
              ]
            },
            {
              "pos": "n",
              "words": [
                {
                  "hwd": "normal",
                  "tran": " 正常；标准；常态"
                },
                {
                  "hwd": "normalization",
                  "tran": " 正常化；标准化；正规化；常态化"
                },
                {
                  "hwd": "normality",
                  "tran": " 常态；[化学] 当量浓度；[化学] 规定浓度"
                },
                {
                  "hwd": "normalizer",
                  "tran": " 标准化者；正规化者"
                }
              ]
            },
            {
              "pos": "vt",
              "words": [
                {
                  "hwd": "normalize",
                  "tran": " 使正常化；使规格化，使标准化"
                }
              ]
            }
          ],
          "desc": "同根"
        },
        "usspeech": "norm&type=2",
        "trans": [
          {
            "tranCn": "标准，规范",
            "descOther": "英释",
            "descCn": "中释",
            "pos": "n",
            "tranOther": "the usual or normal situation, way of doing something etc"
          }
        ]
      }
    }
  },
  "bookId": "IELTSluan_2"
}