{
  "wordRank": 1332,
  "headWord": "trample",
  "content": {
    "word": {
      "wordHead": "trample",
      "wordId": "IELTSluan_2_1332",
      "content": {
        "sentence": {
          "sentences": [
            {
              "sContent": "Their in-terests and rights had been trampled underfoot .",
              "sCn": "他们的利益和权利都被踩在了脚下。"
            }
          ],
          "desc": "例句"
        },
        "usphone": "'træmpl",
        "syno": {
          "synos": [
            {
              "pos": "vt",
              "tran": "践踏；蔑视，伤害",
              "hwds": [
                {
                  "w": "knife"
                },
                {
                  "w": "ride down"
                }
              ]
            },
            {
              "pos": "vi",
              "tran": "践踏；蔑视，伤害；脚步沉重地走",
              "hwds": [
                {
                  "w": "ride down"
                },
                {
                  "w": "wound"
                }
              ]
            },
            {
              "pos": "n",
              "tran": "蹂躏；践踏声",
              "hwds": [
                {
                  "w": "havoc"
                }
              ]
            }
          ],
          "desc": "同近"
        },
        "ukphone": "'træmp(ə)l",
        "ukspeech": "trample&type=1",
        "star": 0,
        "phrase": {
          "phrases": [
            {
              "pContent": "trample on",
              "pCn": "v. 践踏；蹂躏"
            },
            {
              "pContent": "trample down",
              "pCn": "践踏"
            }
          ],
          "desc": "短语"
        },
        "phone": "'træmpl",
        "speech": "trample",
        "relWord": {
          "rels": [
            {
              "pos": "n",
              "words": [
                {
                  "hwd": "trampling",
                  "tran": " 践踏；踩踏"
                }
              ]
            },
            {
              "pos": "v",
              "words": [
                {
                  "hwd": "trampling",
                  "tran": " 蹂躏（trample的ing形式）"
                }
              ]
            }
          ],
          "desc": "同根"
        },
        "usspeech": "trample&type=2",
        "trans": [
          {
            "tranCn": "踩，践踏；蔑视，粗暴对待",
            "descOther": "英释",
            "descCn": "中释",
            "pos": "v",
            "tranOther": "to step heavily on something, so that you crush it with your feet"
          }
        ]
      }
    }
  },
  "bookId": "IELTSluan_2"
}