{
  "wordRank": 1333,
  "headWord": "compliment",
  "content": {
    "word": {
      "wordHead": "compliment",
      "wordId": "IELTSluan_2_1333",
      "content": {
        "sentence": {
          "sentences": [
            {
              "sContent": "With the compliments of J. Smith & Son. J.",
              "sCn": "史密斯父子公司敬赠。"
            },
            {
              "sContent": "Please accept these tickets with our compliments.",
              "sCn": "赠票若干，敬请笑纳。"
            }
          ],
          "desc": "例句"
        },
        "usphone": "ˈkɑːmplɪmənt",
        "ukspeech": "compliment&type=1",
        "star": 0,
        "usspeech": "compliment&type=2",
        "syno": {
          "synos": [
            {
              "pos": "n",
              "tran": "恭维；称赞；问候；致意；道贺",
              "hwds": [
                {
                  "w": "praise"
                },
                {
                  "w": "regard"
                }
              ]
            },
            {
              "pos": "vt",
              "tran": "恭维；称赞",
              "hwds": [
                {
                  "w": "speak well of"
                },
                {
                  "w": "pay a tribute to"
                }
              ]
            }
          ],
          "desc": "同近"
        },
        "ukphone": "'kɒmplɪm(ə)nt",
        "phrase": {
          "phrases": [
            {
              "pContent": "compliment someone on",
              "pCn": "称赞某人的…"
            },
            {
              "pContent": "left-handed compliment",
              "pCn": "言不由衷(或挖苦人)的恭维话"
            }
          ],
          "desc": "短语"
        },
        "phone": "'kɔmplimənt",
        "speech": "compliment",
        "remMethod": {
          "val": " com(共同) + pli(满， 填满) + ment(名词后缀) → 一起满足某人的愿望 → 赞美",
          "desc": "记忆"
        },
        "relWord": {
          "rels": [
            {
              "pos": "adj",
              "words": [
                {
                  "hwd": "complimentary",
                  "tran": " 赠送的；称赞的；问候的"
                }
              ]
            }
          ],
          "desc": "同根"
        },
        "trans": [
          {
            "tranCn": "敬意，赞扬；问候",
            "descOther": "英释",
            "descCn": "中释",
            "pos": "n",
            "tranOther": "used by a person or company when they send or give something to you"
          },
          {
            "tranCn": "恭维；称赞",
            "descOther": "英释",
            "descCn": "中释",
            "pos": "v",
            "tranOther": "to say something nice to someone in order to praise them"
          }
        ]
      }
    }
  },
  "bookId": "IELTSluan_2"
}