{
  "wordRank": 1334,
  "headWord": "genuine",
  "content": {
    "word": {
      "wordHead": "genuine",
      "wordId": "IELTSluan_2_1334",
      "content": {
        "sentence": {
          "sentences": [
            {
              "sContent": "‘Did he really?’ Her surprise seemed genuine.",
              "sCn": "“他真的这样？”她好像是真的惊讶。"
            }
          ],
          "desc": "例句"
        },
        "usphone": "'dʒɛnjʊɪn",
        "ukspeech": "genuine&type=1",
        "star": 0,
        "usspeech": "genuine&type=2",
        "syno": {
          "synos": [
            {
              "pos": "adj",
              "tran": "真实的，真正的；诚恳的",
              "hwds": [
                {
                  "w": "actual"
                },
                {
                  "w": "sincere"
                },
                {
                  "w": "true"
                },
                {
                  "w": "real"
                },
                {
                  "w": "positive"
                }
              ]
            }
          ],
          "desc": "同近"
        },
        "ukphone": "'dʒenjʊɪn",
        "phrase": {
          "phrases": [
            {
              "pContent": "genuine leather",
              "pCn": "真皮"
            },
            {
              "pContent": "genuine gold",
              "pCn": "纯金，赤金"
            },
            {
              "pContent": "genuine diamond",
              "pCn": "真钻石的"
            },
            {
              "pContent": "genuine partnership",
              "pCn": "真正的合作伙伴"
            }
          ],
          "desc": "短语"
        },
        "phone": "'dʒenjuin",
        "speech": "genuine",
        "remMethod": {
          "val": " gen(出生， 产生) + uine → 生来就有的 → 真正的",
          "desc": "记忆"
        },
        "relWord": {
          "rels": [
            {
              "pos": "adv",
              "words": [
                {
                  "hwd": "genuinely",
                  "tran": " 真诚地；诚实地"
                }
              ]
            },
            {
              "pos": "n",
              "words": [
                {
                  "hwd": "genuineness",
                  "tran": " 真实，真正；真诚，真挚"
                }
              ]
            }
          ],
          "desc": "同根"
        },
        "trans": [
          {
            "tranCn": "真正的，名副其实的",
            "descOther": "英释",
            "descCn": "中释",
            "pos": "adj",
            "tranOther": "a genuine feeling, desire etc is one that you really feel, not one you pretend to feel"
          }
        ]
      }
    }
  },
  "bookId": "IELTSluan_2"
}