{
  "wordRank": 1335,
  "headWord": "fancy",
  "content": {
    "word": {
      "wordHead": "fancy",
      "wordId": "IELTSluan_2_1335",
      "content": {
        "sentence": {
          "sentences": [
            {
              "sContent": "Harry took me to a fancy restaurant for our anniversary.",
              "sCn": "哈里带我去了一家豪华餐厅，庆祝我们的结婚纪念日。"
            }
          ],
          "desc": "例句"
        },
        "usphone": "'fænsi",
        "syno": {
          "synos": [
            {
              "pos": "n",
              "tran": "幻想；想像力；爱好",
              "hwds": [
                {
                  "w": "interest"
                },
                {
                  "w": "like"
                },
                {
                  "w": "fantasy"
                }
              ]
            },
            {
              "pos": "adj",
              "tran": "想象的；奇特的；昂贵的；精选的",
              "hwds": [
                {
                  "w": "expensive"
                },
                {
                  "w": "rich"
                },
                {
                  "w": "ideal"
                },
                {
                  "w": "picked"
                },
                {
                  "w": "dear"
                }
              ]
            },
            {
              "pos": "vt",
              "tran": "想象；喜爱；设想；自负",
              "hwds": [
                {
                  "w": "enjoy"
                },
                {
                  "w": "vision"
                },
                {
                  "w": "image"
                }
              ]
            },
            {
              "pos": "vi",
              "tran": "幻想；想象",
              "hwds": [
                {
                  "w": "have vision of"
                },
                {
                  "w": "to imagine"
                }
              ]
            }
          ],
          "desc": "同近"
        },
        "ukphone": "'fænsɪ",
        "ukspeech": "fancy&type=1",
        "star": 0,
        "phrase": {
          "phrases": [
            {
              "pContent": "take a fancy to",
              "pCn": "喜欢；爱上"
            },
            {
              "pContent": "fancy yarn",
              "pCn": "花式纱"
            },
            {
              "pContent": "fancy dress",
              "pCn": "n. 化装舞会所穿着的服装"
            },
            {
              "pContent": "have a fancy for",
              "pCn": "喜欢， 想要；热衷于…；爱好"
            },
            {
              "pContent": "fancy oneself as",
              "pCn": "认为自己（可以成为..）；自以为是（某种人材）"
            },
            {
              "pContent": "fancy for sth",
              "pCn": "喜欢某物"
            },
            {
              "pContent": "fancy style",
              "pCn": "花哨的风格"
            },
            {
              "pContent": "fancy dress ball",
              "pCn": "化装舞会；假面舞会"
            },
            {
              "pContent": "after one's fancy",
              "pCn": "中意的，合意的"
            },
            {
              "pContent": "fancy soap",
              "pCn": "香皂"
            },
            {
              "pContent": "fancy paper",
              "pCn": "热门股票"
            }
          ],
          "desc": "短语"
        },
        "speech": "fancy",
        "remMethod": {
          "val": " fan(迷， 狂热者) + cy → 着迷(的事) → 爱好",
          "desc": "记忆"
        },
        "relWord": {
          "rels": [
            {
              "pos": "adj",
              "words": [
                {
                  "hwd": "fanciful",
                  "tran": " 想像的；稀奇的"
                },
                {
                  "hwd": "fancied",
                  "tran": " 空想的；虚构的；受喜爱的；被特别爱好的"
                }
              ]
            },
            {
              "pos": "adv",
              "words": [
                {
                  "hwd": "fancifully",
                  "tran": " 梦想地；奇异地；想像地"
                }
              ]
            },
            {
              "pos": "n",
              "words": [
                {
                  "hwd": "fan",
                  "tran": " 迷；风扇；爱好者"
                },
                {
                  "hwd": "fancier",
                  "tran": " 爱好者；空想家；育种者"
                }
              ]
            },
            {
              "pos": "vi",
              "words": [
                {
                  "hwd": "fan",
                  "tran": " 成扇形散开；飘动"
                }
              ]
            },
            {
              "pos": "vt",
              "words": [
                {
                  "hwd": "fan",
                  "tran": " 煽动；刺激；吹拂"
                }
              ]
            }
          ],
          "desc": "同根"
        },
        "usspeech": "fancy&type=2",
        "trans": [
          {
            "tranCn": "颜色鲜艳的;奇特的n&v想象力,设想,爱好",
            "descOther": "英释",
            "descCn": "中释",
            "pos": "adj",
            "tranOther": "fancy food is of a high quality"
          }
        ]
      }
    }
  },
  "bookId": "IELTSluan_2"
}