{
  "wordRank": 1336,
  "headWord": "augment",
  "content": {
    "word": {
      "wordHead": "augment",
      "wordId": "IELTSluan_2_1336",
      "content": {
        "sentence": {
          "sentences": [
            {
              "sContent": "Any surplus was sold to augment their income.",
              "sCn": "所有多余的东西被售卖一空来增加他们的收入。"
            }
          ],
          "desc": "例句"
        },
        "usphone": "ɔɡ'mɛnt",
        "syno": {
          "synos": [
            {
              "pos": "vi",
              "tran": "增加；增大",
              "hwds": [
                {
                  "w": "improve"
                },
                {
                  "w": "gain"
                },
                {
                  "w": "accelerate"
                },
                {
                  "w": "make"
                },
                {
                  "w": "grow in"
                }
              ]
            },
            {
              "pos": "vt",
              "tran": "增加；增大",
              "hwds": [
                {
                  "w": "enhance"
                },
                {
                  "w": "boost"
                },
                {
                  "w": "jack"
                },
                {
                  "w": "mount"
                },
                {
                  "w": "hot"
                }
              ]
            },
            {
              "pos": "n",
              "tran": "增加；增大",
              "hwds": [
                {
                  "w": "enhancement"
                },
                {
                  "w": "increase"
                },
                {
                  "w": "gain"
                },
                {
                  "w": "rise"
                },
                {
                  "w": "accession"
                }
              ]
            }
          ],
          "desc": "同近"
        },
        "ukphone": "ɔːg'ment",
        "ukspeech": "augment&type=1",
        "star": 0,
        "phone": "ɔ:ɡ'ment, 'ɔ:gmənt",
        "speech": "augment",
        "remMethod": {
          "val": " aug(增加) + ment → 增加， 提高， 扩大",
          "desc": "记忆"
        },
        "relWord": {
          "rels": [
            {
              "pos": "adj",
              "words": [
                {
                  "hwd": "augmented",
                  "tran": " 增广的；增音的；扩张的"
                },
                {
                  "hwd": "augmentative",
                  "tran": " 扩大的；增大意义的"
                }
              ]
            },
            {
              "pos": "n",
              "words": [
                {
                  "hwd": "augmentation",
                  "tran": " 增加，增大；增加物"
                },
                {
                  "hwd": "augmentative",
                  "tran": " 用来增强词义的语句"
                }
              ]
            }
          ],
          "desc": "同根"
        },
        "usspeech": "augment&type=2",
        "trans": [
          {
            "tranCn": "增大，增加",
            "descOther": "英释",
            "descCn": "中释",
            "pos": "v",
            "tranOther": "to increase the value, amount, effectiveness etc of something"
          }
        ]
      }
    }
  },
  "bookId": "IELTSluan_2"
}