{
  "wordRank": 1337,
  "headWord": "smart",
  "content": {
    "word": {
      "wordHead": "smart",
      "wordId": "IELTSluan_2_1337",
      "content": {
        "sentence": {
          "sentences": [
            {
              "sContent": "The smart kids get good grades and go off to college.",
              "sCn": "聪明的孩子成绩好，可以去上大学。"
            },
            {
              "sContent": "I was smart enough to wait for a week.",
              "sCn": "我很明智，等了一个星期。"
            },
            {
              "sContent": "His decision to become a director was a smart move (= sensible thing to do ) .",
              "sCn": "他决定要做导演，这是明智之举。"
            }
          ],
          "desc": "例句"
        },
        "usphone": "smɑrt",
        "syno": {
          "synos": [
            {
              "pos": "n",
              "tran": "痛苦；刺痛",
              "hwds": [
                {
                  "w": "hurt"
                },
                {
                  "w": "painfulness"
                }
              ]
            },
            {
              "pos": "adj",
              "tran": "聪明的；漂亮的；厉害的；巧妙的；敏捷的；潇洒的；剧烈的",
              "hwds": [
                {
                  "w": "intelligent"
                },
                {
                  "w": "happy"
                },
                {
                  "w": "severe"
                },
                {
                  "w": "clever"
                },
                {
                  "w": "pretty"
                }
              ]
            },
            {
              "pos": "vi",
              "tran": "刺痛；懊恼",
              "hwds": [
                {
                  "w": "bite"
                },
                {
                  "w": "sweat"
                }
              ]
            }
          ],
          "desc": "同近"
        },
        "ukphone": "smɑːt",
        "ukspeech": "smart&type=1",
        "star": 0,
        "phrase": {
          "phrases": [
            {
              "pContent": "smart card",
              "pCn": "智能卡"
            },
            {
              "pContent": "smart phone",
              "pCn": "智能电话"
            },
            {
              "pContent": "little smart",
              "pCn": "小灵通（中国网通和中国电信联合推出的移动通信产品）"
            },
            {
              "pContent": "smart money",
              "pCn": "抚恤金；罚款；因掌握内情而下的赌注；（英）伤兵抚恤"
            },
            {
              "pContent": "smart for",
              "pCn": "v. 受罚"
            },
            {
              "pContent": "a smart guy",
              "pCn": "精明的家伙"
            },
            {
              "pContent": "play it smart",
              "pCn": "干得好，做得对"
            },
            {
              "pContent": "street smart",
              "pCn": "n. 熟悉都市生活方式和世态的；街头智慧"
            }
          ],
          "desc": "短语"
        },
        "phone": "smɑːt",
        "speech": "smart",
        "relWord": {
          "rels": [
            {
              "pos": "adj",
              "words": [
                {
                  "hwd": "smarting",
                  "tran": " 剧烈疼痛的"
                }
              ]
            },
            {
              "pos": "adv",
              "words": [
                {
                  "hwd": "smartly",
                  "tran": " 刺痛地；漂亮地；潇洒地；火辣辣地"
                }
              ]
            },
            {
              "pos": "n",
              "words": [
                {
                  "hwd": "smarting",
                  "tran": " 剧烈疼痛；刺痛"
                },
                {
                  "hwd": "smartness",
                  "tran": " 机灵；敏捷；现代风格"
                }
              ]
            },
            {
              "pos": "vi",
              "words": [
                {
                  "hwd": "smarting",
                  "tran": " 感到刺痛；感到难受（smart的现在分词）"
                }
              ]
            }
          ],
          "desc": "同根"
        },
        "usspeech": "smart&type=2",
        "trans": [
          {
            "tranCn": "漂亮的；聪明的；轻快的",
            "descOther": "英释",
            "descCn": "中释",
            "pos": "adj",
            "tranOther": "intelligent or sensible"
          }
        ]
      }
    }
  },
  "bookId": "IELTSluan_2"
}