{
  "wordRank": 1338,
  "headWord": "gaudy",
  "content": {
    "word": {
      "wordHead": "gaudy",
      "wordId": "IELTSluan_2_1338",
      "content": {
        "sentence": {
          "sentences": [
            {
              "sContent": "gaudy jewelry",
              "sCn": "俗丽的珠宝"
            }
          ],
          "desc": "例句"
        },
        "usphone": "'gɔdi",
        "syno": {
          "synos": [
            {
              "pos": "adj",
              "tran": "华而不实的；俗丽的",
              "hwds": [
                {
                  "w": "purple"
                },
                {
                  "w": "gingerbready"
                }
              ]
            }
          ],
          "desc": "同近"
        },
        "antos": {
          "anto": [
            {
              "hwd": "subdued"
            }
          ],
          "desc": "反义"
        },
        "ukphone": "'gɔːdɪ",
        "ukspeech": "gaudy&type=1",
        "star": 0,
        "phone": "'ɡɔ:di",
        "speech": "gaudy",
        "relWord": {
          "rels": [
            {
              "pos": "adv",
              "words": [
                {
                  "hwd": "gaudily",
                  "tran": " 俗丽地"
                }
              ]
            },
            {
              "pos": "n",
              "words": [
                {
                  "hwd": "gaud",
                  "tran": " 华丽而俗气的东西"
                },
                {
                  "hwd": "gaudery",
                  "tran": " 夸示；俗丽的服饰"
                },
                {
                  "hwd": "gaudiness",
                  "tran": " 华美，俗丽的美"
                }
              ]
            }
          ],
          "desc": "同根"
        },
        "usspeech": "gaudy&type=2",
        "trans": [
          {
            "tranCn": "绚丽的",
            "descOther": "英释",
            "descCn": "中释",
            "pos": "adj",
            "tranOther": "clothes, colours etc that are gaudy are too bright and look cheap – used to show disapproval"
          }
        ]
      }
    }
  },
  "bookId": "IELTSluan_2"
}