{
  "wordRank": 1339,
  "headWord": "generalize",
  "content": {
    "word": {
      "wordHead": "generalize",
      "wordId": "IELTSluan_2_1339",
      "content": {
        "sentence": {
          "sentences": [
            {
              "sContent": "Critics love to generalize, to formulate trends into which all new work must be fitted, however contradictory.",
              "sCn": "评论家喜欢概括，归纳出所有新作品都必须符合的趋势，不管它们是如何地不符。"
            }
          ],
          "desc": "例句"
        },
        "usphone": "'dʒɛnrəlaɪz",
        "syno": {
          "synos": [
            {
              "pos": "vt",
              "tran": "概括；推广；使...一般化",
              "hwds": [
                {
                  "w": "extend"
                },
                {
                  "w": "summarise"
                }
              ]
            },
            {
              "pos": "vi",
              "tran": "形成概念",
              "hwds": [
                {
                  "w": "ideate"
                }
              ]
            }
          ],
          "desc": "同近"
        },
        "ukphone": "ˈdʒɛnrəˌlaɪz",
        "ukspeech": "generalize&type=1",
        "star": 0,
        "phone": "'dʒenərəlaiz",
        "speech": "generalize",
        "relWord": {
          "rels": [
            {
              "pos": "adj",
              "words": [
                {
                  "hwd": "general",
                  "tran": " 一般的，普通的；综合的；大体的"
                },
                {
                  "hwd": "generic",
                  "tran": " 类的；一般的；属的；非商标的"
                },
                {
                  "hwd": "generalized",
                  "tran": " 广义的，普遍的；无显著特点的"
                }
              ]
            },
            {
              "pos": "adv",
              "words": [
                {
                  "hwd": "generally",
                  "tran": " 通常；普遍地，一般地"
                },
                {
                  "hwd": "generically",
                  "tran": " 一般地；属类地"
                }
              ]
            },
            {
              "pos": "n",
              "words": [
                {
                  "hwd": "general",
                  "tran": " 一般；将军，上将；常规"
                },
                {
                  "hwd": "generalization",
                  "tran": " 概括；普遍化；一般化"
                },
                {
                  "hwd": "generality",
                  "tran": " 概论；普遍性；大部分"
                },
                {
                  "hwd": "generalisation",
                  "tran": " （英）一般化；归纳；普遍原理（等于generalization）"
                }
              ]
            },
            {
              "pos": "v",
              "words": [
                {
                  "hwd": "generalized",
                  "tran": " 推广（generalize的过去分词）；对…进行概括；使…一般化"
                }
              ]
            },
            {
              "pos": "vi",
              "words": [
                {
                  "hwd": "generalise",
                  "tran": " 推广；笼统地讲；概括（等于generalize）"
                }
              ]
            },
            {
              "pos": "vt",
              "words": [
                {
                  "hwd": "generate",
                  "tran": " 使形成；发生；生殖"
                },
                {
                  "hwd": "generalise",
                  "tran": " 概括；归纳；普及"
                }
              ]
            }
          ],
          "desc": "同根"
        },
        "usspeech": "generalize&type=2",
        "trans": [
          {
            "tranCn": "概括，归纳",
            "descOther": "英释",
            "descCn": "中释",
            "pos": "v",
            "tranOther": "to form a general principle or opinion after considering only a small number of facts or examples"
          }
        ]
      }
    }
  },
  "bookId": "IELTSluan_2"
}