{
  "wordRank": 134,
  "headWord": "be",
  "content": {
    "word": {
      "wordHead": "be",
      "wordId": "IELTSluan_2_134",
      "content": {
        "sentence": {
          "sentences": [
            {
              "sContent": "Don’t disturb me while I’m working.",
              "sCn": "我工作的时候不要打扰我。"
            },
            {
              "sContent": "Gemma was reading.",
              "sCn": "吉玛正在看书。"
            },
            {
              "sContent": "They’ve been asking a lot of questions.",
              "sCn": "他们已经问了许多问题。"
            },
            {
              "sContent": "That guy’s always causing trouble.",
              "sCn": "那家伙总是惹麻烦。"
            },
            {
              "sContent": "We’ll be starting in about an hour.",
              "sCn": "我们过一小时左右开始。"
            },
            {
              "sContent": "He isn’t leaving, is he?",
              "sCn": "他不会走吧？"
            }
          ],
          "desc": "例句"
        },
        "usphone": "bi",
        "syno": {
          "synos": [
            {
              "pos": "prep",
              "tran": "在，存在；是",
              "hwds": [
                {
                  "w": "at"
                }
              ]
            }
          ],
          "desc": "同近"
        },
        "ukphone": "biː",
        "ukspeech": "be&type=1",
        "star": 0,
        "phrase": {
          "phrases": [
            {
              "pContent": "so be it",
              "pCn": "诚心所愿；顺其自然"
            },
            {
              "pContent": "let be",
              "pCn": "听任；不干涉，不打扰"
            }
          ],
          "desc": "短语"
        },
        "speech": "be",
        "usspeech": "be&type=2",
        "trans": [
          {
            "tranCn": "at",
            "descOther": "英释",
            "descCn": "中释",
            "pos": "auxiliary verb",
            "tranOther": "used with a present participle to form the  continuous 4  tenses of verbs"
          },
          {
            "tranCn": "odds",
            "descOther": "英释",
            "descCn": "中释",
            "pos": "auxiliary verb",
            "tranOther": "used with a present participle to form the  continuous 4  tenses of verbs"
          },
          {
            "tranCn": "with",
            "descOther": "英释",
            "descCn": "中释",
            "pos": "auxiliary verb",
            "tranOther": "used with a present participle to form the  continuous 4  tenses of verbs"
          },
          {
            "tranCn": "有争执",
            "descCn": "中释",
            "pos": "sb与"
          }
        ]
      }
    }
  },
  "bookId": "IELTSluan_2"
}