{
  "wordRank": 1340,
  "headWord": "carpenter",
  "content": {
    "word": {
      "wordHead": "carpenter",
      "wordId": "IELTSluan_2_1340",
      "content": {
        "sentence": {
          "sentences": [
            {
              "sContent": "He is a carpenter by profession.",
              "sContent_eng": "He is a <b>carpenter</b> by profession.",
              "sSpeech": "He+is+a+carpenter+by+profession.&le=eng",
              "sCn": "他以木工为业。"
            },
            {
              "sContent": "At an early age, I was apprenticed to a carpenter.",
              "sContent_eng": "At an early age, I was apprenticed to a <b>carpenter</b>.",
              "sSpeech": "At+an+early+age%2C+I+was+apprenticed+to+a+carpenter.&le=eng",
              "sCn": "我小时候曾给木匠当过学徒。"
            },
            {
              "sContent": "That carpenter wanted to become a lawyer， but he was advised to stick to his last.",
              "sContent_eng": "That <b>carpenter</b> wanted to become a lawyer， but he was advised to stick to his last.",
              "sSpeech": "That+carpenter+wanted+to+become+a+lawyer%EF%BC%8C+but+he+was+advised+to+stick+to+his+last.&le=eng",
              "sCn": "那个木匠想当律师， 但别人劝他安分守己地干他自己的老本行。"
            }
          ],
          "desc": "例句"
        },
        "usphone": "ˈkɑːrpəntər",
        "syno": {
          "synos": [
            {
              "pos": "n",
              "tran": "木匠，木工",
              "hwds": [
                {
                  "w": "squareman"
                },
                {
                  "w": "woodworker"
                }
              ]
            },
            {
              "pos": "vt",
              "tran": "制作",
              "hwds": [
                {
                  "w": "to make"
                }
              ]
            }
          ],
          "desc": "同近"
        },
        "ukphone": "ˈkɑːpəntə(r)",
        "ukspeech": "carpenter&type=1",
        "star": 0,
        "phone": "'kɑ:pəntə",
        "speech": "carpenter",
        "relWord": {
          "rels": [
            {
              "pos": "n",
              "words": [
                {
                  "hwd": "carpentry",
                  "tran": " 木器；木工手艺；[木] 木工业"
                }
              ]
            }
          ],
          "desc": "同根"
        },
        "usspeech": "carpenter&type=2",
        "trans": [
          {
            "tranCn": "木工，木匠",
            "descOther": "英释",
            "descCn": "中释",
            "pos": "n",
            "tranOther": "someone whose job is making and repairing wooden objects"
          }
        ]
      }
    }
  },
  "bookId": "IELTSluan_2"
}