{
  "wordRank": 1341,
  "headWord": "sincere",
  "content": {
    "word": {
      "wordHead": "sincere",
      "wordId": "IELTSluan_2_1341",
      "content": {
        "sentence": {
          "sentences": [
            {
              "sContent": "Please accept my sincere apologies .",
              "sCn": "请接受我真诚的道歉。"
            },
            {
              "sContent": "his sincere desire to find out the truth",
              "sCn": "他想查明真相的真切愿望"
            }
          ],
          "desc": "例句"
        },
        "usphone": "sɪn'sɪr",
        "ukspeech": "sincere&type=1",
        "star": 0,
        "usspeech": "sincere&type=2",
        "syno": {
          "synos": [
            {
              "pos": "adj",
              "tran": "真诚的；诚挚的；真实的",
              "hwds": [
                {
                  "w": "actual"
                },
                {
                  "w": "positive"
                },
                {
                  "w": "true"
                },
                {
                  "w": "real"
                },
                {
                  "w": "genuine"
                }
              ]
            }
          ],
          "desc": "同近"
        },
        "ukphone": "sɪn'sɪə",
        "phrase": {
          "phrases": [
            {
              "pContent": "sincere desire",
              "pCn": "诚心诚意"
            }
          ],
          "desc": "短语"
        },
        "phone": "sin'siə",
        "speech": "sincere",
        "remMethod": {
          "val": " sin(罪) + cere → 把罪过一一坦白， 态度真诚 → 真诚的",
          "desc": "记忆"
        },
        "relWord": {
          "rels": [
            {
              "pos": "adv",
              "words": [
                {
                  "hwd": "sincerely",
                  "tran": " 真诚地；由衷地，诚恳地"
                }
              ]
            },
            {
              "pos": "n",
              "words": [
                {
                  "hwd": "sincerity",
                  "tran": " 真实，诚挚"
                }
              ]
            }
          ],
          "desc": "同根"
        },
        "trans": [
          {
            "tranCn": "真挚的；诚恳的",
            "descOther": "英释",
            "descCn": "中释",
            "pos": "adj",
            "tranOther": "a feeling, belief, or statement that is sincere is honest and true, and based on what you really feel and believe"
          }
        ]
      }
    }
  },
  "bookId": "IELTSluan_2"
}