{
  "wordRank": 1342,
  "headWord": "glimmer",
  "content": {
    "word": {
      "wordHead": "glimmer",
      "wordId": "IELTSluan_2_1342",
      "content": {
        "sentence": {
          "sentences": [
            {
              "sContent": "a weak glimmering light",
              "sCn": "微弱的闪光"
            }
          ],
          "desc": "例句"
        },
        "usphone": "'ɡlɪmɚ",
        "syno": {
          "synos": [
            {
              "pos": "n",
              "tran": "微光；闪光；少许",
              "hwds": [
                {
                  "w": "little"
                },
                {
                  "w": "touch"
                }
              ]
            },
            {
              "pos": "vi",
              "tran": "闪烁；发微光",
              "hwds": [
                {
                  "w": "spark"
                },
                {
                  "w": "coruscate"
                }
              ]
            }
          ],
          "desc": "同近"
        },
        "ukphone": "'glɪmə",
        "ukspeech": "glimmer&type=1",
        "star": 0,
        "phone": "'ɡlimə",
        "speech": "glimmer",
        "relWord": {
          "rels": [
            {
              "pos": "adj",
              "words": [
                {
                  "hwd": "glimmering",
                  "tran": " 微弱地发光的；薄弱地发光的"
                }
              ]
            },
            {
              "pos": "n",
              "words": [
                {
                  "hwd": "glimmering",
                  "tran": " 微光；隐约的一瞥"
                }
              ]
            }
          ],
          "desc": "同根"
        },
        "usspeech": "glimmer&type=2",
        "trans": [
          {
            "tranCn": "(发)微光；少许，微量",
            "descOther": "英释",
            "descCn": "中释",
            "pos": "vi&n",
            "tranOther": "a light that is not very bright"
          }
        ]
      }
    }
  },
  "bookId": "IELTSluan_2"
}