{
  "wordRank": 1343,
  "headWord": "muster",
  "content": {
    "word": {
      "wordHead": "muster",
      "wordId": "IELTSluan_2_1343",
      "content": {
        "sentence": {
          "sentences": [
            {
              "sContent": "In April 1185, he began to muster an army .",
              "sCn": "1185年4月，他开始召集军队。"
            }
          ],
          "desc": "例句"
        },
        "usphone": "'mʌstɚ",
        "syno": {
          "synos": [
            {
              "pos": "vt",
              "tran": "召集；对…进行点名；使振作",
              "hwds": [
                {
                  "w": "call together"
                },
                {
                  "w": "call in"
                }
              ]
            },
            {
              "pos": "n",
              "tran": "集合；检阅；点名册；集合人员",
              "hwds": [
                {
                  "w": "assembly"
                },
                {
                  "w": "concentration"
                },
                {
                  "w": "convergence"
                },
                {
                  "w": "set"
                },
                {
                  "w": "review"
                }
              ]
            },
            {
              "pos": "vi",
              "tran": "召集；聚集",
              "hwds": [
                {
                  "w": "concentrate"
                },
                {
                  "w": "collect"
                },
                {
                  "w": "mass"
                },
                {
                  "w": "crowd"
                }
              ]
            }
          ],
          "desc": "同近"
        },
        "ukphone": "'mʌstə",
        "ukspeech": "muster&type=1",
        "star": 0,
        "phrase": {
          "phrases": [
            {
              "pContent": "pass muster",
              "pCn": "符合要求；合格"
            }
          ],
          "desc": "短语"
        },
        "phone": "'mʌstə",
        "speech": "muster",
        "relWord": {
          "rels": [
            {
              "pos": "aux",
              "words": [
                {
                  "hwd": "must",
                  "tran": " 必须，一定；可以，应当；很可能"
                }
              ]
            },
            {
              "pos": "n",
              "words": [
                {
                  "hwd": "must",
                  "tran": " 绝对必要的事物；未发酵葡萄汁"
                }
              ]
            }
          ],
          "desc": "同根"
        },
        "usspeech": "muster&type=2",
        "trans": [
          {
            "tranCn": "集合，检阅，集中",
            "descOther": "英释",
            "descCn": "中释",
            "pos": "v",
            "tranOther": "if soldiers muster, or if someone musters them, they come together in a group"
          }
        ]
      }
    }
  },
  "bookId": "IELTSluan_2"
}