{
  "wordRank": 1344,
  "headWord": "gene",
  "content": {
    "word": {
      "wordHead": "gene",
      "wordId": "IELTSluan_2_1344",
      "content": {
        "sentence": {
          "sentences": [
            {
              "sContent": "human genes",
              "sCn": "人类基因"
            },
            {
              "sContent": "the genes that regulate cell division",
              "sCn": "控制细胞分裂的基因"
            }
          ],
          "desc": "例句"
        },
        "usphone": "dʒin",
        "syno": {
          "synos": [
            {
              "pos": "n",
              "tran": "[遗]基因，遗传因子",
              "hwds": [
                {
                  "w": "hereditary factor"
                }
              ]
            }
          ],
          "desc": "同近"
        },
        "ukphone": "dʒiːn",
        "ukspeech": "gene&type=1",
        "star": 0,
        "phrase": {
          "phrases": [
            {
              "pContent": "gene expression",
              "pCn": "[化]基因表达；基因表现"
            },
            {
              "pContent": "gene therapy",
              "pCn": "n. 基因治疗"
            },
            {
              "pContent": "gene engineering",
              "pCn": "基因工程；遗传工程"
            },
            {
              "pContent": "gene transfer",
              "pCn": "基因导入，转基因；基因转移"
            },
            {
              "pContent": "gene mutation",
              "pCn": "基因突变"
            },
            {
              "pContent": "gene cloning",
              "pCn": "基因克隆；基因选殖"
            },
            {
              "pContent": "gene pool",
              "pCn": "基因库"
            },
            {
              "pContent": "gene mapping",
              "pCn": "[遗]基因图谱"
            },
            {
              "pContent": "major gene",
              "pCn": "主要基因；知基因；柱因"
            },
            {
              "pContent": "gene flow",
              "pCn": "基因流，基因流动；基因怜"
            },
            {
              "pContent": "foreign gene",
              "pCn": "外源基因；异体基因"
            },
            {
              "pContent": "reporter gene",
              "pCn": "[生物]报告基因"
            },
            {
              "pContent": "suicide gene",
              "pCn": "自杀基因"
            },
            {
              "pContent": "gene recombination",
              "pCn": "基因重组；基因重组现象"
            },
            {
              "pContent": "recessive gene",
              "pCn": "隐性基因"
            },
            {
              "pContent": "dominant gene",
              "pCn": "显性基因"
            },
            {
              "pContent": "gene bank",
              "pCn": "基因库，基因文库"
            },
            {
              "pContent": "gene deletion",
              "pCn": "基因缺失；基因删除（多余基因的除去）"
            },
            {
              "pContent": "gene library",
              "pCn": "基因库；基因文库"
            },
            {
              "pContent": "gene clone",
              "pCn": "基因克隆"
            }
          ],
          "desc": "短语"
        },
        "phone": "dʒi:n",
        "speech": "gene",
        "remMethod": {
          "val": " “基因”",
          "desc": "记忆"
        },
        "usspeech": "gene&type=2",
        "trans": [
          {
            "tranCn": "基因",
            "descOther": "英释",
            "descCn": "中释",
            "pos": "n",
            "tranOther": "a part of a cell in a living thing that controls what it looks like, how it grows, and how it develops. People get their genes from their parents"
          }
        ]
      }
    }
  },
  "bookId": "IELTSluan_2"
}