{
  "wordRank": 1345,
  "headWord": "devastating",
  "content": {
    "word": {
      "wordHead": "devastating",
      "wordId": "IELTSluan_2_1345",
      "content": {
        "sentence": {
          "sentences": [
            {
              "sContent": "It will be a devastating blow for the town if the factory closes.",
              "sCn": "如果工厂关闭，对该镇来说将是沉重的打击。"
            }
          ],
          "desc": "例句"
        },
        "usphone": "'devəsteitiŋ",
        "syno": {
          "synos": [
            {
              "pos": "adj",
              "tran": "毁灭性的；全然的",
              "hwds": [
                {
                  "w": "fell"
                },
                {
                  "w": "destructive"
                },
                {
                  "w": "fatal"
                }
              ]
            },
            {
              "pos": "v",
              "tran": "摧毁（devastate的ing形式）；毁坏",
              "hwds": [
                {
                  "w": "annihilating"
                },
                {
                  "w": "rubbling"
                }
              ]
            }
          ],
          "desc": "同近"
        },
        "star": 0,
        "phone": "'devəsteitiŋ",
        "speech": "devastating",
        "relWord": {
          "rels": [
            {
              "pos": "n",
              "words": [
                {
                  "hwd": "devastation",
                  "tran": " 毁坏，荒废"
                }
              ]
            },
            {
              "pos": "vt",
              "words": [
                {
                  "hwd": "devastate",
                  "tran": " 毁灭；毁坏"
                }
              ]
            }
          ],
          "desc": "同根"
        },
        "usspeech": "devastating&type=2",
        "trans": [
          {
            "tranCn": "破坏性的，毁灭性的",
            "descOther": "英释",
            "descCn": "中释",
            "pos": "adj",
            "tranOther": "badly damaging or destroying something"
          }
        ]
      }
    }
  },
  "bookId": "IELTSluan_2"
}