{
  "wordRank": 1346,
  "headWord": "decree",
  "content": {
    "word": {
      "wordHead": "decree",
      "wordId": "IELTSluan_2_1346",
      "content": {
        "sentence": {
          "sentences": [
            {
              "sContent": "The Emperor issued the decree repealing martial law.",
              "sCn": "皇帝下诏令取消了军事管制。"
            }
          ],
          "desc": "例句"
        },
        "usphone": "dɪ'kri",
        "syno": {
          "synos": [
            {
              "pos": "n",
              "tran": "[法]法令；判决",
              "hwds": [
                {
                  "w": "sentence"
                },
                {
                  "w": "award"
                },
                {
                  "w": "act"
                },
                {
                  "w": "ordinance"
                }
              ]
            },
            {
              "pos": "vt",
              "tran": "命令；颁布；注定；判决",
              "hwds": [
                {
                  "w": "require"
                },
                {
                  "w": "order"
                },
                {
                  "w": "command"
                },
                {
                  "w": "determine"
                },
                {
                  "w": "fate"
                }
              ]
            },
            {
              "pos": "vi",
              "tran": "注定；发布命令",
              "hwds": [
                {
                  "w": "be doomed to"
                },
                {
                  "w": "issue an order"
                }
              ]
            }
          ],
          "desc": "同近"
        },
        "ukphone": "dɪ'kriː",
        "ukspeech": "decree&type=1",
        "star": 0,
        "phone": "di'kri:",
        "speech": "decree",
        "relWord": {
          "rels": [
            {
              "pos": "adj",
              "words": [
                {
                  "hwd": "decreed",
                  "tran": " 任命的"
                }
              ]
            },
            {
              "pos": "v",
              "words": [
                {
                  "hwd": "decreed",
                  "tran": " 颁布法令（decree的过去式）"
                }
              ]
            }
          ],
          "desc": "同根"
        },
        "usspeech": "decree&type=2",
        "trans": [
          {
            "tranCn": "法令，判决",
            "descOther": "英释",
            "descCn": "中释",
            "pos": "v&n",
            "tranOther": "an official order or decision, especially one made by the ruler of a country"
          }
        ]
      }
    }
  },
  "bookId": "IELTSluan_2"
}