{
  "wordRank": 1347,
  "headWord": "reservoir",
  "content": {
    "word": {
      "wordHead": "reservoir",
      "wordId": "IELTSluan_2_1347",
      "content": {
        "sentence": {
          "sentences": [
            {
              "sContent": "All these earthquakes happened when the water level in Zipingpu reservoir was low.",
              "sContent_eng": "All these earthquakes happened when the water level in Zipingpu <b>reservoir</b> was low.",
              "sSpeech": "All+these+earthquakes+happened+when+the+water+level+in+Zipingpu+reservoir+was+low.&le=eng",
              "sCn": "所有这些地震都发生在紫坪铺水库水位很低的时候。"
            }
          ],
          "desc": "例句"
        },
        "usphone": "'rɛzɚ,vɔr",
        "syno": {
          "synos": [
            {
              "pos": "n",
              "tran": "[水利]水库；蓄水池",
              "hwds": [
                {
                  "w": "artificial lake"
                }
              ]
            }
          ],
          "desc": "同近"
        },
        "ukphone": "'rezəvwɑ: (r)",
        "ukspeech": "reservoir&type=1",
        "star": 0,
        "phrase": {
          "phrases": [
            {
              "pContent": "gas reservoir",
              "pCn": "气藏；气田；煤气存储器；天然气储层"
            },
            {
              "pContent": "oil reservoir",
              "pCn": "油箱；储油器"
            },
            {
              "pContent": "reservoir engineering",
              "pCn": "油藏工程"
            },
            {
              "pContent": "carbonate reservoir",
              "pCn": "碳酸盐岩储层；碳酸盐岩油储"
            },
            {
              "pContent": "reservoir rock",
              "pCn": "n. 储集岩；贮油岩；储油岩石"
            },
            {
              "pContent": "reservoir pressure",
              "pCn": "[地]储层压力（等于bottom-hole pressure）"
            },
            {
              "pContent": "water reservoir",
              "pCn": "贮水池；蓄水池"
            },
            {
              "pContent": "reservoir fluid",
              "pCn": "[地质]储层流体"
            },
            {
              "pContent": "reservoir conditions",
              "pCn": "储层条件"
            },
            {
              "pContent": "conglomerate reservoir",
              "pCn": "砾岩储集层"
            },
            {
              "pContent": "petroleum reservoir",
              "pCn": "油贮；石油储集层；贮油柜"
            },
            {
              "pContent": "clastic reservoir",
              "pCn": "碎屑岩储集层；碎屑油储"
            },
            {
              "pContent": "heat reservoir",
              "pCn": "热源；热库；储热器"
            },
            {
              "pContent": "storage reservoir",
              "pCn": "蓄水库，贮水池"
            },
            {
              "pContent": "regulating reservoir",
              "pCn": "[土木工程]调节水库；调整池"
            },
            {
              "pContent": "reservoir engineer",
              "pCn": "油藏工程师"
            },
            {
              "pContent": "reservoir volume",
              "pCn": "储集层体积；贮气容积"
            },
            {
              "pContent": "pressure reservoir",
              "pCn": "蓄压器"
            }
          ],
          "desc": "短语"
        },
        "phone": "'rezəvwɑ:",
        "speech": "reservoir",
        "usspeech": "reservoir&type=2",
        "trans": [
          {
            "tranCn": "水库；蓄水池",
            "descOther": "英释",
            "descCn": "中释",
            "pos": "n",
            "tranOther": "a lake, especially an artificial one, where water is stored before it is supplied to people’s houses"
          }
        ]
      }
    }
  },
  "bookId": "IELTSluan_2"
}