{
  "wordRank": 1348,
  "headWord": "jeopardize",
  "content": {
    "word": {
      "wordHead": "jeopardize",
      "wordId": "IELTSluan_2_1348",
      "content": {
        "sentence": {
          "sentences": [
            {
              "sContent": "He has jeopardized his future career.",
              "sCn": "他损害了他的前程。"
            }
          ],
          "desc": "例句"
        },
        "usphone": "'dʒɛpɚdaɪz",
        "syno": {
          "synos": [
            {
              "pos": "vt",
              "tran": "危害；使陷危地；使受危困",
              "hwds": [
                {
                  "w": "harm"
                },
                {
                  "w": "compromise"
                }
              ]
            }
          ],
          "desc": "同近"
        },
        "ukphone": "'dʒepədaɪz",
        "ukspeech": "jeopardize&type=1",
        "star": 0,
        "speech": "jeopardize",
        "relWord": {
          "rels": [
            {
              "pos": "vt",
              "words": [
                {
                  "hwd": "jeopardise",
                  "tran": " 危及（等于jeopardize）；使…受危险"
                }
              ]
            }
          ],
          "desc": "同根"
        },
        "usspeech": "jeopardize&type=2",
        "trans": [
          {
            "tranCn": "使受危害，使陷险境",
            "descOther": "英释",
            "descCn": "中释",
            "pos": "v",
            "tranOther": "To jeopardize a situation or activity means to do something that may destroy it or cause it to fail"
          }
        ]
      }
    }
  },
  "bookId": "IELTSluan_2"
}