{
  "wordRank": 1349,
  "headWord": "sterilize",
  "content": {
    "word": {
      "wordHead": "sterilize",
      "wordId": "IELTSluan_2_1349",
      "content": {
        "sentence": {
          "sentences": [
            {
              "sContent": "Sterilize the bottles with boiling water.",
              "sCn": "用沸水把这些瓶子消毒。"
            },
            {
              "sContent": "sterilized milk",
              "sCn": "消过毒的牛奶"
            },
            {
              "sContent": "sterilizing solution",
              "sCn": "消毒溶液"
            }
          ],
          "desc": "例句"
        },
        "usphone": "'stɛrəlaɪz",
        "syno": {
          "synos": [
            {
              "pos": "vt",
              "tran": "消毒，杀菌；使成不毛；使绝育；使不起作用",
              "hwds": [
                {
                  "w": "listerize"
                },
                {
                  "w": "antisepticize"
                }
              ]
            }
          ],
          "desc": "同近"
        },
        "ukphone": "'sterəlaiz",
        "ukspeech": "sterilize&type=1",
        "star": 0,
        "phone": "'sterəlaiz",
        "speech": "sterilize",
        "relWord": {
          "rels": [
            {
              "pos": "adj",
              "words": [
                {
                  "hwd": "sterile",
                  "tran": " 不育的；无菌的；贫瘠的；不毛的；枯燥乏味的"
                },
                {
                  "hwd": "stereotyped",
                  "tran": " 用铅版印刷的；老一套的"
                },
                {
                  "hwd": "sterilized",
                  "tran": " 无菌的；已消过毒的"
                }
              ]
            },
            {
              "pos": "n",
              "words": [
                {
                  "hwd": "stereotype",
                  "tran": " 陈腔滥调，老套；铅版"
                },
                {
                  "hwd": "sterilization",
                  "tran": " 消毒，[医][食品] 杀菌；使不孕；无用状态"
                },
                {
                  "hwd": "sterility",
                  "tran": " [泌尿] 不育；[妇产] 不孕；无菌；不毛；内容贫乏"
                },
                {
                  "hwd": "sterilizer",
                  "tran": " 消毒器；消毒者；[医] 杀菌器"
                },
                {
                  "hwd": "steriliser",
                  "tran": " 灭菌器；消毒器"
                }
              ]
            },
            {
              "pos": "v",
              "words": [
                {
                  "hwd": "stereotyped",
                  "tran": " 把…浇铸成铅版；使成为陈规（stereotype的过去分词）"
                },
                {
                  "hwd": "sterilized",
                  "tran": " 杀菌；消除；冻结（sterilize的过去分词）"
                }
              ]
            },
            {
              "pos": "vt",
              "words": [
                {
                  "hwd": "stereotype",
                  "tran": " 使用铅版；套用老套，使一成不变"
                }
              ]
            }
          ],
          "desc": "同根"
        },
        "usspeech": "sterilize&type=2",
        "trans": [
          {
            "tranCn": "使不结果实；使绝育；使无效；杀菌",
            "descOther": "英释",
            "descCn": "中释",
            "pos": "v",
            "tranOther": "to make something completely clean by killing any  bacteria  in it"
          }
        ]
      }
    }
  },
  "bookId": "IELTSluan_2"
}