{
  "wordRank": 135,
  "headWord": "elite",
  "content": {
    "word": {
      "wordHead": "elite",
      "wordId": "IELTSluan_2_135",
      "content": {
        "sentence": {
          "sentences": [
            {
              "sContent": "...a government comprised mainly of the elite.",
              "sCn": "…主要由精英组成的政府。"
            }
          ],
          "desc": "例句"
        },
        "usphone": "ɪˈliːt",
        "ukspeech": "elite&type=1",
        "star": 0,
        "usspeech": "elite&type=2",
        "syno": {
          "synos": [
            {
              "pos": "n",
              "tran": "精英；精华；中坚分子",
              "hwds": [
                {
                  "w": "essence"
                },
                {
                  "w": "flower"
                },
                {
                  "w": "regular"
                },
                {
                  "w": "prime"
                },
                {
                  "w": "distillation"
                }
              ]
            }
          ],
          "desc": "同近"
        },
        "ukphone": "[eɪˈliːt]",
        "phrase": {
          "phrases": [
            {
              "pContent": "elite education",
              "pCn": "精英教育，英才教育"
            }
          ],
          "desc": "短语"
        },
        "phone": "ei'li:t, i'li:t",
        "speech": "elite",
        "remMethod": {
          "val": " e + lite(看作词根 lig， 选择) → 选出来的都是精英 → 精英",
          "desc": "记忆"
        },
        "relWord": {
          "rels": [
            {
              "pos": "n",
              "words": [
                {
                  "hwd": "elitism",
                  "tran": " 精英主义；杰出人物统治论"
                }
              ]
            }
          ],
          "desc": "同根"
        },
        "trans": [
          {
            "tranCn": "社会精华(的)，高贵者(的)",
            "descOther": "英释",
            "descCn": "中释",
            "pos": "n&a",
            "tranOther": "You can refer to the most powerful, rich, or talented people within a particular group, place, or society as the elite"
          }
        ]
      }
    }
  },
  "bookId": "IELTSluan_2"
}