{
  "wordRank": 1350,
  "headWord": "deadlock",
  "content": {
    "word": {
      "wordHead": "deadlock",
      "wordId": "IELTSluan_2_1350",
      "content": {
        "sentence": {
          "sentences": [
            {
              "sContent": "The talks have reached a complete deadlock .",
              "sCn": "会谈完全陷入僵局。"
            },
            {
              "sContent": "a last-ditch effort to break the deadlock",
              "sCn": "打破僵局的最后努力"
            },
            {
              "sContent": "Negotiations ended in deadlock.",
              "sCn": "谈判最后陷入了僵局。"
            }
          ],
          "desc": "例句"
        },
        "usphone": "'dɛdlɑk",
        "syno": {
          "synos": [
            {
              "pos": "n",
              "tran": "僵局，停顿",
              "hwds": [
                {
                  "w": "impasse"
                },
                {
                  "w": "logjam"
                }
              ]
            },
            {
              "pos": "vi",
              "tran": "[计]死锁；停顿",
              "hwds": [
                {
                  "w": "bog down"
                }
              ]
            },
            {
              "pos": "vt",
              "tran": "停顿；相持不下",
              "hwds": [
                {
                  "w": "bog down"
                }
              ]
            }
          ],
          "desc": "同近"
        },
        "ukphone": "'dedlɒk",
        "ukspeech": "deadlock&type=1",
        "star": 0,
        "phrase": {
          "phrases": [
            {
              "pContent": "break the deadlock",
              "pCn": "打破僵局"
            }
          ],
          "desc": "短语"
        },
        "phone": "'dedlɔk",
        "speech": "deadlock",
        "usspeech": "deadlock&type=2",
        "trans": [
          {
            "tranCn": "僵局，僵局",
            "descOther": "英释",
            "descCn": "中释",
            "pos": "n",
            "tranOther": "a situation in which a disagreement cannot be settled"
          }
        ]
      }
    }
  },
  "bookId": "IELTSluan_2"
}