{
  "wordRank": 1351,
  "headWord": "chant",
  "content": {
    "word": {
      "wordHead": "chant",
      "wordId": "IELTSluan_2_1351",
      "content": {
        "sentence": {
          "sentences": [
            {
              "sContent": "...a Gregorian chant.",
              "sCn": "…一首格列高利圣歌。"
            }
          ],
          "desc": "例句"
        },
        "usphone": "tʃænt",
        "syno": {
          "synos": [
            {
              "pos": "n",
              "tran": "圣歌；赞美诗",
              "hwds": [
                {
                  "w": "spiritual"
                },
                {
                  "w": "motet"
                }
              ]
            },
            {
              "pos": "vt",
              "tran": "唱；诵扬",
              "hwds": [
                {
                  "w": "sing"
                }
              ]
            },
            {
              "pos": "vi",
              "tran": "唱歌；反覆地唱歌",
              "hwds": [
                {
                  "w": "sing"
                },
                {
                  "w": "descant"
                }
              ]
            }
          ],
          "desc": "同近"
        },
        "ukphone": "tʃɑːnt",
        "ukspeech": "chant&type=1",
        "star": 0,
        "phrase": {
          "phrases": [
            {
              "pContent": "gregorian chant",
              "pCn": "格列高利圣咏（教皇格列高利一世采用，常无伴奏）"
            }
          ],
          "desc": "短语"
        },
        "speech": "chant",
        "relWord": {
          "rels": [
            {
              "pos": "n",
              "words": [
                {
                  "hwd": "chanter",
                  "tran": " 吟唱者；唱弥撒的神父；风笛的笛管；骗卖者"
                }
              ]
            }
          ],
          "desc": "同根"
        },
        "usspeech": "chant&type=2",
        "trans": [
          {
            "tranCn": "圣歌，赞美诗",
            "descOther": "英释",
            "descCn": "中释",
            "pos": "n",
            "tranOther": "a regularly repeated tune, often with many words sung on one note, especially used for religious prayers"
          },
          {
            "tranCn": "唱，歌颂",
            "descOther": "英释",
            "descCn": "中释",
            "pos": "v",
            "tranOther": "to repeat a word or phrase again and again"
          }
        ]
      }
    }
  },
  "bookId": "IELTSluan_2"
}