{
  "wordRank": 1352,
  "headWord": "rupture",
  "content": {
    "word": {
      "wordHead": "rupture",
      "wordId": "IELTSluan_2_1352",
      "content": {
        "sentence": {
          "sentences": [
            {
              "sContent": "The pipe will rupture at its weakest point.",
              "sCn": "管道最薄弱的地方会破裂的。"
            }
          ],
          "desc": "例句"
        },
        "usphone": "'rʌptʃɚ",
        "syno": {
          "synos": [
            {
              "pos": "n",
              "tran": "破裂；决裂；疝气",
              "hwds": [
                {
                  "w": "fracture"
                },
                {
                  "w": "cracking"
                }
              ]
            },
            {
              "pos": "vi",
              "tran": "破裂；发疝气",
              "hwds": [
                {
                  "w": "fracture"
                },
                {
                  "w": "crack"
                }
              ]
            },
            {
              "pos": "vt",
              "tran": "使破裂；断绝；发生疝",
              "hwds": [
                {
                  "w": "crack"
                },
                {
                  "w": "fracture"
                },
                {
                  "w": "stop"
                }
              ]
            }
          ],
          "desc": "同近"
        },
        "ukphone": "'rʌptʃə",
        "ukspeech": "rupture&type=1",
        "star": 0,
        "phrase": {
          "phrases": [
            {
              "pContent": "rupture strength",
              "pCn": "抗裂强度；断裂强度"
            },
            {
              "pContent": "creep rupture",
              "pCn": "蠕变断裂"
            },
            {
              "pContent": "rupture of membranes",
              "pCn": "胎膜破裂；羊水破裂"
            },
            {
              "pContent": "tendon rupture",
              "pCn": "肌腱破裂"
            },
            {
              "pContent": "fatigue rupture",
              "pCn": "疲劳破坏"
            },
            {
              "pContent": "modulus of rupture",
              "pCn": "断裂模量；破裂模数；弯曲极限强度；抗裂系数"
            },
            {
              "pContent": "stress rupture",
              "pCn": "应力破坏，应力破断"
            },
            {
              "pContent": "premature rupture of membrane",
              "pCn": "胎膜早破"
            },
            {
              "pContent": "rupture disk",
              "pCn": "爆破片；防爆膜"
            }
          ],
          "desc": "短语"
        },
        "phone": "'rʌptʃə",
        "speech": "rupture",
        "relWord": {
          "rels": [
            {
              "pos": "adj",
              "words": [
                {
                  "hwd": "ruptured",
                  "tran": " 破裂的"
                }
              ]
            },
            {
              "pos": "v",
              "words": [
                {
                  "hwd": "ruptured",
                  "tran": " rupture（rupture的过去分词）"
                }
              ]
            }
          ],
          "desc": "同根"
        },
        "usspeech": "rupture&type=2",
        "trans": [
          {
            "tranCn": "破裂",
            "descOther": "英释",
            "descCn": "中释",
            "pos": "n&v",
            "tranOther": "an occasion when something suddenly breaks apart or bursts"
          }
        ]
      }
    }
  },
  "bookId": "IELTSluan_2"
}