{
  "wordRank": 1353,
  "headWord": "ritual",
  "content": {
    "word": {
      "wordHead": "ritual",
      "wordId": "IELTSluan_2_1353",
      "content": {
        "sentence": {
          "sentences": [
            {
              "sContent": "ancient pagan rituals",
              "sCn": "古老的异教仪式"
            },
            {
              "sContent": "the importance of religion and ritual in our lives",
              "sCn": "我们生活中宗教和宗教仪式的重要性"
            },
            {
              "sContent": "The lady of the house performs the sacred ritual of lighting two candles.",
              "sCn": "由女主人来完成点燃两根蜡烛的神圣仪式。"
            }
          ],
          "desc": "例句"
        },
        "usphone": "'rɪtʃuəl",
        "ukspeech": "ritual&type=1",
        "star": 0,
        "usspeech": "ritual&type=2",
        "syno": {
          "synos": [
            {
              "pos": "n",
              "tran": "仪式；惯例；礼制",
              "hwds": [
                {
                  "w": "tradition"
                },
                {
                  "w": "ceremony"
                },
                {
                  "w": "convention"
                },
                {
                  "w": "usage"
                },
                {
                  "w": "service"
                }
              ]
            },
            {
              "pos": "adj",
              "tran": "仪式的；例行的；礼节性的",
              "hwds": [
                {
                  "w": "routine"
                },
                {
                  "w": "ceremonial"
                }
              ]
            }
          ],
          "desc": "同近"
        },
        "ukphone": "'rɪtʃʊəl",
        "phrase": {
          "phrases": [
            {
              "pContent": "ritual dance",
              "pCn": "仪式之舞；祭祀之舞"
            }
          ],
          "desc": "短语"
        },
        "phone": "'ritjuəl, -tʃu-",
        "speech": "ritual",
        "remMethod": {
          "val": " rit(e)(典礼， 仪式) + ual → 典礼， 仪式",
          "desc": "记忆"
        },
        "relWord": {
          "rels": [
            {
              "pos": "adj",
              "words": [
                {
                  "hwd": "ritualistic",
                  "tran": " 仪式的；固守仪式的；惯例的"
                }
              ]
            },
            {
              "pos": "adv",
              "words": [
                {
                  "hwd": "ritually",
                  "tran": " 仪式上地；依据仪式上地"
                }
              ]
            },
            {
              "pos": "n",
              "words": [
                {
                  "hwd": "rite",
                  "tran": " 仪式；惯例，习俗；典礼"
                },
                {
                  "hwd": "ritualism",
                  "tran": " 仪式主义"
                },
                {
                  "hwd": "ritualist",
                  "tran": " 研习仪式者；精通仪礼的人"
                }
              ]
            },
            {
              "pos": "vi",
              "words": [
                {
                  "hwd": "ritualise",
                  "tran": " 仪式化；成惯例（等于ritualize）"
                }
              ]
            },
            {
              "pos": "vt",
              "words": [
                {
                  "hwd": "ritualise",
                  "tran": " 使仪式化；使成惯例"
                },
                {
                  "hwd": "ritualize",
                  "tran": " 使仪式化；奉行仪式主义"
                }
              ]
            }
          ],
          "desc": "同根"
        },
        "trans": [
          {
            "tranCn": "宗教仪式，典礼；仪式的程序",
            "descOther": "英释",
            "descCn": "中释",
            "pos": "n",
            "tranOther": "a ceremony that is always performed in the same way, in order to mark an important religious or social occasion"
          },
          {
            "tranCn": "仪式的",
            "descOther": "英释",
            "descCn": "中释",
            "pos": "adj",
            "tranOther": "done as part of a rite or ritual"
          }
        ]
      }
    }
  },
  "bookId": "IELTSluan_2"
}