{
  "wordRank": 1354,
  "headWord": "gaol",
  "content": {
    "word": {
      "wordHead": "gaol",
      "wordId": "IELTSluan_2_1354",
      "content": {
        "usphone": "dʒeɪl",
        "syno": {
          "synos": [
            {
              "pos": "vt",
              "tran": "监禁",
              "hwds": [
                {
                  "w": "prison"
                },
                {
                  "w": "imprison"
                }
              ]
            },
            {
              "pos": "n",
              "tran": "监狱",
              "hwds": [
                {
                  "w": "prison"
                },
                {
                  "w": "jail"
                },
                {
                  "w": "big house"
                },
                {
                  "w": "slammer"
                },
                {
                  "w": "correctional facility"
                }
              ]
            }
          ],
          "desc": "同近"
        },
        "ukphone": "dʒeɪl",
        "ukspeech": "gaol&type=1",
        "star": 0,
        "phone": "dʒeil",
        "speech": "gaol",
        "relWord": {
          "rels": [
            {
              "pos": "n",
              "words": [
                {
                  "hwd": "gaoler",
                  "tran": " 监狱看守；监狱长"
                }
              ]
            }
          ],
          "desc": "同根"
        },
        "usspeech": "gaol&type=2",
        "trans": [
          {
            "tranCn": "监狱，监禁",
            "descCn": "中释",
            "pos": "n&vt"
          }
        ]
      }
    }
  },
  "bookId": "IELTSluan_2"
}