{
  "wordRank": 1355,
  "headWord": "leaflet",
  "content": {
    "word": {
      "wordHead": "leaflet",
      "wordId": "IELTSluan_2_1355",
      "content": {
        "sentence": {
          "sentences": [
            {
              "sContent": "Campaigners handed out leaflets on passive smoking.",
              "sCn": "发起人分发了关于被动吸烟的传单。"
            }
          ],
          "desc": "例句"
        },
        "usphone": "'liflət",
        "syno": {
          "synos": [
            {
              "pos": "n",
              "tran": "[植]小叶；传单",
              "hwds": [
                {
                  "w": "circular"
                },
                {
                  "w": "lobule"
                }
              ]
            }
          ],
          "desc": "同近"
        },
        "ukphone": "ˈliːflət",
        "ukspeech": "leaflet&type=1",
        "star": 0,
        "phone": "'li:flit",
        "speech": "leaflet",
        "remMethod": {
          "val": " leaf(树叶) + let(表小东西) → 大街上的传单如落叶般铺天盖地 → 传单",
          "desc": "记忆"
        },
        "usspeech": "leaflet&type=2",
        "trans": [
          {
            "tranCn": "散页的印刷品，传单",
            "descOther": "英释",
            "descCn": "中释",
            "pos": "n",
            "tranOther": "a small book or piece of paper advertising something or giving information on a particular subject"
          }
        ]
      }
    }
  },
  "bookId": "IELTSluan_2"
}