{
  "wordRank": 1356,
  "headWord": "subsequent",
  "content": {
    "word": {
      "wordHead": "subsequent",
      "wordId": "IELTSluan_2_1356",
      "content": {
        "sentence": {
          "sentences": [
            {
              "sContent": "These skills were passed on to subsequent generations.",
              "sCn": "这些技能代代相传。"
            },
            {
              "sContent": "subsequent pages of the book",
              "sCn": "接下去的书页"
            }
          ],
          "desc": "例句"
        },
        "usphone": "'sʌbsɪkwənt",
        "ukspeech": "subsequent&type=1",
        "star": 0,
        "usspeech": "subsequent&type=2",
        "syno": {
          "synos": [
            {
              "pos": "adj",
              "tran": "[地质]后来的，随后的",
              "hwds": [
                {
                  "w": "succeeding"
                },
                {
                  "w": "pursuant"
                }
              ]
            }
          ],
          "desc": "同近"
        },
        "ukphone": "'sʌbsɪkw(ə)nt",
        "phrase": {
          "phrases": [
            {
              "pContent": "subsequent events",
              "pCn": "财务报表编制后发生的事项"
            },
            {
              "pContent": "subsequent handling",
              "pCn": "后续工序"
            }
          ],
          "desc": "短语"
        },
        "phone": "'sʌbsikwənt",
        "speech": "subsequent",
        "remMethod": {
          "val": " sub(在…下面) + sequ(跟随) + ent → 继…之后的， 随后的",
          "desc": "记忆"
        },
        "relWord": {
          "rels": [
            {
              "pos": "adv",
              "words": [
                {
                  "hwd": "subsequently",
                  "tran": " 随后，其后；后来"
                }
              ]
            }
          ],
          "desc": "同根"
        },
        "trans": [
          {
            "tranCn": "接着的，然后的",
            "descOther": "英释",
            "descCn": "中释",
            "pos": "adj",
            "tranOther": "happening or coming after something else"
          }
        ]
      }
    }
  },
  "bookId": "IELTSluan_2"
}