{
  "wordRank": 1357,
  "headWord": "aviation",
  "content": {
    "word": {
      "wordHead": "aviation",
      "wordId": "IELTSluan_2_1357",
      "content": {
        "sentence": {
          "sentences": [
            {
              "sContent": "...the aviation industry.",
              "sCn": "…航空工业。"
            }
          ],
          "desc": "例句"
        },
        "usphone": ",evɪ'eʃən",
        "ukspeech": "aviation&type=1",
        "star": 0,
        "usspeech": "aviation&type=2",
        "syno": {
          "synos": [
            {
              "pos": "n",
              "tran": "[航]航空；飞行术；飞机制造业",
              "hwds": [
                {
                  "w": "avigation"
                },
                {
                  "w": "airmanship"
                }
              ]
            }
          ],
          "desc": "同近"
        },
        "ukphone": "eɪvɪ'eɪʃ(ə)n",
        "phrase": {
          "phrases": [
            {
              "pContent": "civil aviation",
              "pCn": "民用航空"
            },
            {
              "pContent": "aviation industry",
              "pCn": "航空工业；飞机制造业"
            },
            {
              "pContent": "aviation safety",
              "pCn": "航空安全，飞行安全"
            },
            {
              "pContent": "aviation authority",
              "pCn": "民航当局"
            },
            {
              "pContent": "general aviation",
              "pCn": "通用航空；专用航空；普通航空业"
            },
            {
              "pContent": "aviation kerosene",
              "pCn": "喷气机用煤油，航空煤油"
            },
            {
              "pContent": "aviation fuel",
              "pCn": "航空燃料"
            },
            {
              "pContent": "commercial aviation",
              "pCn": "商用航空事业"
            },
            {
              "pContent": "federal aviation administration",
              "pCn": "[运输工程]联邦航空管理局"
            },
            {
              "pContent": "international civil aviation organization",
              "pCn": "国际民航组织"
            },
            {
              "pContent": "aviation accident",
              "pCn": "航空事故；飞机失事；飞行事故"
            },
            {
              "pContent": "aviation insurance",
              "pCn": "航空保险"
            },
            {
              "pContent": "aviation medicine",
              "pCn": "n. 航空医学；空间医学"
            }
          ],
          "desc": "短语"
        },
        "phone": ",eivi'eiʃən",
        "speech": "aviation",
        "remMethod": {
          "val": " avi(鸟) + at + ion(名词后缀) → 像鸟一样飞 → 航空， 飞行",
          "desc": "记忆"
        },
        "relWord": {
          "rels": [
            {
              "pos": "n",
              "words": [
                {
                  "hwd": "aviator",
                  "tran": " 飞行员"
                },
                {
                  "hwd": "aviatress",
                  "tran": " 女飞行家"
                },
                {
                  "hwd": "aviatrix",
                  "tran": " 女飞行员；女驾驶员"
                }
              ]
            },
            {
              "pos": "vi",
              "words": [
                {
                  "hwd": "aviate",
                  "tran": " 飞行；驾驶飞机"
                }
              ]
            },
            {
              "pos": "vt",
              "words": [
                {
                  "hwd": "aviate",
                  "tran": " 用飞机飞行"
                }
              ]
            }
          ],
          "desc": "同根"
        },
        "trans": [
          {
            "tranCn": "航空(学)",
            "descOther": "英释",
            "descCn": "中释",
            "pos": "n",
            "tranOther": "the science or practice of flying in aircraft"
          }
        ]
      }
    }
  },
  "bookId": "IELTSluan_2"
}