{
  "wordRank": 1358,
  "headWord": "fraud",
  "content": {
    "word": {
      "wordHead": "fraud",
      "wordId": "IELTSluan_2_1358",
      "content": {
        "sentence": {
          "sentences": [
            {
              "sContent": "{\"COLLOINEXA\":[\"electoral fraud\"]}",
              "sCn": "选举欺诈"
            },
            {
              "sContent": "She was found guilty of fraud.",
              "sCn": "她被判犯有诈骗罪。"
            }
          ],
          "desc": "例句"
        },
        "usphone": "frɔd",
        "ukspeech": "fraud&type=1",
        "star": 0,
        "usspeech": "fraud&type=2",
        "syno": {
          "synos": [
            {
              "pos": "n",
              "tran": "欺骗；骗子；诡计",
              "hwds": [
                {
                  "w": "scheme"
                },
                {
                  "w": "sharp"
                },
                {
                  "w": "deception"
                }
              ]
            }
          ],
          "desc": "同近"
        },
        "ukphone": "frɔːd",
        "phrase": {
          "phrases": [
            {
              "pContent": "accounting fraud",
              "pCn": "假帐；做假账"
            },
            {
              "pContent": "click fraud",
              "pCn": "点击欺诈"
            },
            {
              "pContent": "credit fraud",
              "pCn": "信用欺诈"
            }
          ],
          "desc": "短语"
        },
        "phone": "frɔ:d",
        "speech": "fraud",
        "remMethod": {
          "val": " “富饶的” → 骗子愿意去富饶的地区骗人 → 骗子",
          "desc": "记忆"
        },
        "relWord": {
          "rels": [
            {
              "pos": "adj",
              "words": [
                {
                  "hwd": "fraudulent",
                  "tran": " 欺骗性的；不正的"
                }
              ]
            },
            {
              "pos": "n",
              "words": [
                {
                  "hwd": "fraudulence",
                  "tran": " 欺诈；欺骗性"
                }
              ]
            }
          ],
          "desc": "同根"
        },
        "trans": [
          {
            "tranCn": "诈骗，骗子",
            "descOther": "英释",
            "descCn": "中释",
            "pos": "n",
            "tranOther": "the crime of deceiving people in order to gain something such as money or goods"
          }
        ]
      }
    }
  },
  "bookId": "IELTSluan_2"
}