{
  "wordRank": 1359,
  "headWord": "initial",
  "content": {
    "word": {
      "wordHead": "initial",
      "wordId": "IELTSluan_2_1359",
      "content": {
        "sentence": {
          "sentences": [
            {
              "sContent": "an initial investment of £5,000",
              "sCn": "5,000英镑的初始投资"
            },
            {
              "sContent": "The initial response has been encouraging.",
              "sCn": "最初的反应情况很乐观。"
            }
          ],
          "desc": "例句"
        },
        "usphone": "ɪ'nɪʃəl",
        "ukspeech": "initial&type=1",
        "star": 0,
        "usspeech": "initial&type=2",
        "syno": {
          "synos": [
            {
              "pos": "adj",
              "tran": "[数]最初的；字首的",
              "hwds": [
                {
                  "w": "premier"
                },
                {
                  "w": "original"
                }
              ]
            }
          ],
          "desc": "同近"
        },
        "ukphone": "ɪ'nɪʃəl",
        "phrase": {
          "phrases": [
            {
              "pContent": "initial stage",
              "pCn": "原始期"
            },
            {
              "pContent": "initial value",
              "pCn": "初始值；原始价值；基础资料"
            },
            {
              "pContent": "initial period",
              "pCn": "初始期"
            },
            {
              "pContent": "initial state",
              "pCn": "初态；起始状态，开始状态"
            },
            {
              "pContent": "initial investment",
              "pCn": "最初投资，期初投资"
            },
            {
              "pContent": "initial condition",
              "pCn": "初始条件"
            },
            {
              "pContent": "initial stress",
              "pCn": "初始应力"
            },
            {
              "pContent": "initial design",
              "pCn": "原设计，初步设计；初始设计"
            },
            {
              "pContent": "initial phase",
              "pCn": "初始阶段；初始相位"
            },
            {
              "pContent": "initial data",
              "pCn": "n. 原始数据"
            },
            {
              "pContent": "initial temperature",
              "pCn": "初始温度"
            },
            {
              "pContent": "initial public offering",
              "pCn": "初始公开发行；首次公募"
            },
            {
              "pContent": "initial concentration",
              "pCn": "起始浓度；初浓度"
            },
            {
              "pContent": "initial position",
              "pCn": "初始位置"
            },
            {
              "pContent": "initial velocity",
              "pCn": "初速度"
            },
            {
              "pContent": "initial cost",
              "pCn": "最初成本，开办成本"
            },
            {
              "pContent": "initial population",
              "pCn": "起始粒子数反转；原始群体"
            },
            {
              "pContent": "initial time",
              "pCn": "初始时间；出发时间"
            },
            {
              "pContent": "initial model",
              "pCn": "原始模型，初始模型"
            },
            {
              "pContent": "initial point",
              "pCn": "初始点"
            }
          ],
          "desc": "短语"
        },
        "phone": "i'niʃəl",
        "speech": "initial",
        "remMethod": {
          "val": " in(向里) + it(走) + ial → 开始的",
          "desc": "记忆"
        },
        "relWord": {
          "rels": [
            {
              "pos": "adv",
              "words": [
                {
                  "hwd": "initially",
                  "tran": " 最初，首先；开头"
                }
              ]
            },
            {
              "pos": "n",
              "words": [
                {
                  "hwd": "initialization",
                  "tran": " [计] 初始化；赋初值"
                }
              ]
            },
            {
              "pos": "vt",
              "words": [
                {
                  "hwd": "initialize",
                  "tran": " 初始化"
                },
                {
                  "hwd": "initialise",
                  "tran": " （英）初始化；赋初值；预置（等于initialize）"
                }
              ]
            }
          ],
          "desc": "同根"
        },
        "trans": [
          {
            "tranCn": "最初的",
            "descOther": "英释",
            "descCn": "中释",
            "pos": "adj",
            "tranOther": "happening at the beginning"
          },
          {
            "tranCn": "人名的首字母",
            "descOther": "英释",
            "descCn": "中释",
            "pos": "n",
            "tranOther": "the first letter of someone’s first name"
          },
          {
            "tranCn": "签名首字母于",
            "descOther": "英释",
            "descCn": "中释",
            "pos": "v",
            "tranOther": "to write your initials on a document to make it official or to show that you agree with something"
          }
        ]
      }
    }
  },
  "bookId": "IELTSluan_2"
}