{
  "wordRank": 136,
  "headWord": "economic",
  "content": {
    "word": {
      "wordHead": "economic",
      "wordId": "IELTSluan_2_136",
      "content": {
        "sentence": {
          "sentences": [
            {
              "sContent": "Economic growth is slow.",
              "sCn": "经济增长缓慢。"
            },
            {
              "sContent": "the government’s economic policy",
              "sCn": "政府的经济政策"
            },
            {
              "sContent": "Economic reform is needed.",
              "sCn": "经济改革势在必行。"
            },
            {
              "sContent": "In the current economic climate (= conditions ), we must keep costs down.",
              "sCn": "在当前的经济形势下，我们一定要控制好成本。"
            }
          ],
          "desc": "例句"
        },
        "usphone": "ˌikəˈnɑmɪk, ˌɛkəˈ-nɑmɪk",
        "ukphone": ",iːkə'nɒmɪk; ek-",
        "ukspeech": "economic&type=1",
        "star": 0,
        "phrase": {
          "phrases": [
            {
              "pContent": "economic development",
              "pCn": "经济发展；经济开发"
            },
            {
              "pContent": "economic growth",
              "pCn": "[经]经济增长，经济成长"
            },
            {
              "pContent": "economic system",
              "pCn": "经济体制；经济体系，经济系统；经济制度"
            },
            {
              "pContent": "economic globalization",
              "pCn": "经济全球化，全球化"
            },
            {
              "pContent": "economic benefit",
              "pCn": "经济效益"
            },
            {
              "pContent": "economic integration",
              "pCn": "经济一体化"
            },
            {
              "pContent": "economic progress",
              "pCn": "经济发展；经济进步"
            },
            {
              "pContent": "economic structure",
              "pCn": "经济结构，经济体制"
            },
            {
              "pContent": "economic situation",
              "pCn": "经济形势，经济状况"
            },
            {
              "pContent": "economic crisis",
              "pCn": "经济危机"
            },
            {
              "pContent": "economic efficiency",
              "pCn": "经济效率"
            },
            {
              "pContent": "economic construction",
              "pCn": "经济建设"
            },
            {
              "pContent": "regional economic",
              "pCn": "地区经济；地域经济"
            },
            {
              "pContent": "economic policy",
              "pCn": "经济政策"
            },
            {
              "pContent": "economic cooperation",
              "pCn": "经济合作"
            },
            {
              "pContent": "economic zone",
              "pCn": "经济特区；经济圈；经济地带"
            },
            {
              "pContent": "economic activity",
              "pCn": "经济活动"
            },
            {
              "pContent": "economic recovery",
              "pCn": "经济复苏；经济采收率"
            },
            {
              "pContent": "economic environment",
              "pCn": "经济环境"
            },
            {
              "pContent": "economic value",
              "pCn": "经济价值；经济有效值"
            }
          ],
          "desc": "短语"
        },
        "phone": ",i:kə'nɔmik",
        "speech": "economic",
        "relWord": {
          "rels": [
            {
              "pos": "adj",
              "words": [
                {
                  "hwd": "economical",
                  "tran": " 经济的；节约的；合算的"
                },
                {
                  "hwd": "econometric",
                  "tran": " 计量经济学的"
                }
              ]
            },
            {
              "pos": "adv",
              "words": [
                {
                  "hwd": "economically",
                  "tran": " 经济地；在经济上；节俭地"
                }
              ]
            },
            {
              "pos": "n",
              "words": [
                {
                  "hwd": "economy",
                  "tran": " 经济；节约；理财"
                },
                {
                  "hwd": "economics",
                  "tran": " 经济学；国家的经济状况"
                },
                {
                  "hwd": "economist",
                  "tran": " 经济学者；节俭的人"
                },
                {
                  "hwd": "econometrics",
                  "tran": " 计量经济学"
                },
                {
                  "hwd": "economizer",
                  "tran": " 节约装置；节约者；经济家"
                },
                {
                  "hwd": "econometrician",
                  "tran": " 计量经济学家（等于econometrist）"
                }
              ]
            }
          ],
          "desc": "同根"
        },
        "usspeech": "economic&type=2",
        "trans": [
          {
            "tranCn": "经济的；经济学的，便宜的",
            "descOther": "英释",
            "descCn": "中释",
            "pos": "adj",
            "tranOther": "relating to trade, in-dustry, and the management of money"
          }
        ]
      }
    }
  },
  "bookId": "IELTSluan_2"
}