{
  "wordRank": 1360,
  "headWord": "erase",
  "content": {
    "word": {
      "wordHead": "erase",
      "wordId": "IELTSluan_2_1360",
      "content": {
        "sentence": {
          "sentences": [
            {
              "sContent": "Some of the names had been accidentally erased.",
              "sCn": "有几个名字无意中被擦掉了。"
            }
          ],
          "desc": "例句"
        },
        "usphone": "ɪ'res",
        "syno": {
          "synos": [
            {
              "pos": "vt",
              "tran": "抹去；擦除",
              "hwds": [
                {
                  "w": "efface"
                }
              ]
            }
          ],
          "desc": "同近"
        },
        "ukphone": "ɪ'reɪz",
        "ukspeech": "erase&type=1",
        "star": 0,
        "phone": "i'reiz, i'reis",
        "speech": "erase",
        "relWord": {
          "rels": [
            {
              "pos": "adj",
              "words": [
                {
                  "hwd": "erasable",
                  "tran": " 可消除的；可抹去的；可删除的"
                }
              ]
            },
            {
              "pos": "n",
              "words": [
                {
                  "hwd": "eraser",
                  "tran": " 擦除器；[计] 清除器"
                },
                {
                  "hwd": "erasure",
                  "tran": " 消除；涂擦的痕迹；消磁"
                }
              ]
            }
          ],
          "desc": "同根"
        },
        "usspeech": "erase&type=2",
        "trans": [
          {
            "tranCn": "擦掉，抹掉",
            "descOther": "英释",
            "descCn": "中释",
            "pos": "v",
            "tranOther": "to remove writing from paper"
          }
        ]
      }
    }
  },
  "bookId": "IELTSluan_2"
}