{
  "wordRank": 1361,
  "headWord": "readily",
  "content": {
    "word": {
      "wordHead": "readily",
      "wordId": "IELTSluan_2_1361",
      "content": {
        "sentence": {
          "sentences": [
            {
              "sContent": "Boats are readily available to visitors.",
              "sCn": "游客可以很方便地租到船只。"
            },
            {
              "sContent": "The information is readily accessible on the Internet.",
              "sCn": "这些信息在因特网上一查就能找到。"
            }
          ],
          "desc": "例句"
        },
        "usphone": "'rɛdɪli",
        "syno": {
          "synos": [
            {
              "pos": "adv",
              "tran": "容易地；乐意地；无困难地",
              "hwds": [
                {
                  "w": "easily"
                },
                {
                  "w": "lightly"
                }
              ]
            }
          ],
          "desc": "同近"
        },
        "ukphone": "'redɪlɪ",
        "ukspeech": "readily&type=1",
        "star": 0,
        "phrase": {
          "phrases": [
            {
              "pContent": "readily accessible",
              "pCn": "易接近的；易达到的；可存取的"
            }
          ],
          "desc": "短语"
        },
        "phone": "'redili",
        "speech": "readily",
        "relWord": {
          "rels": [
            {
              "pos": "adj",
              "words": [
                {
                  "hwd": "ready",
                  "tran": " 准备好；现成的；迅速的；情愿的；快要…的"
                }
              ]
            },
            {
              "pos": "adv",
              "words": [
                {
                  "hwd": "ready",
                  "tran": " 迅速地；预先"
                }
              ]
            },
            {
              "pos": "n",
              "words": [
                {
                  "hwd": "ready",
                  "tran": " 现款；预备好的状态"
                },
                {
                  "hwd": "readiness",
                  "tran": " 敏捷，迅速；准备就绪；愿意"
                }
              ]
            },
            {
              "pos": "vt",
              "words": [
                {
                  "hwd": "ready",
                  "tran": " 使准备好"
                }
              ]
            }
          ],
          "desc": "同根"
        },
        "usspeech": "readily&type=2",
        "trans": [
          {
            "tranCn": "迅速地；容易地",
            "descOther": "英释",
            "descCn": "中释",
            "pos": "adv",
            "tranOther": "quickly and easily"
          }
        ]
      }
    }
  },
  "bookId": "IELTSluan_2"
}