{
  "wordRank": 1362,
  "headWord": "limb",
  "content": {
    "word": {
      "wordHead": "limb",
      "wordId": "IELTSluan_2_1362",
      "content": {
        "sentence": {
          "sentences": [
            {
              "sContent": "She would be able to stretch out her cramped limbs and rest for a few hours.",
              "sCn": "她将可以伸开蜷缩的四肢，休息几个小时。"
            }
          ],
          "desc": "例句"
        },
        "usphone": "lɪm",
        "ukspeech": "limb&type=1",
        "star": 0,
        "usspeech": "limb&type=2",
        "syno": {
          "synos": [
            {
              "pos": "n",
              "tran": "肢，臂；分支；枝干",
              "hwds": [
                {
                  "w": "extremitas"
                },
                {
                  "w": "offshoot"
                }
              ]
            }
          ],
          "desc": "同近"
        },
        "ukphone": "lɪm",
        "phrase": {
          "phrases": [
            {
              "pContent": "lower limb",
              "pCn": "[医]下肢；腿"
            },
            {
              "pContent": "out on a limb",
              "pCn": "孤立无援；处于危险的境地"
            },
            {
              "pContent": "upper limb",
              "pCn": "上肢；上翼；上边缘"
            },
            {
              "pContent": "artificial limb",
              "pCn": "n. 假肢"
            },
            {
              "pContent": "life and limb",
              "pCn": "生命(危险) [常用于 risk 之后]"
            },
            {
              "pContent": "hind limb",
              "pCn": "后肢"
            },
            {
              "pContent": "phantom limb",
              "pCn": "[医]幻肢"
            }
          ],
          "desc": "短语"
        },
        "phone": "lim",
        "speech": "limb",
        "remMethod": {
          "val": " 多喝点维C饮科， 手臂(limb)有力就能爬(climb)上高山了",
          "desc": "记忆"
        },
        "relWord": {
          "rels": [
            {
              "pos": "adj",
              "words": [
                {
                  "hwd": "limbed",
                  "tran": " （用于复合词中）有…枝（或肢、翼）的"
                },
                {
                  "hwd": "limbless",
                  "tran": " 无肢的；无枝叉的；无翼的"
                }
              ]
            },
            {
              "pos": "v",
              "words": [
                {
                  "hwd": "limbed",
                  "tran": " 肢解；砍去（limb的过去分词）"
                }
              ]
            }
          ],
          "desc": "同根"
        },
        "trans": [
          {
            "tranCn": "肢；翼；翅膀；大树枝",
            "descOther": "英释",
            "descCn": "中释",
            "pos": "n",
            "tranOther": "an arm or leg"
          }
        ]
      }
    }
  },
  "bookId": "IELTSluan_2"
}