{
  "wordRank": 1363,
  "headWord": "mint",
  "content": {
    "word": {
      "wordHead": "mint",
      "wordId": "IELTSluan_2_1363",
      "content": {
        "sentence": {
          "sentences": [
            {
              "sContent": "new potatoes sprinkled with chopped mint",
              "sCn": "撒上薄荷屑的嫩马铃薯"
            },
            {
              "sContent": "roast lamb with mint sauce",
              "sCn": "配薄荷调味汁的烤羔羊肉"
            },
            {
              "sContent": "Decorate with a sprig of mint .",
              "sCn": "用小薄荷枝装饰。"
            }
          ],
          "desc": "例句"
        },
        "usphone": "mɪnt",
        "syno": {
          "synos": [
            {
              "pos": "n",
              "tran": "[植]薄荷；[金融]造币厂，巨款",
              "hwds": [
                {
                  "w": "menta"
                },
                {
                  "w": "peppermint"
                }
              ]
            },
            {
              "pos": "vt",
              "tran": "铸造，铸币",
              "hwds": [
                {
                  "w": "coin"
                }
              ]
            }
          ],
          "desc": "同近"
        },
        "ukphone": "mɪnt",
        "ukspeech": "mint&type=1",
        "star": 0,
        "phrase": {
          "phrases": [
            {
              "pContent": "mint condition",
              "pCn": "崭新的"
            },
            {
              "pContent": "mint julep",
              "pCn": "（美）薄荷朱利酒"
            },
            {
              "pContent": "in mint condition",
              "pCn": "adj. 崭新的；完全的"
            },
            {
              "pContent": "mint tea",
              "pCn": "薄荷茶；薄荷锡兰茶"
            }
          ],
          "desc": "短语"
        },
        "speech": "mint",
        "relWord": {
          "rels": [
            {
              "pos": "n",
              "words": [
                {
                  "hwd": "mintage",
                  "tran": " 铸币材料；造币；刻印"
                },
                {
                  "hwd": "minter",
                  "tran": " 铸币工人"
                }
              ]
            }
          ],
          "desc": "同根"
        },
        "usspeech": "mint&type=2",
        "trans": [
          {
            "tranCn": "薄荷；造币厂",
            "descOther": "英释",
            "descCn": "中释",
            "pos": "n",
            "tranOther": "a small plant with green leaves that have a fresh smell and taste and are used in cooking"
          }
        ]
      }
    }
  },
  "bookId": "IELTSluan_2"
}