{
  "wordRank": 1364,
  "headWord": "pitch",
  "content": {
    "word": {
      "wordHead": "pitch",
      "wordId": "IELTSluan_2_1364",
      "content": {
        "sentence": {
          "sentences": [
            {
              "sContent": "He ran the length of the pitch and scored.",
              "sCn": "他跑过全场，得分了。"
            }
          ],
          "desc": "例句"
        },
        "usphone": "pɪtʃ",
        "syno": {
          "synos": [
            {
              "pos": "vi",
              "tran": "倾斜；投掷；搭帐篷；坠落",
              "hwds": [
                {
                  "w": "slope"
                },
                {
                  "w": "throw"
                },
                {
                  "w": "lean"
                }
              ]
            },
            {
              "pos": "vt",
              "tran": "投；掷；定位于；用沥青涂；扎营；向前倾跌",
              "hwds": [
                {
                  "w": "throw"
                },
                {
                  "w": "cast"
                },
                {
                  "w": "camp"
                }
              ]
            },
            {
              "pos": "n",
              "tran": "沥青；音高；程度；[松脂]树脂；倾斜；投掷",
              "hwds": [
                {
                  "w": "extent"
                },
                {
                  "w": "degree"
                },
                {
                  "w": "resin"
                },
                {
                  "w": "putting"
                },
                {
                  "w": "measure"
                }
              ]
            }
          ],
          "desc": "同近"
        },
        "ukphone": "pɪtʃ",
        "ukspeech": "pitch&type=1",
        "star": 0,
        "phrase": {
          "phrases": [
            {
              "pContent": "pitch in",
              "pCn": "投入；作出贡献"
            },
            {
              "pContent": "tar pitch",
              "pCn": "焦油沥青"
            },
            {
              "pContent": "coal tar pitch",
              "pCn": "沥青；煤焦油沥青；硬煤沥青"
            },
            {
              "pContent": "pitch on",
              "pCn": "选中；决定"
            },
            {
              "pContent": "pitch angle",
              "pCn": "节面角（锥齿轮的）；螺旋角"
            },
            {
              "pContent": "variable pitch",
              "pCn": "可变螺距；可变节距；变斜度"
            },
            {
              "pContent": "pitch diameter",
              "pCn": "节圆直径"
            },
            {
              "pContent": "pitch control",
              "pCn": "树脂障碍控制；行距控制；节距控制；音调控制"
            },
            {
              "pContent": "screw pitch",
              "pCn": "螺纹距，螺距"
            },
            {
              "pContent": "pitch point",
              "pCn": "节点；齿轮啮合节点"
            },
            {
              "pContent": "sales pitch",
              "pCn": "推销商品的言辞"
            },
            {
              "pContent": "petroleum pitch",
              "pCn": "石油沥青"
            },
            {
              "pContent": "football pitch",
              "pCn": "足球场"
            },
            {
              "pContent": "pitch period",
              "pCn": "齿节周期；音高周期"
            },
            {
              "pContent": "at fever pitch",
              "pCn": "处于狂热状态；处于非常激动(或兴奋)状态"
            },
            {
              "pContent": "pitch circle",
              "pCn": "齿节圆，节距圆"
            },
            {
              "pContent": "pitch curve",
              "pCn": "啮合曲线；分度曲线"
            },
            {
              "pContent": "fixed pitch",
              "pCn": "固定字宽"
            },
            {
              "pContent": "fever pitch",
              "pCn": "n. 狂热；极度兴奋"
            },
            {
              "pContent": "thread pitch",
              "pCn": "螺距"
            }
          ],
          "desc": "短语"
        },
        "speech": "pitch",
        "relWord": {
          "rels": [
            {
              "pos": "adj",
              "words": [
                {
                  "hwd": "pitched",
                  "tran": " 斜的；人字形的"
                },
                {
                  "hwd": "pitching",
                  "tran": " 倾斜的；陡的"
                },
                {
                  "hwd": "pitchy",
                  "tran": " 漆黑的；沥青的；粘性的"
                }
              ]
            },
            {
              "pos": "n",
              "words": [
                {
                  "hwd": "pitcher",
                  "tran": " 投手；大水罐"
                },
                {
                  "hwd": "pitching",
                  "tran": " 俯仰；铺地石；投手投球"
                }
              ]
            },
            {
              "pos": "v",
              "words": [
                {
                  "hwd": "pitched",
                  "tran": " 使倾斜；扎营；投掷（pitch的过去分词）"
                },
                {
                  "hwd": "pitching",
                  "tran": " 使倾斜（pitch的ing形式）；投掷；用沥青涂；为…定调"
                }
              ]
            }
          ],
          "desc": "同根"
        },
        "usspeech": "pitch&type=2",
        "trans": [
          {
            "tranCn": "球场；声音的高低度；沥青；程度v投掷",
            "descOther": "英释",
            "descCn": "中释",
            "pos": "n",
            "tranOther": "a marked out area of ground on which a sport is played"
          }
        ]
      }
    }
  },
  "bookId": "IELTSluan_2"
}