{
  "wordRank": 1365,
  "headWord": "counter",
  "content": {
    "word": {
      "wordHead": "counter",
      "wordId": "IELTSluan_2_1365",
      "content": {
        "sentence": {
          "sentences": [
            {
              "sContent": "He wondered if the girl behind the counter recognised him.",
              "sCn": "他在想柜台后面的那个女孩是否认出了他。"
            }
          ],
          "desc": "例句"
        },
        "usphone": "'kaʊntɚ",
        "ukspeech": "counter&type=1",
        "star": 0,
        "usspeech": "counter&type=2",
        "syno": {
          "synos": [
            {
              "pos": "n",
              "tran": "[数][电子][核][计量]计数器，计算器；[贸易]柜台；计算者",
              "hwds": [
                {
                  "w": "arithmometer"
                },
                {
                  "w": "counting machine"
                }
              ]
            },
            {
              "pos": "adv",
              "tran": "相反地",
              "hwds": [
                {
                  "w": "contrary"
                },
                {
                  "w": "backward"
                },
                {
                  "w": "conversely"
                },
                {
                  "w": "inversely"
                }
              ]
            },
            {
              "pos": "v",
              "tran": "反击；反对",
              "hwds": [
                {
                  "w": "Break back"
                },
                {
                  "w": "knock back"
                }
              ]
            },
            {
              "pos": "adj",
              "tran": "相反的",
              "hwds": [
                {
                  "w": "contrary"
                },
                {
                  "w": "opposite"
                },
                {
                  "w": "adverse"
                },
                {
                  "w": "cross"
                }
              ]
            }
          ],
          "desc": "同近"
        },
        "ukphone": "'kaʊntə",
        "phrase": {
          "phrases": [
            {
              "pContent": "counter measure",
              "pCn": "对策；防范措施；反措施"
            },
            {
              "pContent": "particle counter",
              "pCn": "粒子计数器；粒子计数管；颗粒测量计数器"
            },
            {
              "pContent": "over the counter",
              "pCn": "成药；直接交易"
            },
            {
              "pContent": "counter attack",
              "pCn": "反攻，逆袭"
            },
            {
              "pContent": "under the counter",
              "pCn": "私下出售的；暗中作成的；违法的；走后门"
            },
            {
              "pContent": "service counter",
              "pCn": "服务台"
            },
            {
              "pContent": "counter current",
              "pCn": "反流，逆流；反向电流"
            },
            {
              "pContent": "check-in counter",
              "pCn": "入口检查处；报到处"
            },
            {
              "pContent": "counter top",
              "pCn": "案台，柜台面"
            },
            {
              "pContent": "counter flow",
              "pCn": "逆流"
            },
            {
              "pContent": "counter party",
              "pCn": "对应方"
            },
            {
              "pContent": "counter offer",
              "pCn": "买方还价，还盘"
            },
            {
              "pContent": "ticket counter",
              "pCn": "售票台；售票柜台；票务处"
            },
            {
              "pContent": "counter trade",
              "pCn": "补偿贸易；相向贸易；反信风"
            },
            {
              "pContent": "program counter",
              "pCn": "程序计数器"
            },
            {
              "pContent": "counter pressure",
              "pCn": "背压，反压"
            },
            {
              "pContent": "counter sample",
              "pCn": "相对样品；对等货样"
            },
            {
              "pContent": "bar counter",
              "pCn": "吧台；酒吧台"
            },
            {
              "pContent": "electronic counter",
              "pCn": "电子计算器"
            },
            {
              "pContent": "frequency counter",
              "pCn": "计频器"
            }
          ],
          "desc": "短语"
        },
        "phone": "英 [ˈkaʊntə(r)] 美 [ˈkaʊntɚ",
        "speech": "counter",
        "remMethod": {
          "val": " 与count(v. 计算)一起记",
          "desc": "记忆"
        },
        "relWord": {
          "rels": [
            {
              "pos": "adj",
              "words": [
                {
                  "hwd": "countless",
                  "tran": " 无数的；数不尽的"
                },
                {
                  "hwd": "countable",
                  "tran": " 可计算的；能算的"
                },
                {
                  "hwd": "counteractive",
                  "tran": " 反作用的；抵抗的；反对的"
                }
              ]
            },
            {
              "pos": "n",
              "words": [
                {
                  "hwd": "count",
                  "tran": " 计数；计算；伯爵"
                },
                {
                  "hwd": "counting",
                  "tran": " [数] 计算，计数"
                },
                {
                  "hwd": "countable",
                  "tran": " 可数名词；可数的东西"
                },
                {
                  "hwd": "counterattack",
                  "tran": " 反击；反攻"
                },
                {
                  "hwd": "counteraction",
                  "tran": " 中和；反对的行动；抵抗；反动"
                },
                {
                  "hwd": "counteractive",
                  "tran": " 反作用；抵抗，对抗；反对"
                },
                {
                  "hwd": "counterblast",
                  "tran": " 强硬的抗议；反向气流；猛烈的反对"
                }
              ]
            },
            {
              "pos": "vi",
              "words": [
                {
                  "hwd": "count",
                  "tran": " 计数；有价值"
                },
                {
                  "hwd": "counterattack",
                  "tran": " 反击；反攻"
                }
              ]
            },
            {
              "pos": "vt",
              "words": [
                {
                  "hwd": "count",
                  "tran": " 计算；认为"
                },
                {
                  "hwd": "counterattack",
                  "tran": " 反击；反攻"
                }
              ]
            }
          ],
          "desc": "同根"
        },
        "trans": [
          {
            "tranCn": "柜台",
            "descOther": "英释",
            "descCn": "中释",
            "pos": "n",
            "tranOther": "the place where you pay or are served in a shop, bank, restaurant etc"
          },
          {
            "tranCn": "反对，反击",
            "descOther": "英释",
            "descCn": "中释",
            "pos": "v",
            "tranOther": "to say something in order to try to prove that what someone said was not true or as a reply to something"
          }
        ]
      }
    }
  },
  "bookId": "IELTSluan_2"
}