{
  "wordRank": 1366,
  "headWord": "dedicate",
  "content": {
    "word": {
      "wordHead": "dedicate",
      "wordId": "IELTSluan_2_1366",
      "content": {
        "sentence": {
          "sentences": [
            {
              "sContent": "She dedicated her first album to Woody Allen, who she says understands her obsession.",
              "sCn": "她把她的第一张唱片献给伍迪·艾伦，她说艾伦理解她的痴迷。"
            }
          ],
          "desc": "例句"
        },
        "usphone": "'dɛdɪket",
        "syno": {
          "synos": [
            {
              "pos": "vt",
              "tran": "致力；献身；题献",
              "hwds": [
                {
                  "w": "give oneself"
                },
                {
                  "w": "devote  to"
                }
              ]
            }
          ],
          "desc": "同近"
        },
        "ukphone": "'dedɪkeɪt",
        "ukspeech": "dedicate&type=1",
        "star": 0,
        "phone": "'dedikeit, 'dedikit, -keit",
        "speech": "dedicate",
        "remMethod": {
          "val": " de(表加强) + dic(分配， 分派) + ate(动词后缀) → 为…献出 → 献(身)",
          "desc": "记忆"
        },
        "relWord": {
          "rels": [
            {
              "pos": "adj",
              "words": [
                {
                  "hwd": "dedicated",
                  "tran": " 专用的；专注的；献身的"
                }
              ]
            },
            {
              "pos": "n",
              "words": [
                {
                  "hwd": "dedication",
                  "tran": " 奉献；献身"
                }
              ]
            },
            {
              "pos": "v",
              "words": [
                {
                  "hwd": "dedicated",
                  "tran": " 以…奉献；把…用于（dedicate的过去式和过去分词）"
                }
              ]
            }
          ],
          "desc": "同根"
        },
        "usspeech": "dedicate&type=2",
        "trans": [
          {
            "tranCn": "奉献，供奉，题献(著作)",
            "descOther": "英释",
            "descCn": "中释",
            "pos": "v",
            "tranOther": "to say at the beginning of a book or film, or before a piece of music, that it has been written, made, or performed for someone that you love or respect"
          }
        ]
      }
    }
  },
  "bookId": "IELTSluan_2"
}