{
  "wordRank": 1367,
  "headWord": "vindicate",
  "content": {
    "word": {
      "wordHead": "vindicate",
      "wordId": "IELTSluan_2_1367",
      "content": {
        "sentence": {
          "sentences": [
            {
              "sContent": "The decision to advertise has been vindicated by the fact that sales have grown.",
              "sCn": "销售增长的事实证明做广告宣传的决定是正确的。"
            }
          ],
          "desc": "例句"
        },
        "usphone": "'vɪndɪket",
        "syno": {
          "synos": [
            {
              "pos": "vt",
              "tran": "维护；证明…无辜；证明…正确",
              "hwds": [
                {
                  "w": "assert"
                },
                {
                  "w": "safekeep"
                }
              ]
            }
          ],
          "desc": "同近"
        },
        "ukphone": "'vɪndɪkeɪt",
        "ukspeech": "vindicate&type=1",
        "star": 0,
        "phone": "'vindikeit",
        "speech": "vindicate",
        "relWord": {
          "rels": [
            {
              "pos": "adj",
              "words": [
                {
                  "hwd": "vindicatory",
                  "tran": " 惩罚的；报复的；辩护的"
                }
              ]
            },
            {
              "pos": "n",
              "words": [
                {
                  "hwd": "vindication",
                  "tran": " 辩护；证明无罪"
                },
                {
                  "hwd": "vindicator",
                  "tran": " 维护者；辩护者；证明者"
                }
              ]
            }
          ],
          "desc": "同根"
        },
        "usspeech": "vindicate&type=2",
        "trans": [
          {
            "tranCn": "为辩白；证明正确",
            "descOther": "英释",
            "descCn": "中释",
            "pos": "v",
            "tranOther": "to prove that someone or something is right or true"
          }
        ]
      }
    }
  },
  "bookId": "IELTSluan_2"
}