{
  "wordRank": 1368,
  "headWord": "current",
  "content": {
    "word": {
      "wordHead": "current",
      "wordId": "IELTSluan_2_1368",
      "content": {
        "sentence": {
          "sentences": [
            {
              "sContent": "the current President",
              "sCn": "现任总统"
            },
            {
              "sContent": "In its current state, the car is worth £1,000.",
              "sCn": "这辆车按现在的车况来看值1,000英镑。"
            }
          ],
          "desc": "例句"
        },
        "usphone": "kɝ​ənt",
        "syno": {
          "synos": [
            {
              "pos": "adj",
              "tran": "现在的；流通的，通用的；最近的；草写的",
              "hwds": [
                {
                  "w": "recent"
                },
                {
                  "w": "now"
                },
                {
                  "w": "universal"
                },
                {
                  "w": "late"
                },
                {
                  "w": "present"
                }
              ]
            },
            {
              "pos": "n",
              "tran": "（水，气，电）[流]流；趋势；涌流",
              "hwds": [
                {
                  "w": "tendency"
                },
                {
                  "w": "direction"
                },
                {
                  "w": "tide"
                },
                {
                  "w": "trend"
                },
                {
                  "w": "set"
                }
              ]
            }
          ],
          "desc": "同近"
        },
        "ukphone": "'kʌr(ə)nt",
        "ukspeech": "current&type=1",
        "star": 0,
        "phrase": {
          "phrases": [
            {
              "pContent": "current situation",
              "pCn": "现状，目前形势；现况"
            },
            {
              "pContent": "current status",
              "pCn": "当前状态；目前状况"
            },
            {
              "pContent": "current state",
              "pCn": "现行状态；初速电流状态"
            },
            {
              "pContent": "electric current",
              "pCn": "电流"
            },
            {
              "pContent": "direct current",
              "pCn": "直流；[电]直流电"
            },
            {
              "pContent": "current density",
              "pCn": "电流密度；扩散（弥漫）流密度"
            },
            {
              "pContent": "eddy current",
              "pCn": "涡流；[电学]涡电流"
            },
            {
              "pContent": "alternating current (AC)",
              "pCn": "交流电"
            },
            {
              "pContent": "current account",
              "pCn": "经常帐；活期存款帐户"
            },
            {
              "pContent": "alternating current (ac)",
              "pCn": "交流电"
            },
            {
              "pContent": "alternating current",
              "pCn": "交流电"
            },
            {
              "pContent": "tidal current",
              "pCn": "潮流"
            },
            {
              "pContent": "constant current",
              "pCn": "恒定电流"
            },
            {
              "pContent": "current transformer",
              "pCn": "n. 电流变换器"
            },
            {
              "pContent": "current production",
              "pCn": "流水作业；流水生产"
            },
            {
              "pContent": "leakage current",
              "pCn": "[电]泄漏电流"
            },
            {
              "pContent": "high current",
              "pCn": "电流过高；高强度电流"
            },
            {
              "pContent": "current job",
              "pCn": "现职，当前的工作"
            },
            {
              "pContent": "current control",
              "pCn": "电流控制；日常检查"
            },
            {
              "pContent": "welding current",
              "pCn": "焊接电流"
            }
          ],
          "desc": "短语"
        },
        "phone": "'kʌrənt",
        "speech": "current",
        "relWord": {
          "rels": [
            {
              "pos": "adv",
              "words": [
                {
                  "hwd": "currently",
                  "tran": " 当前；一般地"
                }
              ]
            }
          ],
          "desc": "同根"
        },
        "usspeech": "current&type=2",
        "trans": [
          {
            "tranCn": "当前的；通用的；流行的",
            "descOther": "英释",
            "descCn": "中释",
            "pos": "adj",
            "tranOther": "happening or existing now"
          },
          {
            "tranCn": "水流；气流",
            "descOther": "英释",
            "descCn": "中释",
            "pos": "n",
            "tranOther": "a continuous movement of water in a river, lake, or sea"
          }
        ]
      }
    }
  },
  "bookId": "IELTSluan_2"
}