{
  "wordRank": 1369,
  "headWord": "flaunt",
  "content": {
    "word": {
      "wordHead": "flaunt",
      "wordId": "IELTSluan_2_1369",
      "content": {
        "sentence": {
          "sentences": [
            {
              "sContent": "The rich flaunted their wealth while the poor starved on the streets.",
              "sCn": "富人摆阔，穷人却在大街上饿肚子。"
            }
          ],
          "desc": "例句"
        },
        "usphone": "flɔnt",
        "syno": {
          "synos": [
            {
              "pos": "vt",
              "tran": "炫耀；飘扬",
              "hwds": [
                {
                  "w": "show off"
                },
                {
                  "w": "fly over"
                }
              ]
            },
            {
              "pos": "vi",
              "tran": "飘扬；夸耀",
              "hwds": [
                {
                  "w": "flow"
                },
                {
                  "w": "stream"
                },
                {
                  "w": "dance"
                }
              ]
            },
            {
              "pos": "n",
              "tran": "炫耀；飘扬；招展",
              "hwds": [
                {
                  "w": "display"
                },
                {
                  "w": "showing off"
                }
              ]
            }
          ],
          "desc": "同近"
        },
        "ukphone": "flɔːnt",
        "ukspeech": "flaunt&type=1",
        "star": 0,
        "phone": "flɔ:nt",
        "speech": "flaunt",
        "usspeech": "flaunt&type=2",
        "trans": [
          {
            "tranCn": "夸耀，夸饰",
            "descOther": "英释",
            "descCn": "中释",
            "pos": "v",
            "tranOther": "to show your money, success, beauty etc so that other people notice it – used to show disapproval"
          }
        ]
      }
    }
  },
  "bookId": "IELTSluan_2"
}