{
  "wordRank": 137,
  "headWord": "destine",
  "content": {
    "word": {
      "wordHead": "destine",
      "wordId": "IELTSluan_2_137",
      "content": {
        "usphone": "'dɛstɪn",
        "syno": {
          "synos": [
            {
              "pos": "vt",
              "tran": "注定；命定；预定",
              "hwds": [
                {
                  "w": "fate"
                },
                {
                  "w": "engage"
                },
                {
                  "w": "budget"
                }
              ]
            }
          ],
          "desc": "同近"
        },
        "ukphone": "'destɪn",
        "ukspeech": "destine&type=1",
        "star": 0,
        "phone": "'destin",
        "speech": "destine",
        "relWord": {
          "rels": [
            {
              "pos": "adj",
              "words": [
                {
                  "hwd": "destined",
                  "tran": " 注定的；命定的；去往…的"
                }
              ]
            },
            {
              "pos": "n",
              "words": [
                {
                  "hwd": "destination",
                  "tran": " 目的地，终点"
                },
                {
                  "hwd": "destiny",
                  "tran": " 命运，定数，天命"
                }
              ]
            },
            {
              "pos": "v",
              "words": [
                {
                  "hwd": "destined",
                  "tran": " 注定（destine的过去式和过去分词）"
                }
              ]
            }
          ],
          "desc": "同根"
        },
        "usspeech": "destine&type=2",
        "trans": [
          {
            "tranCn": "命中注定；预定",
            "descCn": "中释",
            "pos": "v"
          }
        ]
      }
    }
  },
  "bookId": "IELTSluan_2"
}