{
  "wordRank": 1370,
  "headWord": "parliament",
  "content": {
    "word": {
      "wordHead": "parliament",
      "wordId": "IELTSluan_2_1370",
      "content": {
        "sentence": {
          "sentences": [
            {
              "sContent": "They demanded a free parliament and press.",
              "sCn": "他们要求议会自由和新闻自由。"
            }
          ],
          "desc": "例句"
        },
        "usphone": "'pɑrləmənt",
        "ukspeech": "parliament&type=1",
        "star": 0,
        "usspeech": "parliament&type=2",
        "syno": {
          "synos": [
            {
              "pos": "n",
              "tran": "议会，国会",
              "hwds": [
                {
                  "w": "congress"
                },
                {
                  "w": "house"
                }
              ]
            }
          ],
          "desc": "同近"
        },
        "ukphone": "'pɑːləm(ə)nt",
        "phrase": {
          "phrases": [
            {
              "pContent": "european parliament",
              "pCn": "欧洲议会（缩写为EP）"
            },
            {
              "pContent": "member of parliament",
              "pCn": "国会议员；下院议员；下议院议员"
            },
            {
              "pContent": "houses of parliament",
              "pCn": "n. 英国的国会大厦"
            },
            {
              "pContent": "house of parliament",
              "pCn": "国会大厦"
            },
            {
              "pContent": "parliament building",
              "pCn": "国会大厦（加拿大标志建筑）"
            },
            {
              "pContent": "parliament house",
              "pCn": "国会大厦"
            }
          ],
          "desc": "短语"
        },
        "phone": "'pɑ:ləmənt",
        "speech": "parliament",
        "remMethod": {
          "val": " parlia(看作parle， 谈判) + ment → 谈判的地方 → 议会",
          "desc": "记忆"
        },
        "relWord": {
          "rels": [
            {
              "pos": "adj",
              "words": [
                {
                  "hwd": "parliamentary",
                  "tran": " 议会的；国会的；议会制度的"
                },
                {
                  "hwd": "parliamentarian",
                  "tran": " 议会的"
                }
              ]
            },
            {
              "pos": "n",
              "words": [
                {
                  "hwd": "parliamentarian",
                  "tran": " 国会议员，熟练而又有经验的议员"
                }
              ]
            }
          ],
          "desc": "同根"
        },
        "trans": [
          {
            "tranCn": "议会，国会",
            "descOther": "英释",
            "descCn": "中释",
            "pos": "n",
            "tranOther": "the group of people who are elected to make a country’s laws and discuss important national affairs"
          }
        ]
      }
    }
  },
  "bookId": "IELTSluan_2"
}