{
  "wordRank": 1371,
  "headWord": "specification",
  "content": {
    "word": {
      "wordHead": "specification",
      "wordId": "IELTSluan_2_1371",
      "content": {
        "sentence": {
          "sentences": [
            {
              "sContent": "The bolts met all the engineering specifications .",
              "sCn": "这些螺栓符合所有的工程设计规格。"
            }
          ],
          "desc": "例句"
        },
        "usphone": "'spɛsəfə'keʃən",
        "ukspeech": "specification&type=1",
        "star": 0,
        "usspeech": "specification&type=2",
        "syno": {
          "synos": [
            {
              "pos": "n",
              "tran": "规格；说明书；详述",
              "hwds": [
                {
                  "w": "description"
                },
                {
                  "w": "amplification"
                }
              ]
            }
          ],
          "desc": "同近"
        },
        "ukphone": ",spesɪfɪ'keɪʃ(ə)n",
        "phrase": {
          "phrases": [
            {
              "pContent": "technical specification",
              "pCn": "技术规范；技术说明"
            },
            {
              "pContent": "product specification",
              "pCn": "产品规格；制品技术规格"
            },
            {
              "pContent": "design specification",
              "pCn": "设计规范；设计规格；设计任务书；设计细节"
            },
            {
              "pContent": "standard specification",
              "pCn": "标准规范"
            },
            {
              "pContent": "quality specification",
              "pCn": "质量标准；质量说明书"
            },
            {
              "pContent": "specification language",
              "pCn": "规范语言，规约语言"
            },
            {
              "pContent": "process specification",
              "pCn": "加工标准；工艺说明书"
            },
            {
              "pContent": "requirements specification",
              "pCn": "需求规格说明；要求说明"
            },
            {
              "pContent": "performance specification",
              "pCn": "性能说明；性能规格"
            },
            {
              "pContent": "material specification",
              "pCn": "材料规格；原材料明细表"
            },
            {
              "pContent": "test specification",
              "pCn": "测试规范"
            },
            {
              "pContent": "job specification",
              "pCn": "工作规范；工作要求"
            },
            {
              "pContent": "general specification",
              "pCn": "一般技术要求；总说明书；通用技术条件government specification（s）国定技术规范"
            },
            {
              "pContent": "detailed specification",
              "pCn": "详细说明"
            },
            {
              "pContent": "model specification",
              "pCn": "模型设定；模式定式"
            },
            {
              "pContent": "equipment specification",
              "pCn": "设备说明书"
            },
            {
              "pContent": "specification sheet",
              "pCn": "规格单；职责明细表"
            },
            {
              "pContent": "technological specification",
              "pCn": "技术规范"
            },
            {
              "pContent": "functional specification",
              "pCn": "功能规格"
            },
            {
              "pContent": "specification limit",
              "pCn": "技术说明规范；规格界限"
            }
          ],
          "desc": "短语"
        },
        "phone": ",spesifi'keiʃən",
        "speech": "specification",
        "remMethod": {
          "val": " specific(明确的) + ation → 明确说明 → 说明书",
          "desc": "记忆"
        },
        "relWord": {
          "rels": [
            {
              "pos": "adj",
              "words": [
                {
                  "hwd": "specific",
                  "tran": " 特殊的，特定的；明确的；详细的；[药] 具有特效的"
                },
                {
                  "hwd": "specified",
                  "tran": " 规定的；详细说明的"
                },
                {
                  "hwd": "specifiable",
                  "tran": " 可指明的；可列举的"
                }
              ]
            },
            {
              "pos": "n",
              "words": [
                {
                  "hwd": "specific",
                  "tran": " 特性；细节；特效药"
                },
                {
                  "hwd": "spec",
                  "tran": " 投机；说明书；细则"
                },
                {
                  "hwd": "specifier",
                  "tran": " [计] 说明符；指示语；[计] 区分符"
                }
              ]
            },
            {
              "pos": "v",
              "words": [
                {
                  "hwd": "specified",
                  "tran": " 指定；详细说明（specify的过去分词）"
                }
              ]
            },
            {
              "pos": "vt",
              "words": [
                {
                  "hwd": "specify",
                  "tran": " 指定；详细说明；列举；把…列入说明书"
                }
              ]
            }
          ],
          "desc": "同根"
        },
        "trans": [
          {
            "tranCn": "载明，详述；规格，清单，说明书",
            "descOther": "英释",
            "descCn": "中释",
            "pos": "n",
            "tranOther": "a detailed instruction about how a car, building, piece of equipment etc should be made"
          }
        ]
      }
    }
  },
  "bookId": "IELTSluan_2"
}