{
  "wordRank": 1372,
  "headWord": "anniversary",
  "content": {
    "word": {
      "wordHead": "anniversary",
      "wordId": "IELTSluan_2_1372",
      "content": {
        "sentence": {
          "sentences": [
            {
              "sContent": "Jack and Kim celebrated their twentieth wedding anniversary in January.",
              "sCn": "1月，杰克和金庆祝了他们的结婚20周年纪念日。"
            }
          ],
          "desc": "例句"
        },
        "usphone": ",ænɪ'vɝsəri",
        "ukphone": "ænɪ'vɜːs(ə)rɪ",
        "ukspeech": "anniversary&type=1",
        "star": 0,
        "phrase": {
          "phrases": [
            {
              "pContent": "wedding anniversary",
              "pCn": "结婚纪念日；结婚周年纪念日"
            },
            {
              "pContent": "happy anniversary",
              "pCn": "周年纪念快乐"
            },
            {
              "pContent": "silver anniversary",
              "pCn": "二十五周年纪念日"
            }
          ],
          "desc": "短语"
        },
        "phone": ",æni'və:səri",
        "speech": "anniversary",
        "usspeech": "anniversary&type=2",
        "trans": [
          {
            "tranCn": "周年纪念",
            "descOther": "英释",
            "descCn": "中释",
            "pos": "n",
            "tranOther": "a date on which something special or important happened in a previous year"
          }
        ]
      }
    }
  },
  "bookId": "IELTSluan_2"
}