{
  "wordRank": 1373,
  "headWord": "homestay",
  "content": {
    "word": {
      "wordHead": "homestay",
      "wordId": "IELTSluan_2_1373",
      "content": {
        "sentence": {
          "sentences": [
            {
              "sContent": "You could live in a homestay.",
              "sContent_eng": "You could live in a <b>homestay</b>.",
              "sSpeech": "You+could+live+in+a+homestay.&le=eng",
              "sCn": "也可以住在当地人家中。"
            }
          ],
          "desc": "例句"
        },
        "usphone": "'homste",
        "ukphone": "'həʊmsteɪ",
        "ukspeech": "homestay&type=1",
        "star": 0,
        "usspeech": "homestay&type=2",
        "trans": [
          {
            "tranCn": "在当地居民家居住",
            "descCn": "中释",
            "pos": "n"
          }
        ]
      }
    }
  },
  "bookId": "IELTSluan_2"
}