{
  "wordRank": 1374,
  "headWord": "scan",
  "content": {
    "word": {
      "wordHead": "scan",
      "wordId": "IELTSluan_2_1374",
      "content": {
        "sentence": {
          "sentences": [
            {
              "sContent": "He scanned the horizon, but there was no sign of the ship.",
              "sCn": "他朝地平线处仔细眺望，但是找不到那艘船的踪影。"
            },
            {
              "sContent": "She scanned his face, looking for signs of what he was thinking.",
              "sCn": "她端详着他的脸，想知道他在想些什么。"
            },
            {
              "sContent": "Video cameras scanned the car park.",
              "sCn": "摄像机监视着停车场。"
            }
          ],
          "desc": "例句"
        },
        "usphone": "skæn",
        "ukspeech": "scan&type=1",
        "star": 0,
        "usspeech": "scan&type=2",
        "syno": {
          "synos": [
            {
              "pos": "vt",
              "tran": "扫描；浏览；细看；详细调查；标出格律",
              "hwds": [
                {
                  "w": "glance through"
                },
                {
                  "w": "look through"
                }
              ]
            },
            {
              "pos": "n",
              "tran": "扫描；浏览；审视；细看",
              "hwds": [
                {
                  "w": "survey"
                },
                {
                  "w": "scrutiny"
                }
              ]
            }
          ],
          "desc": "同近"
        },
        "ukphone": "skæn",
        "phrase": {
          "phrases": [
            {
              "pContent": "ct scan",
              "pCn": "电脑断层扫描"
            },
            {
              "pContent": "line scan",
              "pCn": "[计]行扫描"
            },
            {
              "pContent": "scan rate",
              "pCn": "扫描速率；扫描率"
            },
            {
              "pContent": "scan line",
              "pCn": "扫描线"
            },
            {
              "pContent": "bone scan",
              "pCn": "骨骼扫描"
            },
            {
              "pContent": "brain scan",
              "pCn": "脑部扫描"
            },
            {
              "pContent": "scan conversion",
              "pCn": "扫描转换"
            },
            {
              "pContent": "full scan",
              "pCn": "全扫描"
            },
            {
              "pContent": "pet scan",
              "pCn": "abbr. 检验胴体尤其是脑部新陈代谢的断层扫描（Positron Emission Tomography Scan）；正电子发射层析扫描（pet scanning）"
            },
            {
              "pContent": "raster scan",
              "pCn": "光栅扫描"
            },
            {
              "pContent": "cat scan",
              "pCn": "计算机X射线轴向分层造影扫描图"
            },
            {
              "pContent": "scan code",
              "pCn": "n. 扫描码"
            },
            {
              "pContent": "progressive scan",
              "pCn": "逐行扫描"
            }
          ],
          "desc": "短语"
        },
        "phone": "skæn",
        "speech": "scan",
        "remMethod": {
          "val": " “四看” → 眼睛像扫描仪一样四处看 → 扫描； 浏览",
          "desc": "记忆"
        },
        "relWord": {
          "rels": [
            {
              "pos": "adj",
              "words": [
                {
                  "hwd": "scanning",
                  "tran": " 扫描的；观测的；搜索的；扫掠的"
                }
              ]
            },
            {
              "pos": "n",
              "words": [
                {
                  "hwd": "scanner",
                  "tran": " [计] 扫描仪；扫描器；光电子扫描装置"
                },
                {
                  "hwd": "scanning",
                  "tran": " 扫描；搜索，观测；扫掠"
                }
              ]
            },
            {
              "pos": "v",
              "words": [
                {
                  "hwd": "scanning",
                  "tran": " 扫描（scan的现在分词）；浏览"
                }
              ]
            }
          ],
          "desc": "同根"
        },
        "trans": [
          {
            "tranCn": "细看；浏览",
            "descOther": "英释",
            "descCn": "中释",
            "pos": "v",
            "tranOther": "to examine an area carefully but quickly, often because you are looking for a particular person or thing"
          }
        ]
      }
    }
  },
  "bookId": "IELTSluan_2"
}