{
  "wordRank": 1375,
  "headWord": "grace",
  "content": {
    "word": {
      "wordHead": "grace",
      "wordId": "IELTSluan_2_1375",
      "content": {
        "sentence": {
          "sentences": [
            {
              "sContent": "Lena moved with the grace of a dancer.",
              "sCn": "莉娜走路姿势有着舞者般的优美。"
            }
          ],
          "desc": "例句"
        },
        "usphone": "ɡres",
        "syno": {
          "synos": [
            {
              "pos": "n",
              "tran": "优雅；恩惠；魅力；慈悲",
              "hwds": [
                {
                  "w": "charm"
                },
                {
                  "w": "politesse"
                }
              ]
            }
          ],
          "desc": "同近"
        },
        "ukphone": "greɪs",
        "ukspeech": "grace&type=1",
        "star": 0,
        "phone": "ɡreis",
        "speech": "grace",
        "relWord": {
          "rels": [
            {
              "pos": "adj",
              "words": [
                {
                  "hwd": "graceful",
                  "tran": " 优雅的；优美的"
                }
              ]
            },
            {
              "pos": "adv",
              "words": [
                {
                  "hwd": "gracefully",
                  "tran": " 优雅地；温文地"
                },
                {
                  "hwd": "gracelessly",
                  "tran": " 笨拙地；不优美地"
                }
              ]
            },
            {
              "pos": "n",
              "words": [
                {
                  "hwd": "gracefulness",
                  "tran": " 温文，优雅；优美"
                }
              ]
            }
          ],
          "desc": "同根"
        },
        "usspeech": "grace&type=2",
        "trans": [
          {
            "tranCn": "恩惠；优美；善意；饭前后祷告",
            "descOther": "英释",
            "descCn": "中释",
            "pos": "n",
            "tranOther": "a smooth way of moving that looks natural, relaxed, and attractive"
          },
          {
            "tranCn": "使优美",
            "descOther": "英释",
            "descCn": "中释",
            "pos": "v",
            "tranOther": "to make a place or an object look more attractive"
          }
        ]
      }
    }
  },
  "bookId": "IELTSluan_2"
}