{
  "wordRank": 1376,
  "headWord": "cite",
  "content": {
    "word": {
      "wordHead": "cite",
      "wordId": "IELTSluan_2_1376",
      "content": {
        "sentence": {
          "sentences": [
            {
              "sContent": "The passage cited above is from a Robert Frost poem.",
              "sCn": "以上的引文出自罗伯特•弗罗斯特的一首诗。"
            }
          ],
          "desc": "例句"
        },
        "usphone": "saɪt",
        "syno": {
          "synos": [
            {
              "pos": "vt",
              "tran": "引用；传讯；想起；表彰",
              "hwds": [
                {
                  "w": "reference"
                },
                {
                  "w": "think of"
                }
              ]
            }
          ],
          "desc": "同近"
        },
        "ukphone": "saɪt",
        "ukspeech": "cite&type=1",
        "star": 0,
        "phrase": {
          "phrases": [
            {
              "pContent": "cite an example",
              "pCn": "举例；引用一个例子"
            }
          ],
          "desc": "短语"
        },
        "phone": "sait",
        "speech": "cite",
        "relWord": {
          "rels": [
            {
              "pos": "n",
              "words": [
                {
                  "hwd": "citation",
                  "tran": " 引用，引证；[法] 传票；褒扬"
                }
              ]
            }
          ],
          "desc": "同根"
        },
        "usspeech": "cite&type=2",
        "trans": [
          {
            "tranCn": "引用，传讯；举例",
            "descOther": "英释",
            "descCn": "中释",
            "pos": "v",
            "tranOther": "to give the exact words of something that has been written, especially in order to support an opinion or prove an idea"
          }
        ]
      }
    }
  },
  "bookId": "IELTSluan_2"
}