{
  "wordRank": 1377,
  "headWord": "tranquility",
  "content": {
    "word": {
      "wordHead": "tranquility",
      "wordId": "IELTSluan_2_1377",
      "content": {
        "syno": {
          "synos": [
            {
              "pos": "n",
              "tran": "宁静；平静",
              "hwds": [
                {
                  "w": "equilibrium"
                },
                {
                  "w": "serenity"
                }
              ]
            }
          ],
          "desc": "同近"
        },
        "star": 0,
        "phone": "træŋ'kwiləti, træn-",
        "speech": "tranquility",
        "remMethod": {
          "val": " tranquil(宁静的) + ity(名词后缀) → 宁静",
          "desc": "记忆"
        },
        "relWord": {
          "rels": [
            {
              "pos": "adj",
              "words": [
                {
                  "hwd": "tranquil",
                  "tran": " 安静的，平静的；安宁的；稳定的"
                }
              ]
            },
            {
              "pos": "adv",
              "words": [
                {
                  "hwd": "tranquilly",
                  "tran": " 平静地；安静地"
                }
              ]
            },
            {
              "pos": "vi",
              "words": [
                {
                  "hwd": "tranquillise",
                  "tran": " 平静；镇静（等于tranquillize，tranquilise，tranquilize）"
                }
              ]
            },
            {
              "pos": "vt",
              "words": [
                {
                  "hwd": "tranquillise",
                  "tran": " 使安静；使镇定（等于tranquillize，tranquilise，tranquilize）"
                },
                {
                  "hwd": "tranquillize",
                  "tran": " 使平静；使安静（等于tranquilize ）"
                }
              ]
            }
          ],
          "desc": "同根"
        },
        "trans": [
          {
            "tranCn": "安静，平静",
            "descCn": "中释",
            "pos": "n"
          }
        ]
      }
    }
  },
  "bookId": "IELTSluan_2"
}