{
  "wordRank": 1378,
  "headWord": "severe",
  "content": {
    "word": {
      "wordHead": "severe",
      "wordId": "IELTSluan_2_1378",
      "content": {
        "sentence": {
          "sentences": [
            {
              "sContent": "His injuries were quite severe.",
              "sCn": "他的伤势很严重。"
            },
            {
              "sContent": "She’s suffering from severe depression.",
              "sCn": "她患有严重的抑郁症。"
            },
            {
              "sContent": "The US faces severe economic problems.",
              "sCn": "美国面临严重的经济问题。"
            },
            {
              "sContent": "The storm caused severe damage.",
              "sCn": "这场暴风雨造成了严重的破坏。"
            }
          ],
          "desc": "例句"
        },
        "usphone": "sɪ'vɪr",
        "syno": {
          "synos": [
            {
              "pos": "adj",
              "tran": "严峻的；严厉的；剧烈的；苛刻的",
              "hwds": [
                {
                  "w": "tight"
                },
                {
                  "w": "hard"
                },
                {
                  "w": "smart"
                },
                {
                  "w": "harsh"
                },
                {
                  "w": "rigorous"
                }
              ]
            }
          ],
          "desc": "同近"
        },
        "ukphone": "sɪ'vɪə",
        "ukspeech": "severe&type=1",
        "star": 0,
        "phrase": {
          "phrases": [
            {
              "pContent": "severe test",
              "pCn": "严格试验，严格检验"
            },
            {
              "pContent": "severe acute respiratory syndrome",
              "pCn": "严重急性呼吸系统综合症"
            },
            {
              "pContent": "severe punishment",
              "pCn": "严厉惩罚；从重处罚"
            },
            {
              "pContent": "severe cold",
              "pCn": "n. 严寒；大寒"
            },
            {
              "pContent": "severe weather",
              "pCn": "恶劣天气；风雨交加的天气；剧烈天气"
            },
            {
              "pContent": "severe winter",
              "pCn": "n. 严冬；寒冬腊月"
            },
            {
              "pContent": "severe pain",
              "pCn": "激痛，剧痛"
            },
            {
              "pContent": "severe environment",
              "pCn": "恶劣环境"
            },
            {
              "pContent": "severe stress",
              "pCn": "危险应力"
            },
            {
              "pContent": "severe condition",
              "pCn": "苛刻条件；深度反应条件"
            },
            {
              "pContent": "severe storm",
              "pCn": "暴风；强烈风暴"
            },
            {
              "pContent": "severe strain",
              "pCn": "危险应变"
            },
            {
              "pContent": "severe frost",
              "pCn": "严霜"
            },
            {
              "pContent": "severe discipline",
              "pCn": "严格的纪律"
            }
          ],
          "desc": "短语"
        },
        "phone": "si'viə",
        "speech": "severe",
        "relWord": {
          "rels": [
            {
              "pos": "adv",
              "words": [
                {
                  "hwd": "severely",
                  "tran": " 严重地；严格地，严厉地；纯朴地"
                }
              ]
            },
            {
              "pos": "n",
              "words": [
                {
                  "hwd": "severity",
                  "tran": " 严重；严格；猛烈"
                },
                {
                  "hwd": "severeness",
                  "tran": " 严重；艰难；紧凑；纯朴"
                }
              ]
            }
          ],
          "desc": "同根"
        },
        "usspeech": "severe&type=2",
        "trans": [
          {
            "tranCn": "严重的；严厉的，剧烈的",
            "descOther": "英释",
            "descCn": "中释",
            "pos": "adj",
            "tranOther": "severe problems, injuries, illnesses etc are very bad or very serious"
          }
        ]
      }
    }
  },
  "bookId": "IELTSluan_2"
}