{
  "wordRank": 1379,
  "headWord": "excess",
  "content": {
    "word": {
      "wordHead": "excess",
      "wordId": "IELTSluan_2_1379",
      "content": {
        "sentence": {
          "sentences": [
            {
              "sContent": "The car reached speeds in excess of 100 miles per hour.",
              "sCn": "这辆汽车的时速超过了100英里。"
            },
            {
              "sContent": "Make sure that you don't have to pay expensive excess charges.",
              "sCn": "确保你不需要支付昂贵的额外费用。"
            }
          ],
          "desc": "例句"
        },
        "usphone": "'ɛk'sɛs",
        "ukspeech": "excess&type=1",
        "star": 0,
        "usspeech": "excess&type=2",
        "syno": {
          "synos": [
            {
              "pos": "n",
              "tran": "超过，超额；过度，过量；无节制",
              "hwds": [
                {
                  "w": "immoderation"
                },
                {
                  "w": "exorbitance"
                }
              ]
            },
            {
              "pos": "adj",
              "tran": "额外的，过量的；附加的",
              "hwds": [
                {
                  "w": "additional"
                },
                {
                  "w": "added"
                },
                {
                  "w": "attached"
                },
                {
                  "w": "extra"
                },
                {
                  "w": "plus"
                }
              ]
            }
          ],
          "desc": "同近"
        },
        "ukphone": "ɪk'ses; ek-; 'ekses",
        "phrase": {
          "phrases": [
            {
              "pContent": "in excess",
              "pCn": "过度；过量地"
            },
            {
              "pContent": "in excess of",
              "pCn": "超过；较…为多"
            },
            {
              "pContent": "excess capacity",
              "pCn": "超额生产能力；过剩设备"
            },
            {
              "pContent": "excess liquidity",
              "pCn": "过剩流动性"
            },
            {
              "pContent": "excess water",
              "pCn": "过剩水量；过度水分"
            },
            {
              "pContent": "excess air",
              "pCn": "（超过理论所需的）过量空气"
            },
            {
              "pContent": "excess sludge",
              "pCn": "剩余污泥"
            },
            {
              "pContent": "excess heat",
              "pCn": "[物]余热；[机械]过剩热"
            },
            {
              "pContent": "excess baggage",
              "pCn": "n. 超重行李；累赘"
            },
            {
              "pContent": "excess load",
              "pCn": "过负荷，超荷载；逾量荷载"
            },
            {
              "pContent": "excess demand",
              "pCn": "超额需求"
            },
            {
              "pContent": "excess profit",
              "pCn": "超额利润；过分利得"
            },
            {
              "pContent": "excess air coefficient",
              "pCn": "过剩空气系数，过量空气系数"
            },
            {
              "pContent": "excess pore pressure",
              "pCn": "超孔隙压力"
            },
            {
              "pContent": "excess inventory",
              "pCn": "过量库存；积压商品"
            },
            {
              "pContent": "excess cash",
              "pCn": "[经]超额现金；过剩现金"
            },
            {
              "pContent": "excess risk",
              "pCn": "超额危险度；过分危险"
            },
            {
              "pContent": "excess voltage",
              "pCn": "过压，过电压；超额电压"
            }
          ],
          "desc": "短语"
        },
        "phone": "ik'ses, 'ek-, 'ekses, ik's-",
        "speech": "excess",
        "remMethod": {
          "val": " ex(出) + cess(行走) → 走出界限 → 超越； 过量",
          "desc": "记忆"
        },
        "relWord": {
          "rels": [
            {
              "pos": "adj",
              "words": [
                {
                  "hwd": "excessive",
                  "tran": " 过多的，极度的；过分的"
                }
              ]
            },
            {
              "pos": "adv",
              "words": [
                {
                  "hwd": "excessively",
                  "tran": " 过分地；极度"
                }
              ]
            },
            {
              "pos": "n",
              "words": [
                {
                  "hwd": "excessiveness",
                  "tran": " 过度（非常，格外）；冗余"
                }
              ]
            }
          ],
          "desc": "同根"
        },
        "trans": [
          {
            "tranCn": "超越；超过；暴行",
            "descOther": "英释",
            "descCn": "中释",
            "pos": "n",
            "tranOther": "more than a particular amount"
          },
          {
            "tranCn": "额外的，附加的",
            "descOther": "英释",
            "descCn": "中释",
            "pos": "adj",
            "tranOther": "Excess is used to refer to additional amounts of money that need to be paid for services and activities that were not originally planned or taken into account"
          }
        ]
      }
    }
  },
  "bookId": "IELTSluan_2"
}