{
  "wordRank": 138,
  "headWord": "janitor",
  "content": {
    "word": {
      "wordHead": "janitor",
      "wordId": "IELTSluan_2_138",
      "content": {
        "sentence": {
          "sentences": [
            {
              "sContent": "Ed Roberts had been a school janitor for a long time.",
              "sCn": "埃德·罗伯茨做学校的看门人已很久了。"
            }
          ],
          "desc": "例句"
        },
        "usphone": "'dʒænɪtɚ",
        "syno": {
          "synos": [
            {
              "pos": "n",
              "tran": "看门人；守卫；门警；幽门",
              "hwds": [
                {
                  "w": "guard"
                },
                {
                  "w": "gatekeeper"
                }
              ]
            }
          ],
          "desc": "同近"
        },
        "ukphone": "'dʒænɪtə",
        "ukspeech": "janitor&type=1",
        "star": 0,
        "speech": "janitor",
        "usspeech": "janitor&type=2",
        "trans": [
          {
            "tranCn": "看门人，管门人",
            "descOther": "英释",
            "descCn": "中释",
            "pos": "n",
            "tranOther": "someone whose job is to look after a school or other large building"
          }
        ]
      }
    }
  },
  "bookId": "IELTSluan_2"
}