{
  "wordRank": 1380,
  "headWord": "considerate",
  "content": {
    "word": {
      "wordHead": "considerate",
      "wordId": "IELTSluan_2_1380",
      "content": {
        "sentence": {
          "sentences": [
            {
              "sContent": "I think he's the most charming, most considerate man I've ever known.",
              "sCn": "我觉得他是我所认识的最有魅力、最体贴的男士。"
            }
          ],
          "desc": "例句"
        },
        "usphone": "kənˈsɪdərɪt",
        "syno": {
          "synos": [
            {
              "pos": "adj",
              "tran": "体贴的；体谅的；考虑周到的",
              "hwds": [
                {
                  "w": "thoughtful"
                },
                {
                  "w": "wary"
                }
              ]
            }
          ],
          "desc": "同近"
        },
        "ukphone": "kən'sɪd(ə)rət",
        "ukspeech": "considerate&type=1",
        "star": 0,
        "phrase": {
          "phrases": [
            {
              "pContent": "be considerate of",
              "pCn": "体谅"
            },
            {
              "pContent": "considerate towards",
              "pCn": "体谅；体贴"
            }
          ],
          "desc": "短语"
        },
        "phone": "kən'sidərit",
        "speech": "considerate",
        "usspeech": "considerate&type=2",
        "trans": [
          {
            "tranCn": "考虑周到的；体谅别人的",
            "descOther": "英释",
            "descCn": "中释",
            "pos": "adj",
            "tranOther": "Someone who is considerate pays attention to the needs, wishes, or feelings of other people"
          }
        ]
      }
    }
  },
  "bookId": "IELTSluan_2"
}