{
  "wordRank": 1381,
  "headWord": "distort",
  "content": {
    "word": {
      "wordHead": "distort",
      "wordId": "IELTSluan_2_1381",
      "content": {
        "sentence": {
          "sentences": [
            {
              "sContent": "His account was badly distorted by the press.",
              "sCn": "他的话被报界严重歪曲。"
            }
          ],
          "desc": "例句"
        },
        "usphone": "dɪ'stɔrt",
        "syno": {
          "synos": [
            {
              "pos": "vt",
              "tran": "扭曲；使失真；曲解",
              "hwds": [
                {
                  "w": "contort"
                },
                {
                  "w": "misinterpret"
                }
              ]
            },
            {
              "pos": "vi",
              "tran": "扭曲；变形",
              "hwds": [
                {
                  "w": "become deformed"
                },
                {
                  "w": "to morph"
                }
              ]
            }
          ],
          "desc": "同近"
        },
        "ukphone": "dɪ'stɔːt",
        "ukspeech": "distort&type=1",
        "star": 0,
        "phone": "dis'tɔ:t",
        "speech": "distort",
        "remMethod": {
          "val": " dis(分开) + tort(卷缠) → 扭曲",
          "desc": "记忆"
        },
        "relWord": {
          "rels": [
            {
              "pos": "adj",
              "words": [
                {
                  "hwd": "distorted",
                  "tran": " 歪曲的；受到曲解的"
                }
              ]
            },
            {
              "pos": "n",
              "words": [
                {
                  "hwd": "distortion",
                  "tran": " 变形；[物] 失真；扭曲；曲解"
                }
              ]
            },
            {
              "pos": "v",
              "words": [
                {
                  "hwd": "distorted",
                  "tran": " 扭曲（distortasd的过去式和过去分词）"
                }
              ]
            }
          ],
          "desc": "同根"
        },
        "usspeech": "distort&type=2",
        "trans": [
          {
            "tranCn": "歪曲，弄歪，曲解",
            "descOther": "英释",
            "descCn": "中释",
            "pos": "v",
            "tranOther": "to report something in a way that is not completely true or correct"
          }
        ]
      }
    }
  },
  "bookId": "IELTSluan_2"
}