{
  "wordRank": 1382,
  "headWord": "corpse",
  "content": {
    "word": {
      "wordHead": "corpse",
      "wordId": "IELTSluan_2_1382",
      "content": {
        "sentence": {
          "sentences": [
            {
              "sContent": "The corpse was found by children playing in the woods.",
              "sCn": "这具尸体是在林子里玩耍的孩子发现的。"
            }
          ],
          "desc": "例句"
        },
        "usphone": "kɔrps",
        "syno": {
          "synos": [
            {
              "pos": "n",
              "tran": "尸体",
              "hwds": [
                {
                  "w": "lich"
                },
                {
                  "w": "carcass"
                },
                {
                  "w": "Corse"
                },
                {
                  "w": "ptoma"
                }
              ]
            }
          ],
          "desc": "同近"
        },
        "ukphone": "kɔːps",
        "ukspeech": "corpse&type=1",
        "star": 0,
        "phone": "kɔ:ps",
        "speech": "corpse",
        "usspeech": "corpse&type=2",
        "trans": [
          {
            "tranCn": "尸体；被废弃的东西",
            "descOther": "英释",
            "descCn": "中释",
            "pos": "n",
            "tranOther": "the dead body of a person"
          }
        ]
      }
    }
  },
  "bookId": "IELTSluan_2"
}