{
  "wordRank": 1383,
  "headWord": "entity",
  "content": {
    "word": {
      "wordHead": "entity",
      "wordId": "IELTSluan_2_1383",
      "content": {
        "sentence": {
          "sentences": [
            {
              "sContent": "The mind exists as a separate entity.",
              "sCn": "思想作为一个独立的实体存在。"
            },
            {
              "sContent": "Good design brings a house and garden together as a single entity.",
              "sCn": "优秀的设计能把一所房子和花园合为一体。"
            }
          ],
          "desc": "例句"
        },
        "usphone": "'ɛntəti",
        "syno": {
          "synos": [
            {
              "pos": "n",
              "tran": "实体；存在；本质",
              "hwds": [
                {
                  "w": "presence"
                },
                {
                  "w": "existence"
                },
                {
                  "w": "essence"
                },
                {
                  "w": "principle"
                },
                {
                  "w": "texture"
                }
              ]
            }
          ],
          "desc": "同近"
        },
        "ukphone": "'entɪtɪ",
        "ukspeech": "entity&type=1",
        "star": 0,
        "phrase": {
          "phrases": [
            {
              "pContent": "legal entity",
              "pCn": "法人实体"
            },
            {
              "pContent": "economic entity",
              "pCn": "经济实体；经济单位"
            },
            {
              "pContent": "business entity",
              "pCn": "营业单位；企业单位"
            },
            {
              "pContent": "accounting entity",
              "pCn": "会计主体；会计单位"
            },
            {
              "pContent": "entity type",
              "pCn": "实体类型"
            },
            {
              "pContent": "separate legal entity",
              "pCn": "独立法人；独立法定单位实体"
            },
            {
              "pContent": "separate entity",
              "pCn": "单独实体；独立单位"
            }
          ],
          "desc": "短语"
        },
        "phone": "'entəti",
        "speech": "entity",
        "usspeech": "entity&type=2",
        "trans": [
          {
            "tranCn": "实体；存在",
            "descOther": "英释",
            "descCn": "中释",
            "pos": "n",
            "tranOther": "something that exists as a single and complete unit"
          }
        ]
      }
    }
  },
  "bookId": "IELTSluan_2"
}