{
  "wordRank": 1384,
  "headWord": "wander",
  "content": {
    "word": {
      "wordHead": "wander",
      "wordId": "IELTSluan_2_1384",
      "content": {
        "sentence": {
          "sentences": [
            {
              "sContent": "Don’t let any of the kids wander off.",
              "sCn": "不要让任何一个小孩走开去。"
            }
          ],
          "desc": "例句"
        },
        "usphone": "'wɑndɚ",
        "ukspeech": "wander&type=1",
        "star": 0,
        "usspeech": "wander&type=2",
        "syno": {
          "synos": [
            {
              "pos": "vi",
              "tran": "徘徊；漫步；迷路；离题",
              "hwds": [
                {
                  "w": "lose oneself"
                },
                {
                  "w": "hang about"
                }
              ]
            },
            {
              "pos": "vt",
              "tran": "游荡，漫游",
              "hwds": [
                {
                  "w": "range"
                },
                {
                  "w": "louse around"
                }
              ]
            }
          ],
          "desc": "同近"
        },
        "ukphone": "'wɒndə",
        "phrase": {
          "phrases": [
            {
              "pContent": "wander off",
              "pCn": "漫步；漫游；离群走散"
            },
            {
              "pContent": "wander about",
              "pCn": "徘徊；流浪；漫步"
            },
            {
              "pContent": "wander from",
              "pCn": "离题"
            },
            {
              "pContent": "baseline wander",
              "pCn": "基线漂移"
            }
          ],
          "desc": "短语"
        },
        "phone": "'wɔndə",
        "speech": "wander",
        "remMethod": {
          "val": " 在十字路口徘徊(wander)， 想知道(wonder)下一步该怎么走",
          "desc": "记忆"
        },
        "relWord": {
          "rels": [
            {
              "pos": "adj",
              "words": [
                {
                  "hwd": "wandering",
                  "tran": " 流浪的；漫游的，徘徊的；蜿蜒的"
                }
              ]
            },
            {
              "pos": "n",
              "words": [
                {
                  "hwd": "wandering",
                  "tran": " 闲逛；离题；神志恍惚"
                },
                {
                  "hwd": "wanderer",
                  "tran": " 流浪者；漫游者；迷路的动物"
                },
                {
                  "hwd": "wanderlust",
                  "tran": " 流浪癖；漫游癖；旅游热"
                }
              ]
            },
            {
              "pos": "v",
              "words": [
                {
                  "hwd": "wandering",
                  "tran": " 漫游；闲逛（wander的ing形式）"
                }
              ]
            }
          ],
          "desc": "同根"
        },
        "trans": [
          {
            "tranCn": "漫游；迷路；离题",
            "descOther": "英释",
            "descCn": "中释",
            "pos": "v",
            "tranOther": "to walk away from where you are supposed to stay"
          }
        ]
      }
    }
  },
  "bookId": "IELTSluan_2"
}