{
  "wordRank": 1385,
  "headWord": "acute",
  "content": {
    "word": {
      "wordHead": "acute",
      "wordId": "IELTSluan_2_1385",
      "content": {
        "sentence": {
          "sentences": [
            {
              "sContent": "acute arthritis",
              "sCn": "急性关节炎"
            }
          ],
          "desc": "例句"
        },
        "usphone": "ə'kjut",
        "syno": {
          "synos": [
            {
              "pos": "adj",
              "tran": "严重的，[医][植]急性的；[数][生物]敏锐的；激烈的；尖声的",
              "hwds": [
                {
                  "w": "serious"
                },
                {
                  "w": "bad"
                },
                {
                  "w": "keen"
                }
              ]
            }
          ],
          "desc": "同近"
        },
        "ukphone": "ə'kjuːt",
        "ukspeech": "acute&type=1",
        "star": 0,
        "phrase": {
          "phrases": [
            {
              "pContent": "acute myocardial infarction",
              "pCn": "急性心肌梗塞"
            },
            {
              "pContent": "acute pancreatitis",
              "pCn": "胰腺炎；急性胰腺炎"
            },
            {
              "pContent": "acute toxicity",
              "pCn": "急性毒性，急性中毒"
            },
            {
              "pContent": "acute leukemia",
              "pCn": "急性白血病"
            },
            {
              "pContent": "severe acute respiratory syndrome",
              "pCn": "严重急性呼吸系统综合症"
            },
            {
              "pContent": "acute appendicitis",
              "pCn": "急性阑尾炎"
            },
            {
              "pContent": "acute phase",
              "pCn": "急性期"
            },
            {
              "pContent": "acute abdomen",
              "pCn": "[医]急腹症"
            },
            {
              "pContent": "acute angle",
              "pCn": "锐角"
            },
            {
              "pContent": "acute disease",
              "pCn": "急性病"
            },
            {
              "pContent": "acute pain",
              "pCn": "急性痛；剧烈的疼痛"
            },
            {
              "pContent": "acute gastroenteritis",
              "pCn": "急性胃肠炎"
            },
            {
              "pContent": "acute bronchitis",
              "pCn": "急性支气管炎"
            },
            {
              "pContent": "acute infection",
              "pCn": "急性感染；急性传染"
            },
            {
              "pContent": "acute lymphocytic leukemia",
              "pCn": "急性淋巴细胞白血病；急性淋巴细菌性白血病"
            },
            {
              "pContent": "acute care",
              "pCn": "急性照护；急症护理"
            },
            {
              "pContent": "acute pyelonephritis",
              "pCn": "急性肾盂肾炎"
            },
            {
              "pContent": "acute gastritis",
              "pCn": "[医]急性胃炎"
            },
            {
              "pContent": "acute tonsillitis",
              "pCn": "急性扁桃体炎；急乳蛾"
            },
            {
              "pContent": "acute exposure",
              "pCn": "[核]急性照射"
            }
          ],
          "desc": "短语"
        },
        "phone": "ə'kju:t",
        "speech": "acute",
        "relWord": {
          "rels": [
            {
              "pos": "adv",
              "words": [
                {
                  "hwd": "acutely",
                  "tran": " 尖锐地；剧烈地"
                }
              ]
            },
            {
              "pos": "n",
              "words": [
                {
                  "hwd": "acuteness",
                  "tran": " 剧烈；敏锐；锐利"
                }
              ]
            }
          ],
          "desc": "同根"
        },
        "usspeech": "acute&type=2",
        "trans": [
          {
            "tranCn": "厉害的，敏锐的，(疾病等)急性的",
            "descOther": "英释",
            "descCn": "中释",
            "pos": "adj",
            "tranOther": "an acute illness or disease quickly becomes very serious"
          }
        ]
      }
    }
  },
  "bookId": "IELTSluan_2"
}