{
  "wordRank": 1386,
  "headWord": "delectable",
  "content": {
    "word": {
      "wordHead": "delectable",
      "wordId": "IELTSluan_2_1386",
      "content": {
        "sentence": {
          "sentences": [
            {
              "sContent": "Delectable smells rose from the kitchen.",
              "sCn": "厨房里传来诱人的香味。"
            }
          ],
          "desc": "例句"
        },
        "usphone": "dɪ'lɛktəbl",
        "syno": {
          "synos": [
            {
              "pos": "adj",
              "tran": "美味的；令人愉快的",
              "hwds": [
                {
                  "w": "delicious"
                },
                {
                  "w": "pleasant"
                },
                {
                  "w": "lovely"
                },
                {
                  "w": "grateful"
                }
              ]
            }
          ],
          "desc": "同近"
        },
        "ukphone": "dɪ'lektəb(ə)l",
        "ukspeech": "delectable&type=1",
        "star": 0,
        "phone": "di'lektəbl",
        "speech": "delectable",
        "relWord": {
          "rels": [
            {
              "pos": "n",
              "words": [
                {
                  "hwd": "delectation",
                  "tran": " 愉快；款待；享受"
                }
              ]
            }
          ],
          "desc": "同根"
        },
        "usspeech": "delectable&type=2",
        "trans": [
          {
            "tranCn": "使人愉快的；美味的",
            "descOther": "英释",
            "descCn": "中释",
            "pos": "adj",
            "tranOther": "extremely pleasant to taste or smell"
          }
        ]
      }
    }
  },
  "bookId": "IELTSluan_2"
}