{
  "wordRank": 1387,
  "headWord": "context",
  "content": {
    "word": {
      "wordHead": "context",
      "wordId": "IELTSluan_2_1387",
      "content": {
        "sentence": {
          "sentences": [
            {
              "sContent": "The meaning of ‘mad’ depends on its context. mad",
              "sCn": "一词的意义要视上下文而定。"
            }
          ],
          "desc": "例句"
        },
        "usphone": "'kɑntɛkst",
        "ukspeech": "context&type=1",
        "star": 0,
        "usspeech": "context&type=2",
        "syno": {
          "synos": [
            {
              "pos": "n",
              "tran": "环境；[计]上下文；来龙去脉",
              "hwds": [
                {
                  "w": "circumstance"
                },
                {
                  "w": "setting"
                },
                {
                  "w": "surrounding"
                },
                {
                  "w": "condition"
                }
              ]
            }
          ],
          "desc": "同近"
        },
        "ukphone": "'kɒntekst",
        "phrase": {
          "phrases": [
            {
              "pContent": "in the context of",
              "pCn": "在…情况下；在…背景下"
            },
            {
              "pContent": "in this context",
              "pCn": "关于这点；由此而论；由于这个原因；在这个背景下"
            },
            {
              "pContent": "cultural context",
              "pCn": "文化环境，文化脉络"
            },
            {
              "pContent": "social context",
              "pCn": "社会背景；社会环境；社会情境"
            },
            {
              "pContent": "context menu",
              "pCn": "上下文菜单；右键菜单；快显功能表；快捷菜单"
            },
            {
              "pContent": "linguistic context",
              "pCn": "语言语境；语言的前后关系"
            },
            {
              "pContent": "out of context",
              "pCn": "断章取义；脱离上下文"
            },
            {
              "pContent": "device context",
              "pCn": "设备描述表"
            },
            {
              "pContent": "context of situation",
              "pCn": "语言环境；情景上下文"
            },
            {
              "pContent": "context switch",
              "pCn": "上下文切换；环境切换；关联转换"
            }
          ],
          "desc": "短语"
        },
        "phone": "'kɔntekst",
        "speech": "context",
        "remMethod": {
          "val": " con(共同) + text(编织) → 共同编织在一起 → 上下文",
          "desc": "记忆"
        },
        "relWord": {
          "rels": [
            {
              "pos": "adj",
              "words": [
                {
                  "hwd": "contextual",
                  "tran": " 上下文的；前后关系的"
                }
              ]
            },
            {
              "pos": "adv",
              "words": [
                {
                  "hwd": "contextually",
                  "tran": " 从上下文；根据上下文"
                }
              ]
            },
            {
              "pos": "n",
              "words": [
                {
                  "hwd": "contexture",
                  "tran": " 组织，结构；编织（工艺或方式）"
                }
              ]
            }
          ],
          "desc": "同根"
        },
        "trans": [
          {
            "tranCn": "上下文，(事情)来龙去脉",
            "descOther": "英释",
            "descCn": "中释",
            "pos": "n",
            "tranOther": "the words that come just before and after a word or sentence and that help you understand its meaning"
          }
        ]
      }
    }
  },
  "bookId": "IELTSluan_2"
}