{
  "wordRank": 1388,
  "headWord": "dominate",
  "content": {
    "word": {
      "wordHead": "dominate",
      "wordId": "IELTSluan_2_1388",
      "content": {
        "sentence": {
          "sentences": [
            {
              "sContent": "The industry is dominated by five multinational companies.",
              "sCn": "这个行业受五家跨国公司控制。"
            },
            {
              "sContent": "New Orleans dominated throughout the game.",
              "sCn": "新奥尔良队自始至终都控制着这场比赛。"
            },
            {
              "sContent": "Her loud voice totally dominated the conversation.",
              "sCn": "她的大嗓门完全主导着这场谈话。"
            },
            {
              "sContent": "Education issues dominated the election campaign.",
              "sCn": "教育问题成了这次选举活动的主要辩题。"
            }
          ],
          "desc": "例句"
        },
        "usphone": "'dɑmɪnet",
        "ukspeech": "dominate&type=1",
        "star": 0,
        "usspeech": "dominate&type=2",
        "syno": {
          "synos": [
            {
              "pos": "vt",
              "tran": "控制；支配；占优势；在…中占主要地位",
              "hwds": [
                {
                  "w": "possess"
                },
                {
                  "w": "contain"
                },
                {
                  "w": "regulate"
                },
                {
                  "w": "bit"
                },
                {
                  "w": "bottle"
                }
              ]
            },
            {
              "pos": "vi",
              "tran": "占优势；处于支配地位",
              "hwds": [
                {
                  "w": "advantage over"
                },
                {
                  "w": "prevail over"
                }
              ]
            }
          ],
          "desc": "同近"
        },
        "ukphone": "'dɒmɪneɪt",
        "phrase": {
          "phrases": [
            {
              "pContent": "dominate the market",
              "pCn": "欺行霸市"
            }
          ],
          "desc": "短语"
        },
        "phone": "'dɔmineit",
        "speech": "dominate",
        "remMethod": {
          "val": " domin(统治) + ate → 支配， 统治",
          "desc": "记忆"
        },
        "relWord": {
          "rels": [
            {
              "pos": "adj",
              "words": [
                {
                  "hwd": "dominant",
                  "tran": " 显性的；占优势的；支配的，统治的"
                },
                {
                  "hwd": "dominated",
                  "tran": " 占主导地位的；强势的；占统治地位的；[数] 受控的"
                },
                {
                  "hwd": "dominating",
                  "tran": " 主要的；独裁的；专横的"
                }
              ]
            },
            {
              "pos": "n",
              "words": [
                {
                  "hwd": "dominant",
                  "tran": " 显性"
                },
                {
                  "hwd": "dominance",
                  "tran": " 优势；统治；支配"
                },
                {
                  "hwd": "domination",
                  "tran": " 控制；支配"
                },
                {
                  "hwd": "dominion",
                  "tran": " 主权，统治权；支配；领土"
                }
              ]
            },
            {
              "pos": "v",
              "words": [
                {
                  "hwd": "dominated",
                  "tran": " 控制，支配；处于支配地位（dominate的过去式）"
                },
                {
                  "hwd": "dominating",
                  "tran": " 支配；统治（dominate的ing形式）"
                }
              ]
            }
          ],
          "desc": "同根"
        },
        "trans": [
          {
            "tranCn": "统治，支配，俯瞰，俯视",
            "descOther": "英释",
            "descCn": "中释",
            "pos": "v",
            "tranOther": "to control someone or something or to have more importance than other people or things"
          }
        ]
      }
    }
  },
  "bookId": "IELTSluan_2"
}