{
  "wordRank": 1389,
  "headWord": "flyover",
  "content": {
    "word": {
      "wordHead": "flyover",
      "wordId": "IELTSluan_2_1389",
      "content": {
        "sentence": {
          "sentences": [
            {
              "sContent": "On the flyover near Balintawak station, I peer down at a chessboard of tin roofs.",
              "sContent_eng": "On the <b>flyover</b> near Balintawak station, I peer down at a chessboard of tin roofs.",
              "sSpeech": "On+the+flyover+near+Balintawak+station%2C+I+peer+down+at+a+chessboard+of+tin+roofs.&le=eng",
              "sCn": "在巴林塔瓦克火车站附近的一处立交桥上，我看见桥下如棋盘般的铁皮屋顶。"
            }
          ],
          "desc": "例句"
        },
        "usphone": "'flaɪovɚ",
        "syno": {
          "synos": [
            {
              "pos": "n",
              "tran": "天桥；立交桥；立交马路",
              "hwds": [
                {
                  "w": "platform bridge"
                },
                {
                  "w": "overhead bridge"
                }
              ]
            }
          ],
          "desc": "同近"
        },
        "ukphone": "'flaɪəʊvə",
        "ukspeech": "flyover&type=1",
        "star": 0,
        "phone": "'flaiəuvə",
        "speech": "flyover",
        "usspeech": "flyover&type=2",
        "trans": [
          {
            "tranCn": "公路上的陆桥",
            "descCn": "中释",
            "pos": "n"
          }
        ]
      }
    }
  },
  "bookId": "IELTSluan_2"
}