{
  "wordRank": 139,
  "headWord": "thermometer",
  "content": {
    "word": {
      "wordHead": "thermometer",
      "wordId": "IELTSluan_2_139",
      "content": {
        "sentence": {
          "sentences": [
            {
              "sContent": "The thermometer registered over 100˚C.",
              "sCn": "温度计显示高于100摄氏度。"
            }
          ],
          "desc": "例句"
        },
        "usphone": "θɚ'mɑmɪtɚ",
        "syno": {
          "synos": [
            {
              "pos": "n",
              "tran": "[仪]温度计；[医]体温计",
              "hwds": [
                {
                  "w": "temperature gauge"
                },
                {
                  "w": "temperature meter"
                }
              ]
            }
          ],
          "desc": "同近"
        },
        "ukphone": "θə'mɒmɪtə",
        "ukspeech": "thermometer&type=1",
        "star": 0,
        "phrase": {
          "phrases": [
            {
              "pContent": "infrared thermometer",
              "pCn": "红外测温仪；红外线温度计"
            },
            {
              "pContent": "digital thermometer",
              "pCn": "数字（式）温度计"
            },
            {
              "pContent": "clinical thermometer",
              "pCn": "体温计，体温表"
            },
            {
              "pContent": "resistance thermometer",
              "pCn": "电阻温度计"
            },
            {
              "pContent": "bimetallic thermometer",
              "pCn": "双金属温度计"
            }
          ],
          "desc": "短语"
        },
        "phone": "θə'mɔmitə",
        "speech": "thermometer",
        "relWord": {
          "rels": [
            {
              "pos": "adj",
              "words": [
                {
                  "hwd": "thermometric",
                  "tran": " 寒暑表的；温度计的"
                }
              ]
            },
            {
              "pos": "n",
              "words": [
                {
                  "hwd": "thermogram",
                  "tran": " 温度自记曲线"
                },
                {
                  "hwd": "thermograph",
                  "tran": " 温度记录器；[仪] 热录像仪"
                },
                {
                  "hwd": "thermography",
                  "tran": " [仪] 温度记录；[印刷] 热熔印刷"
                },
                {
                  "hwd": "thermometry",
                  "tran": " 温度测量；温度测定法；[物] 计温学"
                },
                {
                  "hwd": "thermoreceptor",
                  "tran": " [解剖] 温度感受器；热感受器"
                },
                {
                  "hwd": "thermoregulator",
                  "tran": " [自] 温度调节器；[仪] 调温器"
                }
              ]
            }
          ],
          "desc": "同根"
        },
        "usspeech": "thermometer&type=2",
        "trans": [
          {
            "tranCn": "温度计",
            "descOther": "英释",
            "descCn": "中释",
            "pos": "n",
            "tranOther": "a piece of equipment that measures the temperature of the air, of your body etc"
          }
        ]
      }
    }
  },
  "bookId": "IELTSluan_2"
}