{
  "wordRank": 1390,
  "headWord": "quaint",
  "content": {
    "word": {
      "wordHead": "quaint",
      "wordId": "IELTSluan_2_1390",
      "content": {
        "sentence": {
          "sentences": [
            {
              "sContent": "a quaint little village in Yorkshire",
              "sCn": "约克郡一个古色古香的小村庄"
            }
          ],
          "desc": "例句"
        },
        "usphone": "kwent",
        "syno": {
          "synos": [
            {
              "pos": "adj",
              "tran": "古雅的；奇怪的；离奇有趣的；做得很精巧的",
              "hwds": [
                {
                  "w": "strange"
                },
                {
                  "w": "peculiar"
                }
              ]
            }
          ],
          "desc": "同近"
        },
        "ukphone": "kweɪnt",
        "ukspeech": "quaint&type=1",
        "star": 0,
        "phone": "kweint",
        "speech": "quaint",
        "relWord": {
          "rels": [
            {
              "pos": "adv",
              "words": [
                {
                  "hwd": "quaintly",
                  "tran": " 离奇有趣地；古雅地；优雅地"
                }
              ]
            },
            {
              "pos": "n",
              "words": [
                {
                  "hwd": "quaintness",
                  "tran": " 离奇有趣；古怪之事物"
                }
              ]
            }
          ],
          "desc": "同根"
        },
        "usspeech": "quaint&type=2",
        "trans": [
          {
            "tranCn": "古雅的；离奇的",
            "descOther": "英释",
            "descCn": "中释",
            "pos": "adj",
            "tranOther": "unusual and attractive, especially in an old-fashioned way"
          }
        ]
      }
    }
  },
  "bookId": "IELTSluan_2"
}