{
  "wordRank": 1391,
  "headWord": "dispose",
  "content": {
    "word": {
      "wordHead": "dispose",
      "wordId": "IELTSluan_2_1391",
      "content": {
        "sentence": {
          "sentences": [
            {
              "sContent": "Chinese vases are disposed around the gallery.",
              "sCn": "中国花瓶摆放在展馆四周。"
            }
          ],
          "desc": "例句"
        },
        "usphone": "dɪ'spoz",
        "syno": {
          "synos": [
            {
              "pos": "vt",
              "tran": "处理；处置；安排",
              "hwds": [
                {
                  "w": "schedule"
                },
                {
                  "w": "budget"
                },
                {
                  "w": "settle"
                },
                {
                  "w": "place in"
                },
                {
                  "w": "cope with"
                }
              ]
            },
            {
              "pos": "vi",
              "tran": "处理；安排；（能够）决定",
              "hwds": [
                {
                  "w": "manage"
                },
                {
                  "w": "place in"
                },
                {
                  "w": "cope with"
                }
              ]
            },
            {
              "pos": "n",
              "tran": "处置；性情",
              "hwds": [
                {
                  "w": "make"
                },
                {
                  "w": "temperament"
                }
              ]
            }
          ],
          "desc": "同近"
        },
        "ukphone": "dɪ'spəʊz",
        "ukspeech": "dispose&type=1",
        "star": 0,
        "phrase": {
          "phrases": [
            {
              "pContent": "dispose of",
              "pCn": "处理；转让；解决；吃光；除掉；卖掉"
            }
          ],
          "desc": "短语"
        },
        "phone": "dis'pəuz",
        "speech": "dispose",
        "relWord": {
          "rels": [
            {
              "pos": "adj",
              "words": [
                {
                  "hwd": "disposable",
                  "tran": " 可任意处理的；可自由使用的；用完即可丢弃的"
                },
                {
                  "hwd": "disposed",
                  "tran": " 有…倾向的；打算做…的；有某种健康状态的"
                }
              ]
            },
            {
              "pos": "n",
              "words": [
                {
                  "hwd": "disposal",
                  "tran": " 处理；支配；清理；安排"
                },
                {
                  "hwd": "disposition",
                  "tran": " 处置；[心理] 性情；[军] 部署；倾向"
                }
              ]
            },
            {
              "pos": "v",
              "words": [
                {
                  "hwd": "disposed",
                  "tran": " 处理；配置；使适应（dispose的过去分词）；使有倾向"
                }
              ]
            }
          ],
          "desc": "同根"
        },
        "usspeech": "dispose&type=2",
        "trans": [
          {
            "tranCn": "处理，处置，除去",
            "descOther": "英释",
            "descCn": "中释",
            "pos": "v",
            "tranOther": "to arrange things or put them in their places"
          }
        ]
      }
    }
  },
  "bookId": "IELTSluan_2"
}