{
  "wordRank": 1392,
  "headWord": "regulate",
  "content": {
    "word": {
      "wordHead": "regulate",
      "wordId": "IELTSluan_2_1392",
      "content": {
        "sentence": {
          "sentences": [
            {
              "sContent": "strict rules regulating the use of chemicals in food",
              "sCn": "限制化学品在食物中使用的严格规定"
            }
          ],
          "desc": "例句"
        },
        "usphone": "'rɛɡjulet",
        "syno": {
          "synos": [
            {
              "pos": "vt",
              "tran": "调节，规定；控制；校准；有系统的管理",
              "hwds": [
                {
                  "w": "possess"
                },
                {
                  "w": "define"
                },
                {
                  "w": "contain"
                },
                {
                  "w": "manage"
                },
                {
                  "w": "state"
                }
              ]
            }
          ],
          "desc": "同近"
        },
        "ukphone": "'regjʊleɪt",
        "ukspeech": "regulate&type=1",
        "star": 0,
        "phone": "'reɡjuleit",
        "speech": "regulate",
        "remMethod": {
          "val": " reg(统治) + ul + ate(动词后缀) → 统治并加以管理 → 管制",
          "desc": "记忆"
        },
        "relWord": {
          "rels": [
            {
              "pos": "adj",
              "words": [
                {
                  "hwd": "regulation",
                  "tran": " 规定的；平常的"
                },
                {
                  "hwd": "regulatory",
                  "tran": " 管理的；控制的；调整的"
                },
                {
                  "hwd": "regulative",
                  "tran": " 调整的，调节的；管制的"
                }
              ]
            },
            {
              "pos": "n",
              "words": [
                {
                  "hwd": "regulation",
                  "tran": " 管理；规则；校准"
                },
                {
                  "hwd": "regulator",
                  "tran": " 调整者；校准器"
                }
              ]
            }
          ],
          "desc": "同根"
        },
        "usspeech": "regulate&type=2",
        "trans": [
          {
            "tranCn": "管理，控制；调整",
            "descOther": "英释",
            "descCn": "中释",
            "pos": "v",
            "tranOther": "to control an activity or process, especially by rules"
          }
        ]
      }
    }
  },
  "bookId": "IELTSluan_2"
}