{
  "wordRank": 1393,
  "headWord": "antibiotic",
  "content": {
    "word": {
      "wordHead": "antibiotic",
      "wordId": "IELTSluan_2_1393",
      "content": {
        "sentence": {
          "sentences": [
            {
              "sContent": "Your doctor may prescribe antibiotics.",
              "sCn": "你的大夫可能会开抗生素。"
            }
          ],
          "desc": "例句"
        },
        "usphone": ",æntɪbaɪ'ɑtɪk; ˌæntaɪ-",
        "syno": {
          "synos": [
            {
              "pos": "adj",
              "tran": "[药][微]抗生的；抗菌的",
              "hwds": [
                {
                  "w": "germproof"
                }
              ]
            },
            {
              "pos": "n",
              "tran": "[药]抗生素，[微]抗菌素",
              "hwds": [
                {
                  "w": "microbiotic"
                },
                {
                  "w": "bacteriophage"
                }
              ]
            }
          ],
          "desc": "同近"
        },
        "ukphone": ",æntɪbaɪ'ɒtɪk",
        "ukspeech": "antibiotic&type=1",
        "star": 0,
        "phrase": {
          "phrases": [
            {
              "pContent": "antibiotic resistance",
              "pCn": "抗生素抗性；抗菌素耐药性"
            },
            {
              "pContent": "broad spectrum antibiotic",
              "pCn": "广谱抗菌素"
            }
          ],
          "desc": "短语"
        },
        "phone": ",æntibai'ɔtik",
        "speech": "antibiotic",
        "remMethod": {
          "val": " anti(反) + bio(生命) + tic → 抗生素",
          "desc": "记忆"
        },
        "usspeech": "antibiotic&type=2",
        "trans": [
          {
            "tranCn": "抗生素；抗菌的",
            "descOther": "英释",
            "descCn": "中释",
            "pos": "n&a",
            "tranOther": "a drug that is used to kill  bacteria  and cure infections"
          }
        ]
      }
    }
  },
  "bookId": "IELTSluan_2"
}