{
  "wordRank": 1394,
  "headWord": "influence",
  "content": {
    "word": {
      "wordHead": "influence",
      "wordId": "IELTSluan_2_1394",
      "content": {
        "sentence": {
          "sentences": [
            {
              "sContent": "As a scientist, his influence was immense.",
              "sCn": "身为一名科学家，他的影响力极大。"
            }
          ],
          "desc": "例句"
        },
        "usphone": "'ɪnfluəns",
        "syno": {
          "synos": [
            {
              "pos": "n",
              "tran": "影响；势力；感化；有影响的人或事",
              "hwds": [
                {
                  "w": "effect"
                },
                {
                  "w": "infection"
                },
                {
                  "w": "impression"
                },
                {
                  "w": "affection"
                },
                {
                  "w": "incidence"
                }
              ]
            },
            {
              "pos": "vt",
              "tran": "影响；改变",
              "hwds": [
                {
                  "w": "affect"
                },
                {
                  "w": "impact of"
                },
                {
                  "w": "impact on"
                },
                {
                  "w": "reach"
                },
                {
                  "w": "fashion"
                }
              ]
            }
          ],
          "desc": "同近"
        },
        "ukphone": "'ɪnflʊəns",
        "ukspeech": "influence&type=1",
        "star": 0,
        "phrase": {
          "phrases": [
            {
              "pContent": "influence on",
              "pCn": "对…的影响"
            },
            {
              "pContent": "under the influence",
              "pCn": "酒醉的"
            },
            {
              "pContent": "influence in",
              "pCn": "干涉；介入"
            },
            {
              "pContent": "under the influence of",
              "pCn": "在…的影响之下"
            },
            {
              "pContent": "influence factor",
              "pCn": "n. 影响因素；电话干扰系数"
            },
            {
              "pContent": "negative influence",
              "pCn": "不利影响；消极作用；负影响"
            },
            {
              "pContent": "direct influence",
              "pCn": "直接影响"
            },
            {
              "pContent": "bad influence",
              "pCn": "坏影响"
            },
            {
              "pContent": "positive influence",
              "pCn": "正面影响，积极影响"
            },
            {
              "pContent": "have influence on",
              "pCn": "对...有影响"
            },
            {
              "pContent": "social influence",
              "pCn": "社会影响"
            },
            {
              "pContent": "environmental influence",
              "pCn": "环境影响"
            },
            {
              "pContent": "influence coefficient",
              "pCn": "影响系数"
            },
            {
              "pContent": "sphere of influence",
              "pCn": "势力范围；影响范围"
            },
            {
              "pContent": "influence area",
              "pCn": "影响区域"
            },
            {
              "pContent": "undue influence",
              "pCn": "n. 不正当影响；[律]不正当压力"
            },
            {
              "pContent": "external influence",
              "pCn": "外部影响；外来因素；外界影响"
            },
            {
              "pContent": "influence line",
              "pCn": "[物]影响线"
            },
            {
              "pContent": "exert an influence on",
              "pCn": "对……产生影响"
            },
            {
              "pContent": "influence matrix",
              "pCn": "影响线矩阵"
            }
          ],
          "desc": "短语"
        },
        "phone": "'influəns",
        "speech": "influence",
        "relWord": {
          "rels": [
            {
              "pos": "adj",
              "words": [
                {
                  "hwd": "influential",
                  "tran": " 有影响的；有势力的"
                },
                {
                  "hwd": "influent",
                  "tran": " 流入的"
                }
              ]
            },
            {
              "pos": "adv",
              "words": [
                {
                  "hwd": "influentially",
                  "tran": " 有影响地；有力地"
                }
              ]
            },
            {
              "pos": "n",
              "words": [
                {
                  "hwd": "influent",
                  "tran": " 支流"
                }
              ]
            }
          ],
          "desc": "同根"
        },
        "usspeech": "influence&type=2",
        "trans": [
          {
            "tranCn": "影响(力)，感化(力)，有影响的人或事",
            "descOther": "英释",
            "descCn": "中释",
            "pos": "n&vt",
            "tranOther": "the power to affect the way someone or something develops, behaves, or thinks, without using direct force or orders"
          }
        ]
      }
    }
  },
  "bookId": "IELTSluan_2"
}