{
  "wordRank": 1395,
  "headWord": "vein",
  "content": {
    "word": {
      "wordHead": "vein",
      "wordId": "IELTSluan_2_1395",
      "content": {
        "sentence": {
          "sentences": [
            {
              "sContent": "the pulmonary vein",
              "sCn": "肺静脉"
            },
            {
              "sContent": "She felt the blood racing through her veins as they kissed.",
              "sCn": "他们接吻时她觉得热血沸腾。"
            }
          ],
          "desc": "例句"
        },
        "usphone": "ven",
        "syno": {
          "synos": [
            {
              "pos": "n",
              "tran": "血管；[植]叶脉；[地质]岩脉；[木]纹理；[昆]翅脉；性情",
              "hwds": [
                {
                  "w": "vessel"
                },
                {
                  "w": "texture"
                },
                {
                  "w": "grain"
                },
                {
                  "w": "nerve"
                },
                {
                  "w": "disposition"
                }
              ]
            }
          ],
          "desc": "同近"
        },
        "ukphone": "veɪn",
        "ukspeech": "vein&type=1",
        "star": 0,
        "phrase": {
          "phrases": [
            {
              "pContent": "portal vein",
              "pCn": "n. 门静脉"
            },
            {
              "pContent": "quartz vein",
              "pCn": "石英脉"
            },
            {
              "pContent": "saphenous vein",
              "pCn": "n. [医]隐静脉"
            },
            {
              "pContent": "umbilical vein",
              "pCn": "脐静脉"
            },
            {
              "pContent": "deep vein thrombosis",
              "pCn": "[心脏病学]深静脉血栓形成"
            },
            {
              "pContent": "jugular vein",
              "pCn": "颈静脉"
            },
            {
              "pContent": "femoral vein",
              "pCn": "股静脉"
            },
            {
              "pContent": "hepatic vein",
              "pCn": "肝静脉；肝门静脉"
            },
            {
              "pContent": "great saphenous vein",
              "pCn": "大隐静脉"
            },
            {
              "pContent": "varicose vein",
              "pCn": "n. 静脉曲张，静脉瘤"
            },
            {
              "pContent": "pulmonary vein",
              "pCn": "肺静脉"
            },
            {
              "pContent": "renal vein",
              "pCn": "[人体]肾静脉"
            },
            {
              "pContent": "subclavian vein",
              "pCn": "锁骨下静脉"
            },
            {
              "pContent": "vein deposit",
              "pCn": "脉矿床"
            },
            {
              "pContent": "caudal vein",
              "pCn": "臀脉，尾静脉"
            },
            {
              "pContent": "axillary vein",
              "pCn": "腋静脉；腋脉"
            },
            {
              "pContent": "hepatic portal vein",
              "pCn": "肝门静脉"
            }
          ],
          "desc": "短语"
        },
        "phone": "vein",
        "speech": "vein",
        "relWord": {
          "rels": [
            {
              "pos": "adj",
              "words": [
                {
                  "hwd": "veinal",
                  "tran": " 静脉的；矿脉的；翅脉的"
                }
              ]
            }
          ],
          "desc": "同根"
        },
        "usspeech": "vein&type=2",
        "trans": [
          {
            "tranCn": "静脉，叶脉；(石头)纹理；矿脉",
            "descOther": "英释",
            "descCn": "中释",
            "pos": "n",
            "tranOther": "one of the tubes which carries blood to your heart from other parts of your body"
          }
        ]
      }
    }
  },
  "bookId": "IELTSluan_2"
}