{
  "wordRank": 1396,
  "headWord": "obsession",
  "content": {
    "word": {
      "wordHead": "obsession",
      "wordId": "IELTSluan_2_1396",
      "content": {
        "usphone": "əb'sɛʃ(ə)n",
        "syno": {
          "synos": [
            {
              "pos": "n",
              "tran": "痴迷；困扰；[内科][心理]强迫观念",
              "hwds": [
                {
                  "w": "besetment"
                },
                {
                  "w": "obsessive idea"
                }
              ]
            }
          ],
          "desc": "同近"
        },
        "ukphone": "əb'seʃ(ə)n",
        "ukspeech": "obsession&type=1",
        "star": 0,
        "phone": "əb'seʃən, ɔb-",
        "speech": "obsession",
        "remMethod": {
          "val": " ob(逆) + sess(=sit坐) + ion → 坐立不安 → 困扰",
          "desc": "记忆"
        },
        "relWord": {
          "rels": [
            {
              "pos": "adj",
              "words": [
                {
                  "hwd": "obsessive",
                  "tran": " 强迫性的；着迷的；分神的"
                },
                {
                  "hwd": "obsessional",
                  "tran": " 摆脱不了的"
                }
              ]
            },
            {
              "pos": "adv",
              "words": [
                {
                  "hwd": "obsessively",
                  "tran": " 过分地；着迷地，着魔似地"
                }
              ]
            },
            {
              "pos": "n",
              "words": [
                {
                  "hwd": "obsessiveness",
                  "tran": " 执念"
                }
              ]
            },
            {
              "pos": "vt",
              "words": [
                {
                  "hwd": "obsess",
                  "tran": " 迷住，缠住；使…着迷；使…困扰"
                }
              ]
            }
          ],
          "desc": "同根"
        },
        "usspeech": "obsession&type=2",
        "trans": [
          {
            "tranCn": "缠住，被困扰；观念固执，死脑筋",
            "descCn": "中释",
            "pos": "n"
          }
        ]
      }
    }
  },
  "bookId": "IELTSluan_2"
}