{
  "wordRank": 1397,
  "headWord": "capital",
  "content": {
    "word": {
      "wordHead": "capital",
      "wordId": "IELTSluan_2_1397",
      "content": {
        "sentence": {
          "sentences": [
            {
              "sContent": "Washington D.C., the capital of the United States",
              "sCn": "美国首都华盛顿特区"
            }
          ],
          "desc": "例句"
        },
        "usphone": "'kæpɪtl",
        "syno": {
          "synos": [
            {
              "pos": "n",
              "tran": "首都，省会；[会计]资金；大写字母；资本家",
              "hwds": [
                {
                  "w": "fund"
                },
                {
                  "w": "upper case"
                }
              ]
            },
            {
              "pos": "adj",
              "tran": "首都的；重要的；大写的",
              "hwds": [
                {
                  "w": "crucial"
                },
                {
                  "w": "important"
                },
                {
                  "w": "considerable"
                },
                {
                  "w": "material"
                },
                {
                  "w": "big"
                }
              ]
            }
          ],
          "desc": "同近"
        },
        "ukphone": "'kæpɪt(ə)l",
        "ukspeech": "capital&type=1",
        "star": 0,
        "phrase": {
          "phrases": [
            {
              "pContent": "capital market",
              "pCn": "资本市场"
            },
            {
              "pContent": "foreign capital",
              "pCn": "外国资本，外资"
            },
            {
              "pContent": "human capital",
              "pCn": "人力资本，技能资本"
            },
            {
              "pContent": "venture capital",
              "pCn": "风险资本，风险投资"
            },
            {
              "pContent": "capital investment",
              "pCn": "资本投资"
            },
            {
              "pContent": "capital structure",
              "pCn": "资本结构"
            },
            {
              "pContent": "social capital",
              "pCn": "n. 社会资本（指交通、卫生、通信等基本设施）"
            },
            {
              "pContent": "capital construction",
              "pCn": "基本建设"
            },
            {
              "pContent": "capital city",
              "pCn": "首都"
            },
            {
              "pContent": "provincial capital",
              "pCn": "省会"
            },
            {
              "pContent": "registered capital",
              "pCn": "注册资本；登记资本额"
            },
            {
              "pContent": "capital fund",
              "pCn": "资本基金"
            },
            {
              "pContent": "private capital",
              "pCn": "私人资本"
            },
            {
              "pContent": "capital flow",
              "pCn": "资本流动；资金流量"
            },
            {
              "pContent": "working capital",
              "pCn": "营运资本；运用资本"
            },
            {
              "pContent": "capital account",
              "pCn": "资本性帐户；固定资产帐户"
            },
            {
              "pContent": "intellectual capital",
              "pCn": "知识资本；智慧资本"
            },
            {
              "pContent": "national capital",
              "pCn": "国家资本"
            },
            {
              "pContent": "capital cost",
              "pCn": "[经]资本成本"
            },
            {
              "pContent": "financial capital",
              "pCn": "[经]金融资本"
            }
          ],
          "desc": "短语"
        },
        "phone": "'kæpitəl",
        "speech": "capital",
        "relWord": {
          "rels": [
            {
              "pos": "adj",
              "words": [
                {
                  "hwd": "capitalist",
                  "tran": " 资本主义的；资本家的"
                },
                {
                  "hwd": "capitalistic",
                  "tran": " 资本主义的；资本家的"
                }
              ]
            },
            {
              "pos": "adv",
              "words": [
                {
                  "hwd": "capitally",
                  "tran": " 极佳地"
                }
              ]
            },
            {
              "pos": "n",
              "words": [
                {
                  "hwd": "capitalism",
                  "tran": " 资本主义"
                },
                {
                  "hwd": "capitalist",
                  "tran": " 资本家；资本主义者"
                },
                {
                  "hwd": "capitalization",
                  "tran": " 资本化；资本总额；用大写"
                },
                {
                  "hwd": "capitalisation",
                  "tran": " 市值（等于capitalization）；（英）资本化"
                }
              ]
            },
            {
              "pos": "vi",
              "words": [
                {
                  "hwd": "capitalize",
                  "tran": " 利用；积累资本"
                },
                {
                  "hwd": "capitalise",
                  "tran": " 利用（等于capitalize）"
                }
              ]
            },
            {
              "pos": "vt",
              "words": [
                {
                  "hwd": "capitalize",
                  "tran": " 使资本化；以大写字母写；估计…的价值"
                },
                {
                  "hwd": "capitalise",
                  "tran": " 用大写字母书写；投资于"
                }
              ]
            }
          ],
          "desc": "同根"
        },
        "usspeech": "capital&type=2",
        "trans": [
          {
            "tranCn": "资本，大写字母；首都",
            "descOther": "英释",
            "descCn": "中释",
            "pos": "n",
            "tranOther": "an important city where the main government of a country, state etc is"
          },
          {
            "tranCn": "可处死刑的",
            "descOther": "英释",
            "descCn": "中释",
            "pos": "adj",
            "tranOther": "an offence that is punished by death"
          }
        ]
      }
    }
  },
  "bookId": "IELTSluan_2"
}