{
  "wordRank": 1398,
  "headWord": "swerve",
  "content": {
    "word": {
      "wordHead": "swerve",
      "wordId": "IELTSluan_2_1398",
      "content": {
        "sentence": {
          "sentences": [
            {
              "sContent": "Drivers coming in the opposite direction swerved to avoid the bodies.",
              "sCn": "从反方向过来的司机们突然转向以避开这些尸体。"
            }
          ],
          "desc": "例句"
        },
        "usphone": "swɝv",
        "syno": {
          "synos": [
            {
              "pos": "vi",
              "tran": "转弯；突然转向；背离",
              "hwds": [
                {
                  "w": "make a turn"
                },
                {
                  "w": "bend"
                }
              ]
            },
            {
              "pos": "n",
              "tran": "转向；偏离的程度",
              "hwds": [
                {
                  "w": "turning"
                },
                {
                  "w": "obversion"
                }
              ]
            }
          ],
          "desc": "同近"
        },
        "ukphone": "swɜːv",
        "ukspeech": "swerve&type=1",
        "star": 0,
        "phone": "swə:v",
        "speech": "swerve",
        "usspeech": "swerve&type=2",
        "trans": [
          {
            "tranCn": "突然转向",
            "descOther": "英释",
            "descCn": "中释",
            "pos": "vt&vi",
            "tranOther": "to make a sudden sideways movement while moving forwards, usually in order to avoid hitting something"
          }
        ]
      }
    }
  },
  "bookId": "IELTSluan_2"
}