{
  "wordRank": 1399,
  "headWord": "remnant",
  "content": {
    "word": {
      "wordHead": "remnant",
      "wordId": "IELTSluan_2_1399",
      "content": {
        "sentence": {
          "sentences": [
            {
              "sContent": "Beneath the present church were remnants of Roman flooring.",
              "sCn": "在目前的这座教堂下面还有残余的古罗马地板。"
            }
          ],
          "desc": "例句"
        },
        "usphone": "'rɛmnənt",
        "syno": {
          "synos": [
            {
              "pos": "n",
              "tran": "剩余",
              "hwds": [
                {
                  "w": "surplus"
                },
                {
                  "w": "residual"
                },
                {
                  "w": "spare"
                }
              ]
            },
            {
              "pos": "adj",
              "tran": "剩余的",
              "hwds": [
                {
                  "w": "remaining"
                },
                {
                  "w": "surplus"
                },
                {
                  "w": "residual"
                },
                {
                  "w": "odd"
                }
              ]
            }
          ],
          "desc": "同近"
        },
        "ukphone": "'remnənt",
        "ukspeech": "remnant&type=1",
        "star": 0,
        "phrase": {
          "phrases": [
            {
              "pContent": "supernova remnant",
              "pCn": "超新星遗迹，超新星残骸"
            }
          ],
          "desc": "短语"
        },
        "phone": "'remnənt",
        "speech": "remnant",
        "usspeech": "remnant&type=2",
        "trans": [
          {
            "tranCn": "残(剩)余",
            "descOther": "英释",
            "descCn": "中释",
            "pos": "n",
            "tranOther": "a small part of something that remains after the rest of it has been used, destroyed, or eaten"
          }
        ]
      }
    }
  },
  "bookId": "IELTSluan_2"
}