{
  "wordRank": 14,
  "headWord": "scratch",
  "content": {
    "word": {
      "wordHead": "scratch",
      "wordId": "IELTSluan_2_14",
      "content": {
        "sentence": {
          "sentences": [
            {
              "sContent": "John yawned and scratched his leg.",
              "sCn": "约翰打了个呵欠，挠了挠腿。"
            },
            {
              "sContent": "Try not to scratch.",
              "sCn": "尽量别挠。"
            }
          ],
          "desc": "例句"
        },
        "usphone": "skrætʃ",
        "syno": {
          "synos": [
            {
              "pos": "n",
              "tran": "擦伤；抓痕；刮擦声；乱写",
              "hwds": [
                {
                  "w": "abrasion"
                },
                {
                  "w": "brush-burn"
                }
              ]
            },
            {
              "pos": "adj",
              "tran": "打草稿用的；凑合的；碰巧的",
              "hwds": [
                {
                  "w": "hit-and-miss"
                }
              ]
            },
            {
              "pos": "vt",
              "tran": "抓；刮；挖出；乱涂",
              "hwds": [
                {
                  "w": "paw"
                },
                {
                  "w": "hent"
                }
              ]
            },
            {
              "pos": "vi",
              "tran": "抓；搔；发刮擦声；勉强糊口；退出比赛",
              "hwds": [
                {
                  "w": "grasp"
                },
                {
                  "w": "strike"
                }
              ]
            }
          ],
          "desc": "同近"
        },
        "ukphone": "skrætʃ",
        "ukspeech": "scratch&type=1",
        "star": 0,
        "phrase": {
          "phrases": [
            {
              "pContent": "from scratch",
              "pCn": "白手起家；从头做起"
            },
            {
              "pContent": "start from scratch",
              "pCn": "从头开始；白手起家；从起跑线开始"
            },
            {
              "pContent": "up to scratch",
              "pCn": "达到标准"
            },
            {
              "pContent": "without a scratch",
              "pCn": "一点儿也没受伤，安然无恙"
            },
            {
              "pContent": "scratch the surface",
              "pCn": "只做了肤浅的研究；不深刻，不周详"
            },
            {
              "pContent": "scratch for oneself",
              "pCn": "[美国口语]关心自身利益"
            },
            {
              "pContent": "scratch line",
              "pCn": "n. 起跑线"
            },
            {
              "pContent": "on scratch",
              "pCn": "准时，正点"
            },
            {
              "pContent": "scratch resistance",
              "pCn": "抗划伤；耐擦伤性"
            },
            {
              "pContent": "starting from scratch",
              "pCn": "白手起家；从零开始"
            },
            {
              "pContent": "scratch resistant",
              "pCn": "耐划伤性"
            },
            {
              "pContent": "scratch test",
              "pCn": "过敏性测验；划痕试验"
            }
          ],
          "desc": "短语"
        },
        "phone": "skrætʃ",
        "speech": "scratch",
        "relWord": {
          "rels": [
            {
              "pos": "adj",
              "words": [
                {
                  "hwd": "scratchy",
                  "tran": " 潦草的；刺痒的；草率的；发刮擦声的"
                }
              ]
            },
            {
              "pos": "n",
              "words": [
                {
                  "hwd": "scratcher",
                  "tran": " 抓扒者；抓扒工具"
                }
              ]
            }
          ],
          "desc": "同根"
        },
        "usspeech": "scratch&type=2",
        "trans": [
          {
            "tranCn": "抓；搔，挖",
            "descOther": "英释",
            "descCn": "中释",
            "pos": "v",
            "tranOther": "to rub your skin with your nails because it feels uncomfortable"
          },
          {
            "tranCn": "抓痕，擦伤",
            "descOther": "英释",
            "descCn": "中释",
            "pos": "n",
            "tranOther": "a small cut on someone’s skin"
          }
        ]
      }
    }
  },
  "bookId": "IELTSluan_2"
}