{
  "wordRank": 140,
  "headWord": "advertise",
  "content": {
    "word": {
      "wordHead": "advertise",
      "wordId": "IELTSluan_2_140",
      "content": {
        "sentence": {
          "sentences": [
            {
              "sContent": "They no longer advertise alcohol or cigarettes at sporting events.",
              "sCn": "他们不再在体育赛事上做烟酒广告了。"
            },
            {
              "sContent": "Colleges and universities have found that it pays to advertise (=  advertising brings good results  ) .",
              "sCn": "大专院校发现做广告效果很好。"
            }
          ],
          "desc": "例句"
        },
        "usphone": "'ædvɚtaɪz",
        "syno": {
          "synos": [
            {
              "pos": "vt",
              "tran": "通知；为…做广告；使突出",
              "hwds": [
                {
                  "w": "message"
                },
                {
                  "w": "instruct"
                }
              ]
            }
          ],
          "desc": "同近"
        },
        "ukphone": "'ædvətaɪz",
        "ukspeech": "advertise&type=1",
        "star": 0,
        "phrase": {
          "phrases": [
            {
              "pContent": "advertise for",
              "pCn": "登广告征求（寻找）某物；登招请（待聘等）广告"
            }
          ],
          "desc": "短语"
        },
        "phone": "'ædvətaiz",
        "speech": "advertise",
        "relWord": {
          "rels": [
            {
              "pos": "adj",
              "words": [
                {
                  "hwd": "advertising",
                  "tran": " 广告的；广告业的"
                },
                {
                  "hwd": "advertised",
                  "tran": " 广告的"
                },
                {
                  "hwd": "advertizing",
                  "tran": " 广告的；广告业务的"
                }
              ]
            },
            {
              "pos": "n",
              "words": [
                {
                  "hwd": "advertisement",
                  "tran": " 广告，宣传"
                },
                {
                  "hwd": "advertising",
                  "tran": " 广告；广告业；登广告"
                },
                {
                  "hwd": "advert",
                  "tran": " 广告"
                },
                {
                  "hwd": "advertiser",
                  "tran": " 广告客户；刊登广告的人"
                },
                {
                  "hwd": "advertorial",
                  "tran": " 社论式广告（指常作为杂志中心插页的正式广告文字）"
                },
                {
                  "hwd": "advertizer",
                  "tran": " 广告客户；广告者"
                },
                {
                  "hwd": "advertizing",
                  "tran": " 广告，广告活动；广告业"
                }
              ]
            },
            {
              "pos": "v",
              "words": [
                {
                  "hwd": "advertising",
                  "tran": " 公告；为…做广告（advertise的ing形式）"
                },
                {
                  "hwd": "advertizing",
                  "tran": " 登广告（advertize的ing形式）"
                }
              ]
            },
            {
              "pos": "vi",
              "words": [
                {
                  "hwd": "advert",
                  "tran": " 注意；谈到"
                },
                {
                  "hwd": "advertised",
                  "tran": " 登广告（advertise的过去式和过去分词）"
                },
                {
                  "hwd": "advertize",
                  "tran": " 做广告"
                }
              ]
            },
            {
              "pos": "vt",
              "words": [
                {
                  "hwd": "advertize",
                  "tran": " 做广告，登广告；通知"
                }
              ]
            }
          ],
          "desc": "同根"
        },
        "usspeech": "advertise&type=2",
        "trans": [
          {
            "tranCn": "做广告",
            "descOther": "英释",
            "descCn": "中释",
            "pos": "v",
            "tranOther": "to tell the public about a product or service in order to persuade them to buy it"
          }
        ]
      }
    }
  },
  "bookId": "IELTSluan_2"
}