{
  "wordRank": 1400,
  "headWord": "tilt",
  "content": {
    "word": {
      "wordHead": "tilt",
      "wordId": "IELTSluan_2_1400",
      "content": {
        "sentence": {
          "sentences": [
            {
              "sContent": "My mother tilted her head and smiled.",
              "sCn": "我妈妈歪着头笑了。"
            },
            {
              "sContent": "Ned’s mouth tilted upwards slightly at the corners.",
              "sCn": "内德的嘴角微微翘起。"
            }
          ],
          "desc": "例句"
        },
        "usphone": "tɪlt",
        "syno": {
          "synos": [
            {
              "pos": "vi",
              "tran": "[航][气象]倾斜；翘起；以言词或文字抨击",
              "hwds": [
                {
                  "w": "pitch"
                },
                {
                  "w": "slope"
                },
                {
                  "w": "lean"
                }
              ]
            },
            {
              "pos": "vt",
              "tran": "[航][气象]使倾斜；使翘起",
              "hwds": [
                {
                  "w": "slope"
                },
                {
                  "w": "lean"
                }
              ]
            },
            {
              "pos": "n",
              "tran": "[航][气象]倾斜",
              "hwds": [
                {
                  "w": "slope"
                },
                {
                  "w": "pitch"
                },
                {
                  "w": "clino"
                }
              ]
            }
          ],
          "desc": "同近"
        },
        "ukphone": "tɪlt",
        "ukspeech": "tilt&type=1",
        "star": 0,
        "phrase": {
          "phrases": [
            {
              "pContent": "tilt angle",
              "pCn": "倾斜角"
            },
            {
              "pContent": "tilt table",
              "pCn": "倾斜台；摆动升降台"
            },
            {
              "pContent": "at full tilt",
              "pCn": "全速地；全力以赴地"
            }
          ],
          "desc": "短语"
        },
        "phone": "tilt",
        "speech": "tilt",
        "relWord": {
          "rels": [
            {
              "pos": "n",
              "words": [
                {
                  "hwd": "tilter",
                  "tran": " 倾斜体"
                }
              ]
            }
          ],
          "desc": "同根"
        },
        "usspeech": "tilt&type=2",
        "trans": [
          {
            "tranCn": "(使)倾斜",
            "descOther": "英释",
            "descCn": "中释",
            "pos": "vt&vi",
            "tranOther": "to move a part of your body, especially your head or chin, upwards or to the side"
          },
          {
            "tranCn": "倾斜，斜坡",
            "descOther": "英释",
            "descCn": "中释",
            "pos": "n",
            "tranOther": "a movement or position in which one side of something is higher than the other"
          }
        ]
      }
    }
  },
  "bookId": "IELTSluan_2"
}