{
  "wordRank": 1401,
  "headWord": "pass",
  "content": {
    "word": {
      "wordHead": "pass",
      "wordId": "IELTSluan_2_1401",
      "content": {
        "sentence": {
          "sentences": [
            {
              "sContent": "The crowd parted to let the truck pass.",
              "sCn": "人群分开让卡车通过。"
            },
            {
              "sContent": "He gave me a smile as he passed.",
              "sCn": "他经过时对我微笑了一下。"
            },
            {
              "sContent": "We passed a group of students outside the theatre.",
              "sCn": "我们在戏院外从一群学生身旁经过。"
            },
            {
              "sContent": "I pass the sports centre on the way to work.",
              "sCn": "我上班的路上经过体育中心。"
            }
          ],
          "desc": "例句"
        },
        "usphone": "pæs",
        "syno": {
          "synos": [
            {
              "pos": "n",
              "tran": "经过；及格；途径；护照",
              "hwds": [
                {
                  "w": "mechanism"
                },
                {
                  "w": "protection"
                },
                {
                  "w": "approach"
                },
                {
                  "w": "transit"
                }
              ]
            },
            {
              "pos": "vi",
              "tran": "经过；传递；变化；终止",
              "hwds": [
                {
                  "w": "determine"
                },
                {
                  "w": "drop"
                },
                {
                  "w": "finish"
                },
                {
                  "w": "vary"
                },
                {
                  "w": "transit"
                }
              ]
            },
            {
              "pos": "vt",
              "tran": "通过；经过；传递",
              "hwds": [
                {
                  "w": "clear"
                },
                {
                  "w": "track"
                },
                {
                  "w": "hand"
                },
                {
                  "w": "transfer"
                }
              ]
            }
          ],
          "desc": "同近"
        },
        "ukphone": "pɑːs",
        "ukspeech": "pass&type=1",
        "star": 0,
        "phrase": {
          "phrases": [
            {
              "pContent": "pass through",
              "pCn": "穿过…；通过…"
            },
            {
              "pContent": "come to pass",
              "pCn": "实现；发生"
            },
            {
              "pContent": "pass on",
              "pCn": "传递；继续；去世"
            },
            {
              "pContent": "pass by",
              "pCn": "经过；走过；逝去"
            },
            {
              "pContent": "pass the time",
              "pCn": "打发时间；消磨时光"
            },
            {
              "pContent": "pass away",
              "pCn": "去世；停止；度过时间"
            },
            {
              "pContent": "pass judgment",
              "pCn": "(与 on， upon 连用) 下判决；定案"
            },
            {
              "pContent": "pass the buck",
              "pCn": "推卸责任"
            },
            {
              "pContent": "pass over",
              "pCn": "越过；忽略；宽恕；回避"
            },
            {
              "pContent": "pass for",
              "pCn": "冒充，假扮；被认为"
            },
            {
              "pContent": "pass muster",
              "pCn": "符合要求；合格"
            },
            {
              "pContent": "pass filter",
              "pCn": "过滤器"
            },
            {
              "pContent": "low pass",
              "pCn": "低通；低通量；低传球"
            },
            {
              "pContent": "pass between",
              "pCn": "二人之间交换（言语，手势，暗号等）"
            },
            {
              "pContent": "boarding pass",
              "pCn": "n. 登机证"
            },
            {
              "pContent": "pass the test",
              "pCn": "通过测试；经受住考验；试验合格"
            },
            {
              "pContent": "percent of pass",
              "pCn": "合格率，通过率"
            },
            {
              "pContent": "pass water",
              "pCn": "小便"
            },
            {
              "pContent": "mountain pass",
              "pCn": "隘口，山口"
            },
            {
              "pContent": "pass into",
              "pCn": "逐渐变成；考进"
            }
          ],
          "desc": "短语"
        },
        "phone": "pɑ:s, pæs",
        "speech": "pass",
        "relWord": {
          "rels": [
            {
              "pos": "adj",
              "words": [
                {
                  "hwd": "passable",
                  "tran": " 尚可的；可通行的；（钱币等）可流通的"
                }
              ]
            },
            {
              "pos": "adv",
              "words": [
                {
                  "hwd": "passably",
                  "tran": " 尚可地；也还过得去地"
                }
              ]
            },
            {
              "pos": "n",
              "words": [
                {
                  "hwd": "passage",
                  "tran": " 一段（文章）；走廊；通路"
                },
                {
                  "hwd": "passer",
                  "tran": " 过路人；旅客；考试合格者"
                }
              ]
            }
          ],
          "desc": "同根"
        },
        "usspeech": "pass&type=2",
        "trans": [
          {
            "tranCn": "穿过；经过",
            "descOther": "英释",
            "descCn": "中释",
            "pos": "n&v",
            "tranOther": "to come up to a particular place, person, or object and go past them"
          }
        ]
      }
    }
  },
  "bookId": "IELTSluan_2"
}