{
  "wordRank": 1402,
  "headWord": "opaque",
  "content": {
    "word": {
      "wordHead": "opaque",
      "wordId": "IELTSluan_2_1402",
      "content": {
        "sentence": {
          "sentences": [
            {
              "sContent": "a shower with an opaque glass door",
              "sCn": "装有不透明玻璃门的淋浴间"
            }
          ],
          "desc": "例句"
        },
        "usphone": "o'pek",
        "ukspeech": "opaque&type=1",
        "star": 0,
        "usspeech": "opaque&type=2",
        "syno": {
          "synos": [
            {
              "pos": "adj",
              "tran": "[物]不透明的；不传热的；迟钝的",
              "hwds": [
                {
                  "w": "slow"
                },
                {
                  "w": "non-transparent"
                }
              ]
            },
            {
              "pos": "vt",
              "tran": "[物]使不透明；使不反光",
              "hwds": [
                {
                  "w": "devitrify"
                }
              ]
            }
          ],
          "desc": "同近"
        },
        "ukphone": "ə(ʊ)'peɪk",
        "phrase": {
          "phrases": [
            {
              "pContent": "opaque glass",
              "pCn": "不透明玻璃"
            }
          ],
          "desc": "短语"
        },
        "phone": "əu'peik",
        "speech": "opaque",
        "remMethod": {
          "val": " opa(不透明) + que → 不透明的",
          "desc": "记忆"
        },
        "relWord": {
          "rels": [
            {
              "pos": "adv",
              "words": [
                {
                  "hwd": "opaquely",
                  "tran": " 无光泽地；不透明地"
                }
              ]
            },
            {
              "pos": "n",
              "words": [
                {
                  "hwd": "opaqueness",
                  "tran": " 不透明性"
                }
              ]
            }
          ],
          "desc": "同根"
        },
        "trans": [
          {
            "tranCn": "不透光的，不透明的",
            "descOther": "英释",
            "descCn": "中释",
            "pos": "adj",
            "tranOther": "opaque glass or liquid is difficult to see through and often thick"
          }
        ]
      }
    }
  },
  "bookId": "IELTSluan_2"
}