{
  "wordRank": 1403,
  "headWord": "prestige",
  "content": {
    "word": {
      "wordHead": "prestige",
      "wordId": "IELTSluan_2_1403",
      "content": {
        "sentence": {
          "sentences": [
            {
              "sContent": "The king wanted to enhance his prestige through war.",
              "sCn": "国王想通过战争来提高自己的威信。"
            },
            {
              "sContent": "This little-known British firm has now gained considerable prestige .",
              "sCn": "这家名不见经传的英国公司如今已经声名鹊起。"
            },
            {
              "sContent": "the personal prestige attached to owning a large property",
              "sCn": "拥有大房子所带来的体面"
            }
          ],
          "desc": "例句"
        },
        "usphone": "prɛ'stidʒ",
        "syno": {
          "synos": [
            {
              "pos": "n",
              "tran": "威望，声望；声誉",
              "hwds": [
                {
                  "w": "reputation"
                },
                {
                  "w": "credit"
                }
              ]
            }
          ],
          "desc": "同近"
        },
        "ukphone": "pre'stiː(d)ʒ",
        "ukspeech": "prestige&type=1",
        "star": 0,
        "phone": "pre'sti:ʒ, -'sti:dʒ, 'prestidʒ",
        "speech": "prestige",
        "relWord": {
          "rels": [
            {
              "pos": "adj",
              "words": [
                {
                  "hwd": "prestigious",
                  "tran": " 有名望的；享有声望的"
                }
              ]
            }
          ],
          "desc": "同根"
        },
        "usspeech": "prestige&type=2",
        "trans": [
          {
            "tranCn": "威信，声望；(由于成功等而产生)显赫",
            "descOther": "英释",
            "descCn": "中释",
            "pos": "n",
            "tranOther": "the respect and admiration that someone or something gets because of their success or important position in society"
          }
        ]
      }
    }
  },
  "bookId": "IELTSluan_2"
}