{
  "wordRank": 1404,
  "headWord": "precipice",
  "content": {
    "word": {
      "wordHead": "precipice",
      "wordId": "IELTSluan_2_1404",
      "content": {
        "sentence": {
          "sentences": [
            {
              "sContent": "A loose rock tumbled over the precipice.",
              "sCn": "一块松动的岩石从悬崖上滚落下来。"
            }
          ],
          "desc": "例句"
        },
        "usphone": "'prɛsəpɪs",
        "syno": {
          "synos": [
            {
              "pos": "n",
              "tran": "悬崖；绝壁；险境",
              "hwds": [
                {
                  "w": "escarpment"
                },
                {
                  "w": "krantz"
                }
              ]
            }
          ],
          "desc": "同近"
        },
        "ukphone": "'presɪpɪs",
        "ukspeech": "precipice&type=1",
        "star": 0,
        "phone": "'presipis",
        "speech": "precipice",
        "usspeech": "precipice&type=2",
        "trans": [
          {
            "tranCn": "悬崖，峭壁",
            "descOther": "英释",
            "descCn": "中释",
            "pos": "n",
            "tranOther": "a very steep side of a high rock, mountain, or cliff"
          }
        ]
      }
    }
  },
  "bookId": "IELTSluan_2"
}