{
  "wordRank": 1405,
  "headWord": "outskirts",
  "content": {
    "word": {
      "wordHead": "outskirts",
      "wordId": "IELTSluan_2_1405",
      "content": {
        "sentence": {
          "sentences": [
            {
              "sContent": "Hours later we reached the outskirts of New York.",
              "sCn": "数小时后我们到达了纽约市的外围地带。"
            }
          ],
          "desc": "例句"
        },
        "usphone": "'aʊt'skɝts",
        "syno": {
          "synos": [
            {
              "pos": "n",
              "tran": "市郊，郊区",
              "hwds": [
                {
                  "w": "suburban district"
                },
                {
                  "w": "banlieue"
                }
              ]
            }
          ],
          "desc": "同近"
        },
        "ukphone": "'aʊtskɜːts",
        "ukspeech": "outskirts&type=1",
        "star": 0,
        "phone": "'autskə:ts",
        "speech": "outskirts",
        "usspeech": "outskirts&type=2",
        "trans": [
          {
            "tranCn": "(尤指城市)郊区",
            "descOther": "英释",
            "descCn": "中释",
            "pos": "n",
            "tranOther": "the parts of a town or city that are furthest from the centre"
          }
        ]
      }
    }
  },
  "bookId": "IELTSluan_2"
}