{
  "wordRank": 1406,
  "headWord": "refusal",
  "content": {
    "word": {
      "wordHead": "refusal",
      "wordId": "IELTSluan_2_1406",
      "content": {
        "sentence": {
          "sentences": [
            {
              "sContent": "Her country suffered through her refusal to accept change.",
              "sCn": "她的国家因为她拒绝接受变革而受了害。"
            }
          ],
          "desc": "例句"
        },
        "usphone": "rɪ'fjuzl",
        "ukspeech": "refusal&type=1",
        "star": 0,
        "usspeech": "refusal&type=2",
        "syno": {
          "synos": [
            {
              "pos": "n",
              "tran": "拒绝；[贸易][金融]优先取舍权；推却；取舍权",
              "hwds": [
                {
                  "w": "rejection"
                },
                {
                  "w": "denial"
                }
              ]
            }
          ],
          "desc": "同近"
        },
        "ukphone": "rɪ'fjuːz(ə)l",
        "phrase": {
          "phrases": [
            {
              "pContent": "first refusal",
              "pCn": "优先取舍权；优先取决运务"
            }
          ],
          "desc": "短语"
        },
        "phone": "ri'fju:zəl, ri:-",
        "speech": "refusal",
        "remMethod": {
          "val": "来自refuse(v. 拒绝)",
          "desc": "记忆"
        },
        "relWord": {
          "rels": [
            {
              "pos": "n",
              "words": [
                {
                  "hwd": "refuse",
                  "tran": " 垃圾；废物"
                }
              ]
            },
            {
              "pos": "vi",
              "words": [
                {
                  "hwd": "refuse",
                  "tran": " 拒绝"
                }
              ]
            },
            {
              "pos": "vt",
              "words": [
                {
                  "hwd": "refuse",
                  "tran": " 拒绝；不愿；抵制"
                }
              ]
            }
          ],
          "desc": "同根"
        },
        "trans": [
          {
            "tranCn": "拒绝",
            "descOther": "英释",
            "descCn": "中释",
            "pos": "n",
            "tranOther": "when you say firmly that you will not do, give, or accept something"
          }
        ]
      }
    }
  },
  "bookId": "IELTSluan_2"
}