{
  "wordRank": 1407,
  "headWord": "patrol",
  "content": {
    "word": {
      "wordHead": "patrol",
      "wordId": "IELTSluan_2_1407",
      "content": {
        "sentence": {
          "sentences": [
            {
              "sContent": "Armed guards patrolled the grounds.",
              "sCn": "武装卫兵巡逻场地。"
            },
            {
              "sContent": "an area patrolled by special police units",
              "sCn": "由特警部队巡逻的地区"
            }
          ],
          "desc": "例句"
        },
        "usphone": "pə'trol",
        "ukphone": "pə'trəʊl",
        "ukspeech": "patrol&type=1",
        "star": 0,
        "phrase": {
          "phrases": [
            {
              "pContent": "on patrol",
              "pCn": "在巡逻；巡逻中"
            },
            {
              "pContent": "highway patrol",
              "pCn": "（美）高速公路巡警"
            },
            {
              "pContent": "police patrol",
              "pCn": "公安巡逻艇；[法]警察巡逻"
            },
            {
              "pContent": "patrol car",
              "pCn": "巡逻警车"
            },
            {
              "pContent": "patrol boat",
              "pCn": "巡逻船"
            },
            {
              "pContent": "night patrol",
              "pCn": "夜间巡逻"
            },
            {
              "pContent": "patrol inspection",
              "pCn": "巡回检查"
            },
            {
              "pContent": "patrol ship",
              "pCn": "巡逻舰，巡逻船"
            }
          ],
          "desc": "短语"
        },
        "phone": "pə'trəul",
        "speech": "patrol",
        "relWord": {
          "rels": [
            {
              "pos": "n",
              "words": [
                {
                  "hwd": "patroller",
                  "tran": " 巡逻员"
                }
              ]
            }
          ],
          "desc": "同根"
        },
        "usspeech": "patrol&type=2",
        "trans": [
          {
            "tranCn": "巡逻，巡查",
            "descOther": "英释",
            "descCn": "中释",
            "pos": "vt&vi",
            "tranOther": "to go around the different parts of an area or building at regular times to check that there is no trouble or danger"
          }
        ]
      }
    }
  },
  "bookId": "IELTSluan_2"
}