{
  "wordRank": 1408,
  "headWord": "ambassador",
  "content": {
    "word": {
      "wordHead": "ambassador",
      "wordId": "IELTSluan_2_1408",
      "content": {
        "sentence": {
          "sentences": [
            {
              "sContent": "...the German ambassador to Poland.",
              "sCn": "…德国驻波兰大使。"
            }
          ],
          "desc": "例句"
        },
        "usphone": "æm'bæsədɚ",
        "syno": {
          "synos": [
            {
              "pos": "n",
              "tran": "大使；代表；使节",
              "hwds": [
                {
                  "w": "representation"
                },
                {
                  "w": "deputy"
                },
                {
                  "w": "behalf of"
                }
              ]
            }
          ],
          "desc": "同近"
        },
        "ukphone": "æm'bæsədə",
        "ukspeech": "ambassador&type=1",
        "star": 0,
        "phrase": {
          "phrases": [
            {
              "pContent": "an ambassador",
              "pCn": "大使"
            },
            {
              "pContent": "goodwill ambassador",
              "pCn": "亲善大使，友好大使"
            },
            {
              "pContent": "image ambassador",
              "pCn": "形象大使；商品代言人"
            }
          ],
          "desc": "短语"
        },
        "phone": "æm'bæsədə",
        "speech": "ambassador",
        "relWord": {
          "rels": [
            {
              "pos": "adj",
              "words": [
                {
                  "hwd": "ambassadorial",
                  "tran": " 大使的；使节的"
                }
              ]
            },
            {
              "pos": "n",
              "words": [
                {
                  "hwd": "ambassadorship",
                  "tran": " 大使的职位"
                },
                {
                  "hwd": "ambassadress",
                  "tran": " 大使夫人；女大使"
                }
              ]
            }
          ],
          "desc": "同根"
        },
        "usspeech": "ambassador&type=2",
        "trans": [
          {
            "tranCn": "大使；授权代表",
            "descOther": "英释",
            "descCn": "中释",
            "pos": "rn",
            "tranOther": "an important official who represents his or her government in a foreign country"
          }
        ]
      }
    }
  },
  "bookId": "IELTSluan_2"
}