{
  "wordRank": 1409,
  "headWord": "shower",
  "content": {
    "word": {
      "wordHead": "shower",
      "wordId": "IELTSluan_2_1409",
      "content": {
        "sentence": {
          "sentences": [
            {
              "sContent": "Why does the phone always ring when I’m in the shower?",
              "sCn": "为什么电话铃总是在我洗澡的时候响？"
            },
            {
              "sContent": "I’d like to use the shower if that’s all right.",
              "sCn": "如果可以的话，我想用一下这里的淋浴。"
            },
            {
              "sContent": "The bathroom has a separate shower cubicle (= a shower in a separate part of the room ) .",
              "sCn": "卫生间里有一个独立的淋浴间。"
            }
          ],
          "desc": "例句"
        },
        "usphone": "'ʃaʊɚ",
        "syno": {
          "synos": [
            {
              "pos": "n",
              "tran": "淋浴；（倾泻般出现的）一阵，一大批；[气象]阵雨",
              "hwds": [
                {
                  "w": "blast"
                },
                {
                  "w": "flood"
                }
              ]
            },
            {
              "pos": "vi",
              "tran": "淋浴；[气象]下阵雨",
              "hwds": [
                {
                  "w": "have a bath"
                }
              ]
            }
          ],
          "desc": "同近"
        },
        "ukphone": "'ʃaʊə",
        "ukspeech": "shower&type=1",
        "star": 0,
        "phrase": {
          "phrases": [
            {
              "pContent": "shower room",
              "pCn": "浴室"
            },
            {
              "pContent": "take a shower",
              "pCn": "洗淋浴"
            },
            {
              "pContent": "meteor shower",
              "pCn": "[天]流星雨"
            },
            {
              "pContent": "shower with",
              "pCn": "大量给予"
            },
            {
              "pContent": "shower gel",
              "pCn": "沐浴露；胶状沐浴乳"
            },
            {
              "pContent": "shower curtain",
              "pCn": "浴帘；浴盆帘"
            },
            {
              "pContent": "air shower",
              "pCn": "风淋室；[机]空气射丛；空气簇射"
            },
            {
              "pContent": "shower bath",
              "pCn": "淋浴，淋湿"
            },
            {
              "pContent": "shower head",
              "pCn": "喷头；淋浴头"
            },
            {
              "pContent": "cold shower",
              "pCn": "洗冷水澡，冷水浴"
            },
            {
              "pContent": "baby shower",
              "pCn": "宝宝派对（在孩子出生前举办的特殊派对）"
            },
            {
              "pContent": "rain shower",
              "pCn": "阵雨"
            },
            {
              "pContent": "have a shower",
              "pCn": "冲凉，淋浴；洗淋浴"
            },
            {
              "pContent": "shower cap",
              "pCn": "n. 淋浴时用的塑胶浴帽"
            },
            {
              "pContent": "heavy shower",
              "pCn": "大阵雨；暴雨"
            },
            {
              "pContent": "shower nozzle",
              "pCn": "喷头；淋浴莲蓬头"
            },
            {
              "pContent": "shower enclosure",
              "pCn": "浴室隔板；淋浴房；淋浴间"
            },
            {
              "pContent": "bridal shower",
              "pCn": "新娘送礼会"
            }
          ],
          "desc": "短语"
        },
        "phone": "'ʃauə",
        "speech": "shower",
        "relWord": {
          "rels": [
            {
              "pos": "adj",
              "words": [
                {
                  "hwd": "showery",
                  "tran": " 阵雨的；多阵雨的"
                }
              ]
            }
          ],
          "desc": "同根"
        },
        "usspeech": "shower&type=2",
        "trans": [
          {
            "tranCn": "阵雨；淋浴",
            "descOther": "英释",
            "descCn": "中释",
            "pos": "n",
            "tranOther": "a piece of equipment that you stand under to wash your whole body"
          }
        ]
      }
    }
  },
  "bookId": "IELTSluan_2"
}