{
  "wordRank": 141,
  "headWord": "commence",
  "content": {
    "word": {
      "wordHead": "commence",
      "wordId": "IELTSluan_2_141",
      "content": {
        "sentence": {
          "sentences": [
            {
              "sContent": "Work will commence on the new building immediately.",
              "sCn": "新大楼即将破土动工。"
            },
            {
              "sContent": "Your first evaluation will be six months after you commence employment.",
              "sCn": "工作六个月后，你将接受第一次绩效评估。"
            }
          ],
          "desc": "例句"
        },
        "usphone": "kə'mɛns",
        "syno": {
          "synos": [
            {
              "pos": "vt",
              "tran": "开始；着手",
              "hwds": [
                {
                  "w": "institute"
                },
                {
                  "w": "initiate"
                },
                {
                  "w": "launch on"
                },
                {
                  "w": "enter upon"
                },
                {
                  "w": "put in hand"
                }
              ]
            }
          ],
          "desc": "同近"
        },
        "ukphone": "kə'mens",
        "ukspeech": "commence&type=1",
        "star": 0,
        "phrase": {
          "phrases": [
            {
              "pContent": "commence business",
              "pCn": "开始营业"
            }
          ],
          "desc": "短语"
        },
        "speech": "commence",
        "remMethod": {
          "val": " com(共同) + men(引导) + ce → 共同引导 → 开始， 着手",
          "desc": "记忆"
        },
        "relWord": {
          "rels": [
            {
              "pos": "n",
              "words": [
                {
                  "hwd": "commencement",
                  "tran": " 开始，发端；毕业典礼"
                }
              ]
            }
          ],
          "desc": "同根"
        },
        "usspeech": "commence&type=2",
        "trans": [
          {
            "tranCn": "开始",
            "descOther": "英释",
            "descCn": "中释",
            "pos": "v",
            "tranOther": "to begin or to start something"
          }
        ]
      }
    }
  },
  "bookId": "IELTSluan_2"
}