{
  "wordRank": 1410,
  "headWord": "dilapidated",
  "content": {
    "word": {
      "wordHead": "dilapidated",
      "wordId": "IELTSluan_2_1410",
      "content": {
        "sentence": {
          "sentences": [
            {
              "sContent": "...an old dilapidated barn.",
              "sCn": "…一座破旧的谷仓。"
            }
          ],
          "desc": "例句"
        },
        "usphone": "di'læpideitid",
        "syno": {
          "synos": [
            {
              "pos": "adj",
              "tran": "荒废的，要塌似的；破坏的",
              "hwds": [
                {
                  "w": "destructive"
                },
                {
                  "w": "obsolescent"
                }
              ]
            }
          ],
          "desc": "同近"
        },
        "ukphone": "dɪ'læpɪdeɪtɪd",
        "ukspeech": "dilapidated&type=1",
        "star": 0,
        "phrase": {
          "phrases": [
            {
              "pContent": "dilapidated building",
              "pCn": "破烂建筑物；危房"
            }
          ],
          "desc": "短语"
        },
        "phone": "di'læpideitid",
        "speech": "dilapidated",
        "relWord": {
          "rels": [
            {
              "pos": "n",
              "words": [
                {
                  "hwd": "dilapidation",
                  "tran": " 破损；崩塌；荒废"
                }
              ]
            },
            {
              "pos": "vi",
              "words": [
                {
                  "hwd": "dilapidate",
                  "tran": " 毁坏；荒废；浪费"
                }
              ]
            },
            {
              "pos": "vt",
              "words": [
                {
                  "hwd": "dilapidate",
                  "tran": " 荒废；毁坏"
                }
              ]
            }
          ],
          "desc": "同根"
        },
        "usspeech": "dilapidated&type=2",
        "trans": [
          {
            "tranCn": "破旧的，坍坏的",
            "descOther": "英释",
            "descCn": "中释",
            "pos": "adj",
            "tranOther": "A building that is dilapidated is old and in a generally bad condition"
          }
        ]
      }
    }
  },
  "bookId": "IELTSluan_2"
}