{
  "wordRank": 1411,
  "headWord": "description",
  "content": {
    "word": {
      "wordHead": "description",
      "wordId": "IELTSluan_2_1411",
      "content": {
        "sentence": {
          "sentences": [
            {
              "sContent": "The booklet gives a brief description of each place.",
              "sCn": "这本小册子对每一个地方都作了简短的介绍。"
            },
            {
              "sContent": "Berlin sounds fascinating from your description.",
              "sCn": "从你的描述来看，柏林是个迷人的城市。"
            }
          ],
          "desc": "例句"
        },
        "usphone": "dɪ'skrɪpʃən",
        "syno": {
          "synos": [
            {
              "pos": "n",
              "tran": "描述，描写；类型；说明书",
              "hwds": [
                {
                  "w": "presentation"
                },
                {
                  "w": "type"
                },
                {
                  "w": "style"
                },
                {
                  "w": "characterization"
                }
              ]
            }
          ],
          "desc": "同近"
        },
        "ukphone": "dɪ'skrɪpʃ(ə)n",
        "ukspeech": "description&type=1",
        "star": 0,
        "phrase": {
          "phrases": [
            {
              "pContent": "detailed description",
              "pCn": "详细描述；详细说明"
            },
            {
              "pContent": "job description",
              "pCn": "工作说明"
            },
            {
              "pContent": "brief description",
              "pCn": "简要说明；简介"
            },
            {
              "pContent": "general description",
              "pCn": "一般说明，总则"
            },
            {
              "pContent": "product description",
              "pCn": "产品描述；产品说明；产品介绍"
            },
            {
              "pContent": "physical description",
              "pCn": "物理描述；外形著录"
            },
            {
              "pContent": "formal description",
              "pCn": "形式描述"
            },
            {
              "pContent": "full description",
              "pCn": "完整叙述，充分的描述"
            },
            {
              "pContent": "beyond description",
              "pCn": "无法形容，难以形容"
            },
            {
              "pContent": "vivid description",
              "pCn": "生动的描述；生动的报导"
            },
            {
              "pContent": "complete description",
              "pCn": "完整的叙述，圆满的描述"
            },
            {
              "pContent": "problem description",
              "pCn": "问题描述，问题说明"
            },
            {
              "pContent": "short description",
              "pCn": "简短说明；简要说明；短注释"
            },
            {
              "pContent": "functional description",
              "pCn": "[计]功能性说明"
            },
            {
              "pContent": "technical description",
              "pCn": "技术说明"
            },
            {
              "pContent": "give a description of",
              "pCn": "描写，描述；对…进行描述"
            },
            {
              "pContent": "item description",
              "pCn": "项目描述"
            },
            {
              "pContent": "description of goods",
              "pCn": "货物摘要；货物名称"
            }
          ],
          "desc": "短语"
        },
        "phone": "di'skripʃən",
        "speech": "description",
        "relWord": {
          "rels": [
            {
              "pos": "adj",
              "words": [
                {
                  "hwd": "descriptive",
                  "tran": " 描写的，叙述的；描写性的"
                },
                {
                  "hwd": "described",
                  "tran": " 描述的"
                },
                {
                  "hwd": "describable",
                  "tran": " 可记述的；可描写的"
                }
              ]
            },
            {
              "pos": "adv",
              "words": [
                {
                  "hwd": "descriptively",
                  "tran": " 叙述地"
                }
              ]
            },
            {
              "pos": "n",
              "words": [
                {
                  "hwd": "descriptor",
                  "tran": " 描述符号"
                },
                {
                  "hwd": "descriptivism",
                  "tran": " 描写主义；描述主义；描述论"
                }
              ]
            },
            {
              "pos": "v",
              "words": [
                {
                  "hwd": "described",
                  "tran": " 描述，描写（describe的过去式）"
                }
              ]
            },
            {
              "pos": "vt",
              "words": [
                {
                  "hwd": "describe",
                  "tran": " 描述，形容；描绘"
                }
              ]
            }
          ],
          "desc": "同根"
        },
        "usspeech": "description&type=2",
        "trans": [
          {
            "tranCn": "描写，描绘，叙述",
            "descOther": "英释",
            "descCn": "中释",
            "pos": "n",
            "tranOther": "a piece of writing or speech that gives details about what someone or something is like"
          }
        ]
      }
    }
  },
  "bookId": "IELTSluan_2"
}