{
  "wordRank": 1412,
  "headWord": "ignorance",
  "content": {
    "word": {
      "wordHead": "ignorance",
      "wordId": "IELTSluan_2_1412",
      "content": {
        "sentence": {
          "sentences": [
            {
              "sContent": "Excuse my ignorance, but how does it actually work?",
              "sCn": "请原谅我的无知，它究竟是如何运作的？"
            }
          ],
          "desc": "例句"
        },
        "usphone": "'ɪɡnərəns",
        "syno": {
          "synos": [
            {
              "pos": "n",
              "tran": "无知，愚昧；不知，不懂",
              "hwds": [
                {
                  "w": "darkness"
                },
                {
                  "w": "unwisdom"
                }
              ]
            }
          ],
          "desc": "同近"
        },
        "ukphone": "'ɪgn(ə)r(ə)ns",
        "ukspeech": "ignorance&type=1",
        "star": 0,
        "phone": "'iɡnərəns",
        "speech": "ignorance",
        "remMethod": {
          "val": " i(不) + gno(r)(知道) + ance → 什么都不知道 → 无知",
          "desc": "记忆"
        },
        "relWord": {
          "rels": [
            {
              "pos": "adj",
              "words": [
                {
                  "hwd": "ignorant",
                  "tran": " 无知的；愚昧的"
                },
                {
                  "hwd": "ignored",
                  "tran": " 被忽视的；被忽略的"
                }
              ]
            },
            {
              "pos": "adv",
              "words": [
                {
                  "hwd": "ignorantly",
                  "tran": " 无知地；不学无术地"
                }
              ]
            },
            {
              "pos": "n",
              "words": [
                {
                  "hwd": "ignoramus",
                  "tran": " 不学无术的人；无知的人"
                }
              ]
            },
            {
              "pos": "v",
              "words": [
                {
                  "hwd": "ignored",
                  "tran": " 忽略；不顾（ignore的过去分词）；不理会"
                }
              ]
            },
            {
              "pos": "vt",
              "words": [
                {
                  "hwd": "ignore",
                  "tran": " 驳回诉讼；忽视；不理睬"
                }
              ]
            }
          ],
          "desc": "同根"
        },
        "usspeech": "ignorance&type=2",
        "trans": [
          {
            "tranCn": "无知，愚昧",
            "descOther": "英释",
            "descCn": "中释",
            "pos": "n",
            "tranOther": "lack of knowledge or information about something"
          }
        ]
      }
    }
  },
  "bookId": "IELTSluan_2"
}