{
  "wordRank": 1413,
  "headWord": "corps",
  "content": {
    "word": {
      "wordHead": "corps",
      "wordId": "IELTSluan_2_1413",
      "content": {
        "sentence": {
          "sentences": [
            {
              "sContent": "the medical corps",
              "sCn": "医疗部队"
            }
          ],
          "desc": "例句"
        },
        "usphone": "kɔrz",
        "syno": {
          "synos": [
            {
              "pos": "n",
              "tran": "军团；兵种；兵队；（德国大学的）学生联合会",
              "hwds": [
                {
                  "w": "cohorts"
                },
                {
                  "w": "legion"
                }
              ]
            }
          ],
          "desc": "同近"
        },
        "ukphone": "kɔːz",
        "ukspeech": "corps&type=1",
        "star": 0,
        "phrase": {
          "phrases": [
            {
              "pContent": "corps of engineers",
              "pCn": "陆军工兵部队"
            }
          ],
          "desc": "短语"
        },
        "phone": "kɔ:",
        "speech": "corps",
        "remMethod": {
          "val": " 和cops(警察)一起记， 两者都是国家的防卫力量",
          "desc": "记忆"
        },
        "usspeech": "corps&type=2",
        "trans": [
          {
            "tranCn": "技术兵种；军团",
            "descOther": "英释",
            "descCn": "中释",
            "pos": "n",
            "tranOther": "a trained army unit made of two or more  divisions (= groups of soldiers ) "
          }
        ]
      }
    }
  },
  "bookId": "IELTSluan_2"
}