{
  "wordRank": 1414,
  "headWord": "amphibian",
  "content": {
    "word": {
      "wordHead": "amphibian",
      "wordId": "IELTSluan_2_1414",
      "content": {
        "usphone": "æm'fɪbɪən",
        "syno": {
          "synos": [
            {
              "pos": "n",
              "tran": "[脊椎]两栖动物；[车辆]水陆两用飞机；具有双重性格的人",
              "hwds": [
                {
                  "w": "Batrachia"
                },
                {
                  "w": "amphibious plane"
                }
              ]
            }
          ],
          "desc": "同近"
        },
        "ukphone": "æm'fɪbɪən",
        "ukspeech": "amphibian&type=1",
        "star": 0,
        "phone": "æm'fibiən",
        "speech": "amphibian",
        "relWord": {
          "rels": [
            {
              "pos": "adj",
              "words": [
                {
                  "hwd": "amphibious",
                  "tran": " [生物] 两栖的，水陆两用的；具有双重性的"
                }
              ]
            },
            {
              "pos": "n",
              "words": [
                {
                  "hwd": "amphibia",
                  "tran": " 两栖类，两栖纲"
                }
              ]
            }
          ],
          "desc": "同根"
        },
        "usspeech": "amphibian&type=2",
        "trans": [
          {
            "tranCn": "两栖动物；水陆两用飞机和车辆",
            "descOther": "英释",
            "descCn": "中释",
            "pos": "n",
            "tranOther": "an animal such as a  frog  that can live both on land and in water"
          }
        ]
      }
    }
  },
  "bookId": "IELTSluan_2"
}