{
  "wordRank": 1415,
  "headWord": "patriotism",
  "content": {
    "word": {
      "wordHead": "patriotism",
      "wordId": "IELTSluan_2_1415",
      "content": {
        "sentence": {
          "sentences": [
            {
              "sContent": "He was a country boy who had joined the army out of a sense of patriotism and adventure.",
              "sCn": "他是个乡下小伙子，出于爱国心和冒险精神参了军。"
            }
          ],
          "desc": "例句"
        },
        "usphone": "'petrɪətɪzəm",
        "ukphone": "'peɪtrɪətɪz(ə)m",
        "ukspeech": "patriotism&type=1",
        "star": 0,
        "phrase": {
          "phrases": [
            {
              "pContent": "patriotism education",
              "pCn": "爱国主义教育"
            }
          ],
          "desc": "短语"
        },
        "phone": "'pætriətizəm",
        "speech": "patriotism",
        "relWord": {
          "rels": [
            {
              "pos": "adj",
              "words": [
                {
                  "hwd": "patriotic",
                  "tran": " 爱国的"
                }
              ]
            },
            {
              "pos": "adv",
              "words": [
                {
                  "hwd": "patriotically",
                  "tran": " 爱国地；忧国地"
                }
              ]
            },
            {
              "pos": "n",
              "words": [
                {
                  "hwd": "patriot",
                  "tran": " 爱国者"
                }
              ]
            }
          ],
          "desc": "同根"
        },
        "usspeech": "patriotism&type=2",
        "trans": [
          {
            "tranCn": "爱国主义，民族主义",
            "descOther": "英释",
            "descCn": "中释",
            "pos": "n",
            "tranOther": "Patriotism is love for your country and loyalty toward it"
          }
        ]
      }
    }
  },
  "bookId": "IELTSluan_2"
}