{
  "wordRank": 1416,
  "headWord": "periodical",
  "content": {
    "word": {
      "wordHead": "periodical",
      "wordId": "IELTSluan_2_1416",
      "content": {
        "sentence": {
          "sentences": [
            {
              "sContent": "She made periodical visits to her dentist.",
              "sCn": "她定期去看牙医。"
            }
          ],
          "desc": "例句"
        },
        "usphone": ",pɪrɪ'ɑdɪkl",
        "ukspeech": "periodical&type=1",
        "star": 0,
        "usspeech": "periodical&type=2",
        "syno": {
          "synos": [
            {
              "pos": "adj",
              "tran": "[数]周期的；定期的",
              "hwds": [
                {
                  "w": "regular"
                },
                {
                  "w": "stated"
                },
                {
                  "w": "time"
                },
                {
                  "w": "cyclical"
                }
              ]
            },
            {
              "pos": "n",
              "tran": "期刊；杂志",
              "hwds": [
                {
                  "w": "magazine"
                },
                {
                  "w": "journal"
                },
                {
                  "w": "serial"
                }
              ]
            }
          ],
          "desc": "同近"
        },
        "ukphone": "pɪərɪ'ɒdɪk(ə)l",
        "phrase": {
          "phrases": [
            {
              "pContent": "periodical inspection",
              "pCn": "定期检查"
            }
          ],
          "desc": "短语"
        },
        "phone": ",piəri'ɔdikəl",
        "speech": "periodical",
        "remMethod": {
          "val": "来自period(n. 时期， 周期)",
          "desc": "记忆"
        },
        "relWord": {
          "rels": [
            {
              "pos": "adj",
              "words": [
                {
                  "hwd": "period",
                  "tran": " 某一时代的"
                },
                {
                  "hwd": "periodic",
                  "tran": " 周期的；定期的"
                }
              ]
            },
            {
              "pos": "adv",
              "words": [
                {
                  "hwd": "periodically",
                  "tran": " 定期地；周期性地；偶尔；间歇"
                }
              ]
            },
            {
              "pos": "n",
              "words": [
                {
                  "hwd": "period",
                  "tran": " 周期，期间；时期；月经；课时"
                },
                {
                  "hwd": "periodicity",
                  "tran": " [数] 周期性；频率；定期性"
                }
              ]
            }
          ],
          "desc": "同根"
        },
        "trans": [
          {
            "tranCn": "周期的；定期的",
            "descOther": "英释",
            "descCn": "中释",
            "pos": "adj",
            "tranOther": "Periodical events or situations happen occasionally, at fairly regular intervals"
          },
          {
            "tranCn": "期刊；杂志",
            "descOther": "英释",
            "descCn": "中释",
            "pos": "n",
            "tranOther": "a magazine, especially one about a serious or technical subject"
          }
        ]
      }
    }
  },
  "bookId": "IELTSluan_2"
}