{
  "wordRank": 1417,
  "headWord": "energetic",
  "content": {
    "word": {
      "wordHead": "energetic",
      "wordId": "IELTSluan_2_1417",
      "content": {
        "sentence": {
          "sentences": [
            {
              "sContent": "an energetic man",
              "sCn": "精力旺盛的男子"
            },
            {
              "sContent": "an energetic drive to get more customers",
              "sCn": "争取更多客户的十足干劲"
            }
          ],
          "desc": "例句"
        },
        "usphone": ",ɛnɚ'dʒɛtɪk",
        "syno": {
          "synos": [
            {
              "pos": "adj",
              "tran": "精力充沛的；积极的；有力的",
              "hwds": [
                {
                  "w": "active"
                },
                {
                  "w": "positive"
                },
                {
                  "w": "male"
                },
                {
                  "w": "live"
                },
                {
                  "w": "vigorous"
                }
              ]
            }
          ],
          "desc": "同近"
        },
        "ukphone": ",enə'dʒetɪk",
        "ukspeech": "energetic&type=1",
        "star": 0,
        "phone": ",enə'dʒetik",
        "speech": "energetic",
        "remMethod": {
          "val": "来自energy(n. 精神， 活力)",
          "desc": "记忆"
        },
        "relWord": {
          "rels": [
            {
              "pos": "adv",
              "words": [
                {
                  "hwd": "energetically",
                  "tran": " 积极地；精力充沛地"
                }
              ]
            },
            {
              "pos": "n",
              "words": [
                {
                  "hwd": "energy",
                  "tran": " [物] 能量；精力；活力；精神"
                }
              ]
            },
            {
              "pos": "vt",
              "words": [
                {
                  "hwd": "energise",
                  "tran": " 供给…能量；使精力充沛（等于energize）"
                }
              ]
            }
          ],
          "desc": "同根"
        },
        "usspeech": "energetic&type=2",
        "trans": [
          {
            "tranCn": "精力充沛的；精力旺盛的",
            "descOther": "英释",
            "descCn": "中释",
            "pos": "adj",
            "tranOther": "having or needing a lot of energy or determination"
          }
        ]
      }
    }
  },
  "bookId": "IELTSluan_2"
}