{
  "wordRank": 1418,
  "headWord": "promising",
  "content": {
    "word": {
      "wordHead": "promising",
      "wordId": "IELTSluan_2_1418",
      "content": {
        "sentence": {
          "sentences": [
            {
              "sContent": "a promising career in law",
              "sCn": "很有前途的法律职业"
            },
            {
              "sContent": "a promising young actor",
              "sCn": "大有前途的年轻演员"
            },
            {
              "sContent": "a promising start",
              "sCn": "良好的开端"
            }
          ],
          "desc": "例句"
        },
        "usphone": "'prɑmɪsɪŋ",
        "ukspeech": "promising&type=1",
        "star": 0,
        "usspeech": "promising&type=2",
        "syno": {
          "synos": [
            {
              "pos": "adj",
              "tran": "有希望的，有前途的",
              "hwds": [
                {
                  "w": "likely"
                },
                {
                  "w": "hopeful"
                }
              ]
            },
            {
              "pos": "v",
              "tran": "许诺，答应（promise的现在分词形式）",
              "hwds": [
                {
                  "w": "undertaking"
                }
              ]
            }
          ],
          "desc": "同近"
        },
        "ukphone": "'prɒmɪsɪŋ",
        "phrase": {
          "phrases": [
            {
              "pContent": "promising future",
              "pCn": "n. 发展前景；光明的前途"
            },
            {
              "pContent": "promising market",
              "pCn": "发展潜力大的市场；有销路的市场"
            }
          ],
          "desc": "短语"
        },
        "phone": "'prɔmisiŋ",
        "speech": "promising",
        "remMethod": {
          "val": " promis(e)(承诺) + ing → 承诺了的 → 有希望的",
          "desc": "记忆"
        },
        "relWord": {
          "rels": [
            {
              "pos": "adv",
              "words": [
                {
                  "hwd": "promisingly",
                  "tran": " 充满希望地；大有可为地"
                }
              ]
            },
            {
              "pos": "n",
              "words": [
                {
                  "hwd": "promise",
                  "tran": " 许诺，允诺；希望"
                },
                {
                  "hwd": "promisee",
                  "tran": " [金融] 受约人，承诺人"
                },
                {
                  "hwd": "promiser",
                  "tran": " 立约人，许诺者"
                }
              ]
            },
            {
              "pos": "vi",
              "words": [
                {
                  "hwd": "promise",
                  "tran": " 许诺；有指望，有前途"
                }
              ]
            },
            {
              "pos": "vt",
              "words": [
                {
                  "hwd": "promise",
                  "tran": " 允诺，许诺；给人以…的指望或希望"
                }
              ]
            }
          ],
          "desc": "同根"
        },
        "trans": [
          {
            "tranCn": "有希望的；有出息的",
            "descOther": "英释",
            "descCn": "中释",
            "pos": "adj",
            "tranOther": "showing signs of being successful or good in the future"
          }
        ]
      }
    }
  },
  "bookId": "IELTSluan_2"
}