{
  "wordRank": 1419,
  "headWord": "rim",
  "content": {
    "word": {
      "wordHead": "rim",
      "wordId": "IELTSluan_2_1419",
      "content": {
        "sentence": {
          "sentences": [
            {
              "sContent": "She looked at him over the rim of her glass.",
              "sCn": "她沿玻璃杯口看着他。"
            }
          ],
          "desc": "例句"
        },
        "usphone": "rɪm",
        "ukspeech": "rim&type=1",
        "star": 0,
        "usspeech": "rim&type=2",
        "syno": {
          "synos": [
            {
              "pos": "n",
              "tran": "边，边缘；轮辋；圆圈",
              "hwds": [
                {
                  "w": "margin"
                },
                {
                  "w": "suburb"
                }
              ]
            }
          ],
          "desc": "同近"
        },
        "ukphone": "rɪm",
        "phrase": {
          "phrases": [
            {
              "pContent": "pacific rim",
              "pCn": "太平洋沿岸地区；泛太平洋"
            },
            {
              "pContent": "wheel rim",
              "pCn": "轮辋；钢圈；轮箍；轮缘"
            }
          ],
          "desc": "短语"
        },
        "phone": "rim",
        "speech": "rim",
        "remMethod": {
          "val": " 打靶(aim)不能打边(rim)",
          "desc": "记忆"
        },
        "relWord": {
          "rels": [
            {
              "pos": "adj",
              "words": [
                {
                  "hwd": "rimmed",
                  "tran": " 有框的；有边缘的"
                },
                {
                  "hwd": "rimless",
                  "tran": " 无边的；无框的"
                }
              ]
            },
            {
              "pos": "v",
              "words": [
                {
                  "hwd": "rimmed",
                  "tran": " 给…镶边；沿…边缘滚动；形成边缘（rim的过去分词）"
                }
              ]
            }
          ],
          "desc": "同根"
        },
        "trans": [
          {
            "tranCn": "边；边缘，轮辋",
            "descOther": "英释",
            "descCn": "中释",
            "pos": "n",
            "tranOther": "the outside edge of something circular"
          }
        ]
      }
    }
  },
  "bookId": "IELTSluan_2"
}