{
  "wordRank": 142,
  "headWord": "project",
  "content": {
    "word": {
      "wordHead": "project",
      "wordId": "IELTSluan_2_142",
      "content": {
        "sentence": {
          "sentences": [
            {
              "sContent": "The project aims to provide an analysis of children’s emotions.",
              "sCn": "该计划旨在对儿童情绪作出分析。"
            },
            {
              "sContent": "a three-year research project",
              "sCn": "一项为期三年的研究计划"
            },
            {
              "sContent": "The scheme will now be extended after a successful pilot project (= a small trial to test if an idea will be successful ) .",
              "sCn": "试行成功后，该方案现在将得到推广。"
            },
            {
              "sContent": "The project is funded by Wellcome plc.",
              "sCn": "这个项目由威康公司资助。"
            },
            {
              "sContent": "a project manager",
              "sCn": "项目经理"
            },
            {
              "sContent": "The team tried projecting the maps with two different projectors onto the same screen.",
              "sCn": "该组尝试用两台不同的放映机将地图投映在同一屏幕上。"
            }
          ],
          "desc": "例句"
        },
        "usphone": "prəˈdʒɛkt; prɑdʒɛkt",
        "ukspeech": "project&type=1",
        "star": 0,
        "usspeech": "project&type=2",
        "syno": {
          "synos": [
            {
              "pos": "vi",
              "tran": "设计；计划；表达；投射",
              "hwds": [
                {
                  "w": "design"
                },
                {
                  "w": "engineer"
                }
              ]
            },
            {
              "pos": "vt",
              "tran": "设计；计划；发射；放映",
              "hwds": [
                {
                  "w": "design"
                },
                {
                  "w": "schedule"
                },
                {
                  "w": "engineer"
                },
                {
                  "w": "style"
                },
                {
                  "w": "frame"
                }
              ]
            },
            {
              "pos": "n",
              "tran": "工程；计划；事业",
              "hwds": [
                {
                  "w": "engineering"
                },
                {
                  "w": "career"
                },
                {
                  "w": "enterprise"
                },
                {
                  "w": "plan"
                },
                {
                  "w": "scheme"
                }
              ]
            }
          ],
          "desc": "同近"
        },
        "ukphone": "prəˈdʒekt; ˈprɒdʒekt",
        "phrase": {
          "phrases": [
            {
              "pContent": "project oneself",
              "pCn": "表现自己；突出自己"
            },
            {
              "pContent": "project management",
              "pCn": "项目管理；专案管理"
            },
            {
              "pContent": "construction project",
              "pCn": "建筑计划，建设项目；基建计划"
            },
            {
              "pContent": "project cost",
              "pCn": "工程项目成本；施工费用"
            },
            {
              "pContent": "engineering project",
              "pCn": "工程项目"
            },
            {
              "pContent": "project manager",
              "pCn": "项目经理"
            },
            {
              "pContent": "research project",
              "pCn": "研究项目"
            },
            {
              "pContent": "development project",
              "pCn": "开发项目；发展计划"
            },
            {
              "pContent": "project team",
              "pCn": "项目工作组；攻关队伍"
            },
            {
              "pContent": "investment project",
              "pCn": "投资项目；投资计划"
            },
            {
              "pContent": "three gorges project",
              "pCn": "三峡工程"
            },
            {
              "pContent": "project planning",
              "pCn": "项目规划；工程规划；计划图编制"
            },
            {
              "pContent": "project implementation",
              "pCn": "项目执行；项目实现"
            },
            {
              "pContent": "project financing",
              "pCn": "项目融资；项目资金筹措"
            },
            {
              "pContent": "key project",
              "pCn": "重点项目，关键项目；枢纽工程"
            },
            {
              "pContent": "project plan",
              "pCn": "n. 项目规划；工程计划"
            },
            {
              "pContent": "pilot project",
              "pCn": "试点项目，试点工程；样板工程，样板设计"
            },
            {
              "pContent": "graduation project",
              "pCn": "毕业设计"
            },
            {
              "pContent": "project evaluation",
              "pCn": "项目评估；工程评定"
            },
            {
              "pContent": "power project",
              "pCn": "动力工程"
            }
          ],
          "desc": "短语"
        },
        "phone": "英 [prəˈdʒekt] 美 [prəˈdʒɛkt",
        "speech": "project",
        "remMethod": {
          "val": " pro(向前) + ject(投， 掷) → 向前掷 → (使)突出， (使)伸出",
          "desc": "记忆"
        },
        "relWord": {
          "rels": [
            {
              "pos": "adj",
              "words": [
                {
                  "hwd": "projecting",
                  "tran": " 突出的；伸出的"
                }
              ]
            },
            {
              "pos": "n",
              "words": [
                {
                  "hwd": "projection",
                  "tran": " 投射；规划；突出；发射；推测"
                },
                {
                  "hwd": "projector",
                  "tran": " [仪] 投影仪；放映机；探照灯；设计者"
                },
                {
                  "hwd": "projectionist",
                  "tran": " 放映员；电视技师；地图绘制员；电影放映师"
                }
              ]
            },
            {
              "pos": "v",
              "words": [
                {
                  "hwd": "projecting",
                  "tran": " 使突出（project的现在分词）；计划；发射"
                }
              ]
            }
          ],
          "desc": "同根"
        },
        "trans": [
          {
            "tranCn": "方案，计划",
            "descOther": "英释",
            "descCn": "中释",
            "pos": "n",
            "tranOther": "a carefully planned piece of work to get information about something, to build something, to improve something etc"
          },
          {
            "tranCn": "设计；投影；抛",
            "descOther": "英释",
            "descCn": "中释",
            "pos": "v",
            "tranOther": "If you project a film or picture onto a screen or wall, you make it appear there"
          }
        ]
      }
    }
  },
  "bookId": "IELTSluan_2"
}