{
  "wordRank": 1420,
  "headWord": "put",
  "content": {
    "word": {
      "wordHead": "put",
      "wordId": "IELTSluan_2_1420",
      "content": {
        "sentence": {
          "sentences": [
            {
              "sContent": "He put the coffee on the table.",
              "sCn": "他把咖啡放在桌上。"
            },
            {
              "sContent": "Where did you put the programmes?",
              "sCn": "你把节目单放在哪里了？"
            }
          ],
          "desc": "例句"
        },
        "usphone": "pʊt",
        "syno": {
          "synos": [
            {
              "pos": "vt",
              "tran": "放；表达；移动；安置；赋予",
              "hwds": [
                {
                  "w": "set"
                },
                {
                  "w": "establish"
                },
                {
                  "w": "voice"
                },
                {
                  "w": "gift"
                },
                {
                  "w": "station"
                }
              ]
            },
            {
              "pos": "vi",
              "tran": "出发；击；航行；发芽",
              "hwds": [
                {
                  "w": "leave"
                },
                {
                  "w": "set out"
                }
              ]
            },
            {
              "pos": "n",
              "tran": "掷；笨蛋；投击；怪人",
              "hwds": [
                {
                  "w": "simple"
                },
                {
                  "w": "turkey"
                }
              ]
            }
          ],
          "desc": "同近"
        },
        "ukphone": "pʊt",
        "ukspeech": "put&type=1",
        "star": 0,
        "phrase": {
          "phrases": [
            {
              "pContent": "put forward",
              "pCn": "v. 提出；拿出；放出；推举出"
            },
            {
              "pContent": "put in",
              "pCn": "提出，提交；放入；种植；使就职"
            },
            {
              "pContent": "put on",
              "pCn": "穿上；上演；增加；假装；使…上场"
            },
            {
              "pContent": "put into",
              "pCn": "使进入；把...放进；在……上种植"
            },
            {
              "pContent": "put up",
              "pCn": "提供；建造；举起；推举，提名；供给…住宿"
            },
            {
              "pContent": "put together",
              "pCn": "..放在一起；组合；装配"
            },
            {
              "pContent": "put out",
              "pCn": "熄灭；伸出；出版；使不方便，打扰"
            },
            {
              "pContent": "put it on",
              "pCn": "夸张；要高价；[俚]装腔作势"
            },
            {
              "pContent": "put forth",
              "pCn": "提出；发表；启航；（植物等）长出；放出"
            },
            {
              "pContent": "put for",
              "pCn": "以……为目标前进"
            },
            {
              "pContent": "put down",
              "pCn": "镇压；记下；贬低；制止"
            },
            {
              "pContent": "put off",
              "pCn": "推迟；扔掉；阻止"
            },
            {
              "pContent": "put into practice",
              "pCn": "实行，实施；落实"
            },
            {
              "pContent": "put into operation",
              "pCn": "使生效；使运转，使开动"
            },
            {
              "pContent": "put into production",
              "pCn": "把…投入生产"
            },
            {
              "pContent": "put into use",
              "pCn": "使用，应用；投入使用"
            },
            {
              "pContent": "put away",
              "pCn": "放好；抛弃；储存"
            },
            {
              "pContent": "put up with",
              "pCn": "v. 忍受；容忍"
            },
            {
              "pContent": "put emphasis on",
              "pCn": "重视，强调；把重点放在……"
            },
            {
              "pContent": "put in place",
              "pCn": "到位；落实到位；正在实施"
            }
          ],
          "desc": "短语"
        },
        "phone": "put",
        "speech": "put",
        "relWord": {
          "rels": [
            {
              "pos": "n",
              "words": [
                {
                  "hwd": "putting",
                  "tran": " 投掷；（高尔夫球）打球入洞"
                },
                {
                  "hwd": "putter",
                  "tran": " 推棒；置放者；新进的矿工"
                },
                {
                  "hwd": "putt",
                  "tran": " 轻轻一击"
                }
              ]
            },
            {
              "pos": "v",
              "words": [
                {
                  "hwd": "putting",
                  "tran": " 放置（put的ing形式）；轻击球；使球入洞的轻击（putt的ing形式）"
                }
              ]
            },
            {
              "pos": "vi",
              "words": [
                {
                  "hwd": "putter",
                  "tran": " 闲荡；行为懒散（过去式puttered，过去分词puttered，现在分词puttering，第三人称单数putters，名词putterer）"
                },
                {
                  "hwd": "putt",
                  "tran": " 轻击高尔夫球"
                }
              ]
            },
            {
              "pos": "vt",
              "words": [
                {
                  "hwd": "putter",
                  "tran": " 混过"
                },
                {
                  "hwd": "putt",
                  "tran": " 击球入洞"
                }
              ]
            }
          ],
          "desc": "同根"
        },
        "usspeech": "put&type=2",
        "trans": [
          {
            "tranCn": "放",
            "descOther": "英释",
            "descCn": "中释",
            "pos": "v",
            "tranOther": "to move something to a particular place or position, especially using your hands"
          }
        ]
      }
    }
  },
  "bookId": "IELTSluan_2"
}