{
  "wordRank": 1421,
  "headWord": "artery",
  "content": {
    "word": {
      "wordHead": "artery",
      "wordId": "IELTSluan_2_1421",
      "content": {
        "sentence": {
          "sentences": [
            {
              "sContent": "...Connecticut Ave., one of the main arteries of Washington.",
              "sCn": "…康涅狄格大道，华盛顿的主干道之一。"
            }
          ],
          "desc": "例句"
        },
        "usphone": "'ɑrtəri",
        "syno": {
          "synos": [
            {
              "pos": "n",
              "tran": "[解剖]动脉；[公路]干道；主流",
              "hwds": [
                {
                  "w": "mainstream"
                },
                {
                  "w": "backbone road"
                }
              ]
            }
          ],
          "desc": "同近"
        },
        "ukphone": "'ɑːtərɪ",
        "ukspeech": "artery&type=1",
        "star": 0,
        "phrase": {
          "phrases": [
            {
              "pContent": "coronary artery",
              "pCn": "[解]冠状动脉"
            },
            {
              "pContent": "coronary artery disease",
              "pCn": "冠状动脉疾病"
            },
            {
              "pContent": "carotid artery",
              "pCn": "颈动脉"
            },
            {
              "pContent": "pulmonary artery",
              "pCn": "n. [解]肺动脉"
            },
            {
              "pContent": "coronary artery bypass",
              "pCn": "冠状动脉旁路；冠状动脉绕道手术；冠状动脉分流术"
            },
            {
              "pContent": "hepatic artery",
              "pCn": "肝动脉"
            },
            {
              "pContent": "vertebral artery",
              "pCn": "椎动脉；脊椎动脉"
            },
            {
              "pContent": "radial artery",
              "pCn": "桡动脉；桡骨动脉"
            },
            {
              "pContent": "renal artery",
              "pCn": "肾动脉"
            },
            {
              "pContent": "femoral artery",
              "pCn": "股动脉；股骨动脉"
            },
            {
              "pContent": "mesenteric artery",
              "pCn": "肠系膜动脉"
            },
            {
              "pContent": "iliac artery",
              "pCn": "髂动脉"
            },
            {
              "pContent": "superior mesenteric artery",
              "pCn": "肠系膜上动脉"
            },
            {
              "pContent": "brachial artery",
              "pCn": "肱动脉；臂动脉"
            },
            {
              "pContent": "subclavian artery",
              "pCn": "锁骨下动脉"
            },
            {
              "pContent": "splenic artery",
              "pCn": "脾动脉；睥动脉"
            },
            {
              "pContent": "umbilical artery",
              "pCn": "n. 脐动脉"
            },
            {
              "pContent": "popliteal artery",
              "pCn": "腘动脉"
            },
            {
              "pContent": "maxillary artery",
              "pCn": "上颌动脉"
            }
          ],
          "desc": "短语"
        },
        "speech": "artery",
        "remMethod": {
          "val": " 和vein(n. 静脉)一起记",
          "desc": "记忆"
        },
        "relWord": {
          "rels": [
            {
              "pos": "adj",
              "words": [
                {
                  "hwd": "arterial",
                  "tran": " [解剖] 动脉的；干线的；像动脉的"
                },
                {
                  "hwd": "arteriolar",
                  "tran": " 小动脉的"
                },
                {
                  "hwd": "arteriosclerotic",
                  "tran": " 动脉硬化的"
                }
              ]
            },
            {
              "pos": "n",
              "words": [
                {
                  "hwd": "arteriole",
                  "tran": " [解剖] 小动脉；细动脉"
                },
                {
                  "hwd": "arteriosclerosis",
                  "tran": " [内科] 动脉硬化"
                },
                {
                  "hwd": "arteriectasis",
                  "tran": " 动脉扩张"
                },
                {
                  "hwd": "arteriogram",
                  "tran": " 动脉波；动脉脉搏图；动脉搏描记图"
                },
                {
                  "hwd": "arteriography",
                  "tran": " 动脉 X 线摄影法"
                },
                {
                  "hwd": "arteritis",
                  "tran": " [内科] 动脉炎"
                }
              ]
            },
            {
              "pos": "vt",
              "words": [
                {
                  "hwd": "arterialize",
                  "tran": " 化为动脉血"
                }
              ]
            }
          ],
          "desc": "同根"
        },
        "usspeech": "artery&type=2",
        "trans": [
          {
            "tranCn": "动脉，干线",
            "descOther": "英释",
            "descCn": "中释",
            "pos": "n",
            "tranOther": "one of the tubes that carries blood from your heart to the rest of your body"
          }
        ]
      }
    }
  },
  "bookId": "IELTSluan_2"
}