{
  "wordRank": 1422,
  "headWord": "resort",
  "content": {
    "word": {
      "wordHead": "resort",
      "wordId": "IELTSluan_2_1422",
      "content": {
        "sentence": {
          "sentences": [
            {
              "sContent": "His punishing work schedule had made him resort to drugs.",
              "sCn": "他那累人的工作日程已经使他不得不求助于毒品了。"
            }
          ],
          "desc": "例句"
        },
        "usphone": "rɪ'zɔrt",
        "syno": {
          "synos": [
            {
              "pos": "n",
              "tran": "凭借，手段；度假胜地；常去之地",
              "hwds": [
                {
                  "w": "instrument"
                },
                {
                  "w": "shift"
                },
                {
                  "w": "road"
                },
                {
                  "w": "tool"
                },
                {
                  "w": "implement"
                }
              ]
            },
            {
              "pos": "vi",
              "tran": "求助，诉诸；常去；采取某手段或方法",
              "hwds": [
                {
                  "w": "appeal"
                },
                {
                  "w": "ask for help"
                }
              ]
            }
          ],
          "desc": "同近"
        },
        "ukphone": "rɪ'zɔːt",
        "ukspeech": "resort&type=1",
        "star": 0,
        "phrase": {
          "phrases": [
            {
              "pContent": "last resort",
              "pCn": "最后手段"
            },
            {
              "pContent": "tourist resort",
              "pCn": "观光胜地"
            },
            {
              "pContent": "summer resort",
              "pCn": "避暑地；避暑圣地"
            },
            {
              "pContent": "holiday resort",
              "pCn": "度假胜地"
            },
            {
              "pContent": "resort hotel",
              "pCn": "度假酒店；度假村"
            },
            {
              "pContent": "ski resort",
              "pCn": "滑雪胜地"
            },
            {
              "pContent": "as a last resort",
              "pCn": "万不得已（作为最后手段）"
            },
            {
              "pContent": "beach resort",
              "pCn": "海滩度假村"
            },
            {
              "pContent": "lender of last resort",
              "pCn": "最后贷款者"
            },
            {
              "pContent": "seaside resort",
              "pCn": "海滨疗养地"
            },
            {
              "pContent": "scenic resort",
              "pCn": "风景区；旅游胜地"
            },
            {
              "pContent": "health resort",
              "pCn": "休养地，疗养胜地"
            },
            {
              "pContent": "in the last resort",
              "pCn": "作为最后一着"
            },
            {
              "pContent": "resort city",
              "pCn": "游览城市"
            }
          ],
          "desc": "短语"
        },
        "phone": "ri'zɔ:t",
        "speech": "resort",
        "remMethod": {
          "val": " 报告(report)上级， 紧急求助(resort)",
          "desc": "记忆"
        },
        "usspeech": "resort&type=2",
        "trans": [
          {
            "tranCn": "求助",
            "descOther": "英释",
            "descCn": "中释",
            "pos": "vi&n",
            "tranOther": "when you must use or depend on something because nothing better is available"
          }
        ]
      }
    }
  },
  "bookId": "IELTSluan_2"
}