{
  "wordRank": 1423,
  "headWord": "petal",
  "content": {
    "word": {
      "wordHead": "petal",
      "wordId": "IELTSluan_2_1423",
      "content": {
        "sentence": {
          "sentences": [
            {
              "sContent": "rose petals",
              "sCn": "玫瑰花瓣"
            },
            {
              "sContent": "The flower has seven petals.",
              "sCn": "这种花有七片花瓣。"
            }
          ],
          "desc": "例句"
        },
        "usphone": "'pɛtl",
        "ukphone": "'pet(ə)l",
        "ukspeech": "petal&type=1",
        "star": 0,
        "speech": "petal",
        "relWord": {
          "rels": [
            {
              "pos": "adj",
              "words": [
                {
                  "hwd": "petalless",
                  "tran": " 无瓣的"
                },
                {
                  "hwd": "petaloid",
                  "tran": " 似花瓣的"
                }
              ]
            }
          ],
          "desc": "同根"
        },
        "usspeech": "petal&type=2",
        "trans": [
          {
            "tranCn": "花瓣",
            "descOther": "英释",
            "descCn": "中释",
            "pos": "n",
            "tranOther": "one of the coloured parts of a flower that are shaped like leaves"
          }
        ]
      }
    }
  },
  "bookId": "IELTSluan_2"
}