{
  "wordRank": 1424,
  "headWord": "deficiency",
  "content": {
    "word": {
      "wordHead": "deficiency",
      "wordId": "IELTSluan_2_1424",
      "content": {
        "sentence": {
          "sentences": [
            {
              "sContent": "They did blood tests on him for signs of vitamin deficiency.",
              "sCn": "他们给他做了血检看是否有缺乏维生素的迹象。"
            }
          ],
          "desc": "例句"
        },
        "usphone": "dɪ'fɪʃənsi",
        "ukspeech": "deficiency&type=1",
        "star": 0,
        "usspeech": "deficiency&type=2",
        "syno": {
          "synos": [
            {
              "pos": "n",
              "tran": "缺陷，缺点；缺乏；不足的数额",
              "hwds": [
                {
                  "w": "defect"
                },
                {
                  "w": "shortage"
                },
                {
                  "w": "vice"
                },
                {
                  "w": "need"
                },
                {
                  "w": "fault"
                }
              ]
            }
          ],
          "desc": "同近"
        },
        "ukphone": "dɪ'fɪʃ(ə)nsɪ",
        "phrase": {
          "phrases": [
            {
              "pContent": "iron deficiency",
              "pCn": "缺铁；铁缺乏"
            },
            {
              "pContent": "iron deficiency anemia",
              "pCn": "缺铁性贫血"
            },
            {
              "pContent": "mental deficiency",
              "pCn": "心智缺陷；智力缺陷；精神不健全"
            },
            {
              "pContent": "acquired immune deficiency syndrome",
              "pCn": "艾滋病；获得性免疫缺陷综合症"
            },
            {
              "pContent": "deficiency disease",
              "pCn": "营养缺乏病"
            },
            {
              "pContent": "oxygen deficiency",
              "pCn": "缺氧"
            },
            {
              "pContent": "nutrient deficiency",
              "pCn": "营养不足；养分缺乏"
            },
            {
              "pContent": "vitamin deficiency",
              "pCn": "维生素缺乏；维生素缺乏症"
            },
            {
              "pContent": "nutritional deficiency",
              "pCn": "营养不良"
            }
          ],
          "desc": "短语"
        },
        "phone": "di'fiʃənsi",
        "speech": "deficiency",
        "remMethod": {
          "val": " de(离开) + fic(做) + iency → 做事不力， 缺乏能力 → 缺乏",
          "desc": "记忆"
        },
        "relWord": {
          "rels": [
            {
              "pos": "adj",
              "words": [
                {
                  "hwd": "deficient",
                  "tran": " 不足的；有缺陷的；不充分的"
                }
              ]
            },
            {
              "pos": "n",
              "words": [
                {
                  "hwd": "deficit",
                  "tran": " 赤字；不足额"
                }
              ]
            }
          ],
          "desc": "同根"
        },
        "trans": [
          {
            "tranCn": "缺乏，不足，不足之数",
            "descOther": "英释",
            "descCn": "中释",
            "pos": "n",
            "tranOther": "a lack of something that is necessary"
          }
        ]
      }
    }
  },
  "bookId": "IELTSluan_2"
}