{
  "wordRank": 1425,
  "headWord": "locality",
  "content": {
    "word": {
      "wordHead": "locality",
      "wordId": "IELTSluan_2_1425",
      "content": {
        "sentence": {
          "sentences": [
            {
              "sContent": "weather reports from several different localities",
              "sCn": "来自几个不同地区的天气报告"
            }
          ],
          "desc": "例句"
        },
        "usphone": "lo'kæləti",
        "syno": {
          "synos": [
            {
              "pos": "n",
              "tran": "所在；位置；地点",
              "hwds": [
                {
                  "w": "situation"
                },
                {
                  "w": "site"
                },
                {
                  "w": "spot"
                },
                {
                  "w": "lie"
                },
                {
                  "w": "where"
                }
              ]
            }
          ],
          "desc": "同近"
        },
        "ukphone": "lə(ʊ)'kælɪtɪ",
        "ukspeech": "locality&type=1",
        "star": 0,
        "phone": "ləu'kæləti",
        "speech": "locality",
        "remMethod": {
          "val": "来自local(a. 地方的)",
          "desc": "记忆"
        },
        "relWord": {
          "rels": [
            {
              "pos": "adj",
              "words": [
                {
                  "hwd": "local",
                  "tran": " 当地的；局部的；地方性的；乡土的"
                },
                {
                  "hwd": "localized",
                  "tran": " 局部的；地区的；小范围的"
                },
                {
                  "hwd": "localised",
                  "tran": " 限局性的，局部的"
                },
                {
                  "hwd": "locative",
                  "tran": " 表示位置的；位置格的"
                }
              ]
            },
            {
              "pos": "adv",
              "words": [
                {
                  "hwd": "locally",
                  "tran": " 局部地；在本地"
                }
              ]
            },
            {
              "pos": "n",
              "words": [
                {
                  "hwd": "local",
                  "tran": " [计] 局部；当地居民；本地新闻"
                },
                {
                  "hwd": "location",
                  "tran": " 位置（形容词locational）；地点；外景拍摄场地"
                },
                {
                  "hwd": "locale",
                  "tran": " 场所，现场"
                },
                {
                  "hwd": "localization",
                  "tran": " [计] 定位；局限；地方化"
                },
                {
                  "hwd": "locating",
                  "tran": " 定位；定位查找"
                },
                {
                  "hwd": "localisation",
                  "tran": " 本土化；定位"
                },
                {
                  "hwd": "localism",
                  "tran": " 有地方色彩，地方主义；方言"
                },
                {
                  "hwd": "locative",
                  "tran": " 位置格"
                },
                {
                  "hwd": "localizer",
                  "tran": " 定位信标；[计] 定位器（等于localiser）"
                }
              ]
            },
            {
              "pos": "v",
              "words": [
                {
                  "hwd": "localized",
                  "tran": " 定位（localize的过去分词）"
                },
                {
                  "hwd": "localised",
                  "tran": " 使地方化；定位；局限（localise的过去分词）"
                },
                {
                  "hwd": "locating",
                  "tran": " 找出；安置；确定…的位置（locate的ing形式）"
                }
              ]
            },
            {
              "pos": "vi",
              "words": [
                {
                  "hwd": "locate",
                  "tran": " 定位；定居"
                },
                {
                  "hwd": "localize",
                  "tran": " 局部化；集中"
                }
              ]
            },
            {
              "pos": "vt",
              "words": [
                {
                  "hwd": "locate",
                  "tran": " 位于；查找…的地点"
                },
                {
                  "hwd": "localize",
                  "tran": " 使地方化；使局部化；停留在一地方"
                },
                {
                  "hwd": "localise",
                  "tran": " 使地方化；定位；集中"
                }
              ]
            }
          ],
          "desc": "同根"
        },
        "usspeech": "locality&type=2",
        "trans": [
          {
            "tranCn": "地区，地方",
            "descOther": "英释",
            "descCn": "中释",
            "pos": "n",
            "tranOther": "a small area of a country, city etc"
          }
        ]
      }
    }
  },
  "bookId": "IELTSluan_2"
}