{
  "wordRank": 1426,
  "headWord": "handsome",
  "content": {
    "word": {
      "wordHead": "handsome",
      "wordId": "IELTSluan_2_1426",
      "content": {
        "sentence": {
          "sentences": [
            {
              "sContent": "a row of handsome Georgian houses",
              "sCn": "一排宏伟的乔治王朝时期的房子"
            }
          ],
          "desc": "例句"
        },
        "usphone": "'hænsəm",
        "syno": {
          "synos": [
            {
              "pos": "adj",
              "tran": "（男子）英俊的；可观的；大方的，慷慨的；健美而端庄的",
              "hwds": [
                {
                  "w": "generous"
                },
                {
                  "w": "liberal"
                }
              ]
            }
          ],
          "desc": "同近"
        },
        "ukphone": "'hæns(ə)m",
        "ukspeech": "handsome&type=1",
        "star": 0,
        "phrase": {
          "phrases": [
            {
              "pContent": "handsome boy",
              "pCn": "帅小伙"
            },
            {
              "pContent": "handsome salary",
              "pCn": "可观的薪水"
            }
          ],
          "desc": "短语"
        },
        "phone": "'hænsəm",
        "speech": "handsome",
        "relWord": {
          "rels": [
            {
              "pos": "adv",
              "words": [
                {
                  "hwd": "handsomely",
                  "tran": " 漂亮地；慷慨地；相当大地"
                }
              ]
            },
            {
              "pos": "n",
              "words": [
                {
                  "hwd": "handsomeness",
                  "tran": " 英俊；漂亮"
                }
              ]
            }
          ],
          "desc": "同根"
        },
        "usspeech": "handsome&type=2",
        "trans": [
          {
            "tranCn": "漂亮的；大方的",
            "descOther": "英释",
            "descCn": "中释",
            "pos": "adj",
            "tranOther": "an animal, object, or building that is handsome looks attractive in an impressive way"
          }
        ]
      }
    }
  },
  "bookId": "IELTSluan_2"
}