{
  "wordRank": 1427,
  "headWord": "myriad",
  "content": {
    "word": {
      "wordHead": "myriad",
      "wordId": "IELTSluan_2_1427",
      "content": {
        "sentence": {
          "sentences": [
            {
              "sContent": "We’re still studying a myriad of options.",
              "sCn": "我们仍在研究各种备选方案。"
            }
          ],
          "desc": "例句"
        },
        "usphone": "'miriəd",
        "syno": {
          "synos": [
            {
              "pos": "adj",
              "tran": "无数的；种种的",
              "hwds": [
                {
                  "w": "thousand"
                },
                {
                  "w": "countless"
                },
                {
                  "w": "million"
                },
                {
                  "w": "infinite"
                },
                {
                  "w": "innumerable"
                }
              ]
            },
            {
              "pos": "n",
              "tran": "无数，极大数量；无数的人或物",
              "hwds": [
                {
                  "w": "million"
                },
                {
                  "w": "innumerability"
                }
              ]
            }
          ],
          "desc": "同近"
        },
        "ukphone": "'mɪrɪəd",
        "ukspeech": "myriad&type=1",
        "star": 0,
        "phrase": {
          "phrases": [
            {
              "pContent": "a myriad of",
              "pCn": "大量的；无数的"
            }
          ],
          "desc": "短语"
        },
        "phone": "'miriəd",
        "speech": "myriad",
        "usspeech": "myriad&type=2",
        "trans": [
          {
            "tranCn": "极大数量",
            "descOther": "英释",
            "descCn": "中释",
            "pos": "n",
            "tranOther": "a very large number of things"
          }
        ]
      }
    }
  },
  "bookId": "IELTSluan_2"
}