{
  "wordRank": 1428,
  "headWord": "percussion",
  "content": {
    "word": {
      "wordHead": "percussion",
      "wordId": "IELTSluan_2_1428",
      "content": {
        "usphone": "pɚ'kʌʃən",
        "syno": {
          "synos": [
            {
              "pos": "n",
              "tran": "[临床]叩诊；振动；碰撞；敲打乐器；打击乐器组",
              "hwds": [
                {
                  "w": "vibration"
                },
                {
                  "w": "collision"
                },
                {
                  "w": "impact"
                },
                {
                  "w": "crash"
                }
              ]
            }
          ],
          "desc": "同近"
        },
        "ukphone": "pə'kʌʃ(ə)n",
        "ukspeech": "percussion&type=1",
        "star": 0,
        "phrase": {
          "phrases": [
            {
              "pContent": "percussion instrument",
              "pCn": "打击乐器"
            },
            {
              "pContent": "percussion drilling",
              "pCn": "冲击钻探，冲魂；冲唤钻眼，冲魂井"
            }
          ],
          "desc": "短语"
        },
        "phone": "pə:'kʌʃən",
        "speech": "percussion",
        "relWord": {
          "rels": [
            {
              "pos": "adj",
              "words": [
                {
                  "hwd": "percussive",
                  "tran": " 冲击的；叩诊的，敲击的"
                }
              ]
            },
            {
              "pos": "n",
              "words": [
                {
                  "hwd": "percussionist",
                  "tran": " 敲击乐器演奏者；打击乐器乐手"
                },
                {
                  "hwd": "percussor",
                  "tran": " 打诊槌，叩诊器"
                }
              ]
            },
            {
              "pos": "vi",
              "words": [
                {
                  "hwd": "percuss",
                  "tran": " 用叩诊法作为诊断的手段"
                }
              ]
            },
            {
              "pos": "vt",
              "words": [
                {
                  "hwd": "percuss",
                  "tran": " 轻敲；叩诊"
                }
              ]
            }
          ],
          "desc": "同根"
        },
        "usspeech": "percussion&type=2",
        "trans": [
          {
            "tranCn": "碰撞；震动",
            "descOther": "英释",
            "descCn": "中释",
            "pos": "n",
            "tranOther": "the sound or effect of two things hitting each other with great force"
          }
        ]
      }
    }
  },
  "bookId": "IELTSluan_2"
}