{
  "wordRank": 1429,
  "headWord": "routine",
  "content": {
    "word": {
      "wordHead": "routine",
      "wordId": "IELTSluan_2_1429",
      "content": {
        "sentence": {
          "sentences": [
            {
              "sContent": "John’s departure had upset their daily routine .",
              "sCn": "约翰的离去打乱了他们的日常生活。"
            },
            {
              "sContent": "Try to get into a routine (= develop a fixed order of doing things ) .",
              "sCn": "尽量养成一套习惯。"
            },
            {
              "sContent": "my daily exercise routine",
              "sCn": "我每天的锻炼习惯"
            },
            {
              "sContent": "Dressing is a task which we do every day as a matter of routine (= done regularly and not unusual ) .",
              "sCn": "穿衣打扮是我们每天必做的事情。"
            }
          ],
          "desc": "例句"
        },
        "usphone": "rʊ'tin",
        "syno": {
          "synos": [
            {
              "pos": "n",
              "tran": "[计]程序；日常工作；例行公事",
              "hwds": [
                {
                  "w": "procedure"
                },
                {
                  "w": "program"
                }
              ]
            },
            {
              "pos": "adj",
              "tran": "日常的；例行的",
              "hwds": [
                {
                  "w": "daily"
                },
                {
                  "w": "everyday"
                },
                {
                  "w": "household"
                }
              ]
            }
          ],
          "desc": "同近"
        },
        "ukphone": "ruː'tiːn",
        "ukspeech": "routine&type=1",
        "star": 0,
        "phrase": {
          "phrases": [
            {
              "pContent": "routine maintenance",
              "pCn": "日常维修；例行维护"
            },
            {
              "pContent": "routine work",
              "pCn": "日常工作；常规作业"
            },
            {
              "pContent": "daily routine",
              "pCn": "日常生活；日常工作"
            },
            {
              "pContent": "service routine",
              "pCn": "服务程序"
            },
            {
              "pContent": "routine analysis",
              "pCn": "常规分析；例行分析"
            },
            {
              "pContent": "routine examination",
              "pCn": "常规检查"
            },
            {
              "pContent": "routine operation",
              "pCn": "例行操作"
            },
            {
              "pContent": "routine test",
              "pCn": "定期试验；常规试验；例行程序试验；定期测验"
            },
            {
              "pContent": "routine inspection",
              "pCn": "例行检查；常规检查；日常检验"
            },
            {
              "pContent": "routine check",
              "pCn": "例行检查；程序校验"
            },
            {
              "pContent": "routine testing",
              "pCn": "常规测试；例行检查"
            },
            {
              "pContent": "working routine",
              "pCn": "工作程序；操作程序"
            },
            {
              "pContent": "complete routine",
              "pCn": "完整程序"
            },
            {
              "pContent": "executive routine",
              "pCn": "[计]执行例行程序；管理程序"
            },
            {
              "pContent": "routine practice",
              "pCn": "例行实作"
            }
          ],
          "desc": "短语"
        },
        "phone": "ru:'ti:n",
        "speech": "routine",
        "relWord": {
          "rels": [
            {
              "pos": "adv",
              "words": [
                {
                  "hwd": "routinely",
                  "tran": " 例行公事地；老一套地"
                }
              ]
            },
            {
              "pos": "n",
              "words": [
                {
                  "hwd": "routineer",
                  "tran": " 职员；墨守成规者；[通信] 定期测试装置"
                }
              ]
            }
          ],
          "desc": "同根"
        },
        "usspeech": "routine&type=2",
        "trans": [
          {
            "tranCn": "例行公事，惯例，常规",
            "descOther": "英释",
            "descCn": "中释",
            "pos": "n",
            "tranOther": "the usual order in which you do things, or the things you regularly do"
          }
        ]
      }
    }
  },
  "bookId": "IELTSluan_2"
}