{
  "wordRank": 143,
  "headWord": "retail",
  "content": {
    "word": {
      "wordHead": "retail",
      "wordId": "IELTSluan_2_143",
      "content": {
        "sentence": {
          "sentences": [
            {
              "sContent": "a retail price of £8.99",
              "sCn": "8.99英镑的零售价"
            },
            {
              "sContent": "The retail value would be around $500.",
              "sCn": "零售价在500美元左右。"
            },
            {
              "sContent": "Retail sales fell by 1.3% in January.",
              "sCn": "1月份零售额下降了1.3%。"
            }
          ],
          "desc": "例句"
        },
        "usphone": "'ritel",
        "ukspeech": "retail&type=1",
        "star": 0,
        "usspeech": "retail&type=2",
        "syno": {
          "synos": [
            {
              "pos": "n",
              "tran": "零售",
              "hwds": [
                {
                  "w": "sell-through"
                },
                {
                  "w": "resale"
                }
              ]
            }
          ],
          "desc": "同近"
        },
        "ukphone": "'riːteɪl",
        "phrase": {
          "phrases": [
            {
              "pContent": "retail business",
              "pCn": "零售业务；小生意"
            },
            {
              "pContent": "retail price",
              "pCn": "零售价"
            },
            {
              "pContent": "retail trade",
              "pCn": "零售业"
            },
            {
              "pContent": "retail market",
              "pCn": "零售市场"
            },
            {
              "pContent": "retail store",
              "pCn": "零售商店"
            },
            {
              "pContent": "retail chain",
              "pCn": "连锁店；零售联营"
            },
            {
              "pContent": "at retail",
              "pCn": "零售"
            },
            {
              "pContent": "retail banking",
              "pCn": "零售银行业务；小额银行业务"
            },
            {
              "pContent": "retail sale",
              "pCn": "零售销售"
            },
            {
              "pContent": "retail outlet",
              "pCn": "零售商店；零售门路"
            },
            {
              "pContent": "retail shop",
              "pCn": "零售店；分销店"
            },
            {
              "pContent": "retail bank",
              "pCn": "零售银行；商业零售银行"
            },
            {
              "pContent": "retail price index",
              "pCn": "零售价格指数"
            },
            {
              "pContent": "retail merchant",
              "pCn": "零售商"
            },
            {
              "pContent": "retail dealer",
              "pCn": "零售商"
            },
            {
              "pContent": "retail selling",
              "pCn": "零星销售"
            }
          ],
          "desc": "短语"
        },
        "phone": "'ri:teil",
        "speech": "retail",
        "remMethod": {
          "val": " re + tail(切割) → 切割成小块卖 → 零售",
          "desc": "记忆"
        },
        "relWord": {
          "rels": [
            {
              "pos": "n",
              "words": [
                {
                  "hwd": "retailer",
                  "tran": " 零售商；传播的人"
                },
                {
                  "hwd": "retailing",
                  "tran": " 零售业"
                }
              ]
            },
            {
              "pos": "v",
              "words": [
                {
                  "hwd": "retailing",
                  "tran": " 零售（retail的ing形式）"
                }
              ]
            }
          ],
          "desc": "同根"
        },
        "trans": [
          {
            "tranCn": "零售，零卖",
            "descOther": "英释",
            "descCn": "中释",
            "pos": "n&v",
            "tranOther": "the sale of goods in shops to customers, for their own use and not for selling to anyone else"
          }
        ]
      }
    }
  },
  "bookId": "IELTSluan_2"
}