{
  "wordRank": 1430,
  "headWord": "strip",
  "content": {
    "word": {
      "wordHead": "strip",
      "wordId": "IELTSluan_2_1430",
      "content": {
        "sentence": {
          "sentences": [
            {
              "sContent": "Strip the beds and wash the sheets.",
              "sCn": "把床单撤下来清洗。"
            }
          ],
          "desc": "例句"
        },
        "usphone": "strɪp",
        "ukspeech": "strip&type=1",
        "star": 0,
        "usspeech": "strip&type=2",
        "syno": {
          "synos": [
            {
              "pos": "vt",
              "tran": "剥夺；剥去；脱去衣服",
              "hwds": [
                {
                  "w": "shear"
                },
                {
                  "w": "destitute of"
                }
              ]
            },
            {
              "pos": "n",
              "tran": "带；条状；脱衣舞",
              "hwds": [
                {
                  "w": "belt"
                },
                {
                  "w": "band"
                }
              ]
            }
          ],
          "desc": "同近"
        },
        "ukphone": "strɪp",
        "phrase": {
          "phrases": [
            {
              "pContent": "strip of",
              "pCn": "剥夺"
            },
            {
              "pContent": "strip mill",
              "pCn": "带钢轧机；带材轧机；钢带轧机；板条辊轧机"
            },
            {
              "pContent": "steel strip",
              "pCn": "钢带"
            },
            {
              "pContent": "gaza strip",
              "pCn": "加沙地带"
            },
            {
              "pContent": "strip steel",
              "pCn": "带钢"
            },
            {
              "pContent": "hot strip mill",
              "pCn": "扁钢热轧机；带钢热轧机"
            },
            {
              "pContent": "narrow strip",
              "pCn": "窄带钢；窄带材"
            },
            {
              "pContent": "strip mining",
              "pCn": "露天开采"
            },
            {
              "pContent": "strip mine",
              "pCn": "n. （美）露天矿"
            },
            {
              "pContent": "copper strip",
              "pCn": "铜带；铜条"
            },
            {
              "pContent": "strip method",
              "pCn": "带状法，截片法"
            },
            {
              "pContent": "metal strip",
              "pCn": "铁带，钢带；金属条"
            },
            {
              "pContent": "strip width",
              "pCn": "条宽；行宽"
            },
            {
              "pContent": "sealing strip",
              "pCn": "封密条；汽封片"
            },
            {
              "pContent": "wide strip",
              "pCn": "宽带钢；宽带材"
            },
            {
              "pContent": "strip off",
              "pCn": "脱衣；脱去；剥落"
            },
            {
              "pContent": "comic strip",
              "pCn": "连载漫画；四格漫画"
            },
            {
              "pContent": "strip foundation",
              "pCn": "条形地基；长条基础"
            },
            {
              "pContent": "strip club",
              "pCn": "脱衣舞夜总会"
            },
            {
              "pContent": "test strip",
              "pCn": "试验片；测试条"
            }
          ],
          "desc": "短语"
        },
        "phone": "strip",
        "speech": "strip",
        "remMethod": {
          "val": " s(音似： 死) + trip(旅行) → 死亡剥夺了人的尘世之旅 → 剥夺",
          "desc": "记忆"
        },
        "relWord": {
          "rels": [
            {
              "pos": "adj",
              "words": [
                {
                  "hwd": "stripped",
                  "tran": " 剥去的"
                },
                {
                  "hwd": "striped",
                  "tran": " 有条纹的；有斑纹的"
                },
                {
                  "hwd": "stripy",
                  "tran": " 有条纹的；条纹状的"
                }
              ]
            },
            {
              "pos": "n",
              "words": [
                {
                  "hwd": "stripe",
                  "tran": " 条纹，斑纹；种类"
                },
                {
                  "hwd": "stripper",
                  "tran": " 脱衣舞女；剥离器；脱模机"
                },
                {
                  "hwd": "stripping",
                  "tran": " 剥离；剥脱；拆封"
                },
                {
                  "hwd": "striping",
                  "tran": " 拆开；去膜；加条纹；条纹图案"
                },
                {
                  "hwd": "stripteaser",
                  "tran": " 表演脱衣舞的女人"
                }
              ]
            },
            {
              "pos": "v",
              "words": [
                {
                  "hwd": "stripped",
                  "tran": " 剥夺（strip的过去分词形式）；脱衣；把…剪成条状"
                },
                {
                  "hwd": "striped",
                  "tran": " 被剥去（strip的过去分词）"
                },
                {
                  "hwd": "stripping",
                  "tran": " 剥去；脱掉；拆除（strip的ing形式）"
                },
                {
                  "hwd": "striping",
                  "tran": " 给…加条纹（strip的ing形式）"
                }
              ]
            },
            {
              "pos": "vt",
              "words": [
                {
                  "hwd": "stripe",
                  "tran": " 加条纹于…"
                }
              ]
            }
          ],
          "desc": "同根"
        },
        "trans": [
          {
            "tranCn": "剥去；除去；剥夺财产",
            "descOther": "英释",
            "descCn": "中释",
            "pos": "vt&vi",
            "tranOther": "to remove something that is covering the surface of something else"
          },
          {
            "tranCn": "狭长一片",
            "descOther": "英释",
            "descCn": "中释",
            "pos": "n",
            "tranOther": "a long narrow area of land"
          }
        ]
      }
    }
  },
  "bookId": "IELTSluan_2"
}