{
  "wordRank": 1431,
  "headWord": "amidst",
  "content": {
    "word": {
      "wordHead": "amidst",
      "wordId": "IELTSluan_2_1431",
      "content": {
        "sentence": {
          "sentences": [
            {
              "sContent": "During some trials, an audible tone was played through the headphones, either amidst white noise or on its own, and afterwards the participants were asked if they had noticed it.",
              "sContent_eng": "During some trials, an audible tone was played through the headphones, either <b>amidst</b> white noise or on its own, and afterwards the participants were asked if they had noticed it.",
              "sSpeech": "During+some+trials%2C+an+audible+tone+was+played+through+the+headphones%2C+either+amidst+white+noise+or+on+its+own%2C+and+afterwards+the+participants+were+asked+if+they+had+noticed+it.&le=eng",
              "sCn": "在一些测试中，耳机里会播放一些可被听见的声音，该声音或混杂于白噪音中，或单独播放，之后，参与者将被问及是否注意到这些声音。"
            }
          ],
          "desc": "例句"
        },
        "usphone": "ə'mɪdst",
        "syno": {
          "synos": [
            {
              "pos": "prep",
              "tran": "在…当中",
              "hwds": [
                {
                  "w": "amongst"
                }
              ]
            }
          ],
          "desc": "同近"
        },
        "ukphone": "ə'mɪdst",
        "ukspeech": "amidst&type=1",
        "star": 0,
        "usspeech": "amidst&type=2",
        "trans": [
          {
            "tranCn": "=amid",
            "descCn": "中释",
            "pos": "prep"
          },
          {
            "tranCn": "当中",
            "descCn": "中释",
            "pos": "在"
          }
        ]
      }
    }
  },
  "bookId": "IELTSluan_2"
}