{
  "wordRank": 1432,
  "headWord": "minister",
  "content": {
    "word": {
      "wordHead": "minister",
      "wordId": "IELTSluan_2_1432",
      "content": {
        "usphone": "'mɪnɪstɚ",
        "syno": {
          "synos": [
            {
              "pos": "n",
              "tran": "部长；大臣；牧师",
              "hwds": [
                {
                  "w": "secretary"
                },
                {
                  "w": "priest"
                }
              ]
            }
          ],
          "desc": "同近"
        },
        "ukphone": "'mɪnɪstə",
        "ukspeech": "minister&type=1",
        "star": 0,
        "phrase": {
          "phrases": [
            {
              "pContent": "prime minister",
              "pCn": "首相，总理"
            },
            {
              "pContent": "foreign minister",
              "pCn": "外交部长"
            },
            {
              "pContent": "finance minister",
              "pCn": "财政部长"
            },
            {
              "pContent": "vice minister",
              "pCn": "n. 副部长，副总理"
            },
            {
              "pContent": "defense minister",
              "pCn": "国防部长"
            },
            {
              "pContent": "deputy prime minister",
              "pCn": "副总理；副首相"
            },
            {
              "pContent": "cabinet minister",
              "pCn": "n. 大臣；阁僚"
            },
            {
              "pContent": "interior minister",
              "pCn": "内政部长"
            },
            {
              "pContent": "minister of education",
              "pCn": "教育部长"
            },
            {
              "pContent": "minister of state",
              "pCn": "国务大臣"
            },
            {
              "pContent": "commerce minister",
              "pCn": "商业部长"
            },
            {
              "pContent": "home minister",
              "pCn": "内政部长"
            },
            {
              "pContent": "assistant minister",
              "pCn": "部长助理"
            },
            {
              "pContent": "minister counselor",
              "pCn": "公使"
            }
          ],
          "desc": "短语"
        },
        "phone": "'ministə",
        "speech": "minister",
        "relWord": {
          "rels": [
            {
              "pos": "adj",
              "words": [
                {
                  "hwd": "ministerial",
                  "tran": " 部长的；内阁的；公使的；牧师的"
                },
                {
                  "hwd": "ministrant",
                  "tran": " 服务的；辅助的"
                }
              ]
            },
            {
              "pos": "n",
              "words": [
                {
                  "hwd": "ministration",
                  "tran": " 援助；服侍；职务"
                },
                {
                  "hwd": "ministrant",
                  "tran": " 服侍者；协助者"
                }
              ]
            }
          ],
          "desc": "同根"
        },
        "usspeech": "minister&type=2",
        "trans": [
          {
            "tranCn": "照顾，给予帮助",
            "descCn": "中释",
            "pos": "v"
          }
        ]
      }
    }
  },
  "bookId": "IELTSluan_2"
}