{
  "wordRank": 1433,
  "headWord": "funeral",
  "content": {
    "word": {
      "wordHead": "funeral",
      "wordId": "IELTSluan_2_1433",
      "content": {
        "sentence": {
          "sentences": [
            {
              "sContent": "The funeral will be held at St. Martin’s Church.",
              "sCn": "葬礼将在圣马丁教堂举行。"
            },
            {
              "sContent": "Hundreds of mourners attended the funeral of the two boys.",
              "sCn": "数百名哀悼者参加了那两个男孩的葬礼。"
            },
            {
              "sContent": "the minister who conducted the funeral service",
              "sCn": "主持葬礼的牧师"
            },
            {
              "sContent": "Nelson’s funeral procession down the Thames",
              "sCn": "沿泰晤士河而下为纳尔逊送葬的队伍"
            },
            {
              "sContent": "Ramdas set fire to the funeral pyre .",
              "sCn": "拉姆达斯点燃了火葬柴堆。"
            }
          ],
          "desc": "例句"
        },
        "usphone": "'fjunərəl",
        "syno": {
          "synos": [
            {
              "pos": "n",
              "tran": "葬礼；麻烦事",
              "hwds": [
                {
                  "w": "obsequies"
                },
                {
                  "w": "interment"
                }
              ]
            },
            {
              "pos": "adj",
              "tran": "丧葬的，出殡的",
              "hwds": [
                {
                  "w": "sepulchral"
                }
              ]
            }
          ],
          "desc": "同近"
        },
        "ukphone": "'fjuːn(ə)r(ə)l",
        "ukspeech": "funeral&type=1",
        "star": 0,
        "phrase": {
          "phrases": [
            {
              "pContent": "funeral home",
              "pCn": "n. （美）殡仪馆"
            },
            {
              "pContent": "funeral service",
              "pCn": "丧礼仪式"
            },
            {
              "pContent": "funeral procession",
              "pCn": "送葬"
            },
            {
              "pContent": "state funeral",
              "pCn": "n. 国葬"
            },
            {
              "pContent": "funeral and interment",
              "pCn": "殡葬"
            },
            {
              "pContent": "funeral expenses",
              "pCn": "殡殓费，丧葬费"
            },
            {
              "pContent": "wedding and funeral",
              "pCn": "红白喜事"
            },
            {
              "pContent": "funeral parlor",
              "pCn": "n. 殡仪馆"
            },
            {
              "pContent": "funeral parlour",
              "pCn": "n. 殡仪馆"
            },
            {
              "pContent": "funeral march",
              "pCn": "葬礼进行曲，送葬曲"
            }
          ],
          "desc": "短语"
        },
        "phone": "'fju:nərəl",
        "speech": "funeral",
        "relWord": {
          "rels": [
            {
              "pos": "adj",
              "words": [
                {
                  "hwd": "funerary",
                  "tran": " 埋葬的；葬礼的"
                },
                {
                  "hwd": "funereal",
                  "tran": " 悲哀的；送葬的；适合葬礼的"
                }
              ]
            }
          ],
          "desc": "同根"
        },
        "usspeech": "funeral&type=2",
        "trans": [
          {
            "tranCn": "葬礼，丧葬",
            "descOther": "英释",
            "descCn": "中释",
            "pos": "n",
            "tranOther": "a religious ceremony for burying or  cremating (= burning )  someone who has died"
          }
        ]
      }
    }
  },
  "bookId": "IELTSluan_2"
}