{
  "wordRank": 1434,
  "headWord": "corrode",
  "content": {
    "word": {
      "wordHead": "corrode",
      "wordId": "IELTSluan_2_1434",
      "content": {
        "sentence": {
          "sentences": [
            {
              "sContent": "Acidic water will corrode the pipes.",
              "sCn": "酸性水会腐蚀管子。"
            }
          ],
          "desc": "例句"
        },
        "usphone": "kə'rod",
        "syno": {
          "synos": [
            {
              "pos": "vt",
              "tran": "侵蚀；损害",
              "hwds": [
                {
                  "w": "hurt"
                },
                {
                  "w": "weather"
                }
              ]
            },
            {
              "pos": "vi",
              "tran": "受腐蚀；起腐蚀作用",
              "hwds": [
                {
                  "w": "erode"
                }
              ]
            }
          ],
          "desc": "同近"
        },
        "ukphone": "kə'rəʊd",
        "ukspeech": "corrode&type=1",
        "star": 0,
        "phone": "kə'rəud",
        "speech": "corrode",
        "remMethod": {
          "val": " cor(表加强) + rod(咬) + e → 用力咬掉 → 腐蚀； 侵蚀",
          "desc": "记忆"
        },
        "relWord": {
          "rels": [
            {
              "pos": "adj",
              "words": [
                {
                  "hwd": "corrosive",
                  "tran": " 腐蚀的；侵蚀性的"
                },
                {
                  "hwd": "corroded",
                  "tran": " 侵蚀的，已被腐蚀的"
                },
                {
                  "hwd": "corroding",
                  "tran": " 腐蚀的"
                }
              ]
            },
            {
              "pos": "n",
              "words": [
                {
                  "hwd": "corrosion",
                  "tran": " 腐蚀；腐蚀产生的物质；衰败"
                },
                {
                  "hwd": "corrosive",
                  "tran": " 腐蚀物"
                }
              ]
            },
            {
              "pos": "v",
              "words": [
                {
                  "hwd": "corroding",
                  "tran": " 腐蚀（corrode的ing形式）；侵蚀"
                }
              ]
            }
          ],
          "desc": "同根"
        },
        "usspeech": "corrode&type=2",
        "trans": [
          {
            "tranCn": "腐蚀，侵蚀",
            "descOther": "英释",
            "descCn": "中释",
            "pos": "v",
            "tranOther": "if metal corrodes, or if something corrodes it, it is slowly destroyed by the effect of water, chemicals etc"
          }
        ]
      }
    }
  },
  "bookId": "IELTSluan_2"
}