{
  "wordRank": 1435,
  "headWord": "incidence",
  "content": {
    "word": {
      "wordHead": "incidence",
      "wordId": "IELTSluan_2_1435",
      "content": {
        "sentence": {
          "sentences": [
            {
              "sContent": "The incidence of breast cancer increases with age.",
              "sCn": "乳腺癌的发病率随着年龄的增长而上升。"
            }
          ],
          "desc": "例句"
        },
        "usphone": "'ɪnsɪdəns",
        "syno": {
          "synos": [
            {
              "pos": "n",
              "tran": "发生率；影响；[光]入射；影响范围",
              "hwds": [
                {
                  "w": "infection"
                },
                {
                  "w": "impression"
                },
                {
                  "w": "effect"
                },
                {
                  "w": "influence"
                },
                {
                  "w": "affection"
                }
              ]
            }
          ],
          "desc": "同近"
        },
        "ukphone": "'ɪnsɪd(ə)ns",
        "ukspeech": "incidence&type=1",
        "star": 0,
        "phrase": {
          "phrases": [
            {
              "pContent": "incidence rate",
              "pCn": "发生率，发病率"
            },
            {
              "pContent": "incidence angle",
              "pCn": "入射角，迎角；安装角"
            },
            {
              "pContent": "angle of incidence",
              "pCn": "[计]入射角"
            },
            {
              "pContent": "normal incidence",
              "pCn": "正入射；垂直入射；法线入射"
            },
            {
              "pContent": "incidence matrix",
              "pCn": "关联矩阵"
            },
            {
              "pContent": "incidence of a disease",
              "pCn": "发病率"
            },
            {
              "pContent": "oblique incidence",
              "pCn": "倾斜入射"
            },
            {
              "pContent": "grazing incidence",
              "pCn": "掠入射；切线入射；临界入射"
            },
            {
              "pContent": "glancing incidence",
              "pCn": "掠入射；切线入射"
            }
          ],
          "desc": "短语"
        },
        "phone": "'insidəns",
        "speech": "incidence",
        "relWord": {
          "rels": [
            {
              "pos": "adj",
              "words": [
                {
                  "hwd": "incident",
                  "tran": " [光] 入射的；附带的；易发生的，伴随而来的"
                },
                {
                  "hwd": "incidental",
                  "tran": " 附带的；偶然的；容易发生的"
                }
              ]
            },
            {
              "pos": "n",
              "words": [
                {
                  "hwd": "incident",
                  "tran": " 事件，事变；插曲"
                },
                {
                  "hwd": "incidental",
                  "tran": " 附带事件；偶然事件；杂项"
                }
              ]
            }
          ],
          "desc": "同根"
        },
        "usspeech": "incidence&type=2",
        "trans": [
          {
            "tranCn": "发生率，影响的方式",
            "descOther": "英释",
            "descCn": "中释",
            "pos": "n",
            "tranOther": "the number of times something happens, especially crime, disease etc"
          }
        ]
      }
    }
  },
  "bookId": "IELTSluan_2"
}