{
  "wordRank": 1436,
  "headWord": "scheme",
  "content": {
    "word": {
      "wordHead": "scheme",
      "wordId": "IELTSluan_2_1436",
      "content": {
        "sentence": {
          "sentences": [
            {
              "sContent": "a get-rich-quick scheme",
              "sCn": "快速致富的手段"
            }
          ],
          "desc": "例句"
        },
        "usphone": "skim",
        "ukspeech": "scheme&type=1",
        "star": 0,
        "usspeech": "scheme&type=2",
        "syno": {
          "synos": [
            {
              "pos": "n",
              "tran": "计划；组合；体制；诡计",
              "hwds": [
                {
                  "w": "plan"
                },
                {
                  "w": "programme"
                },
                {
                  "w": "system"
                },
                {
                  "w": "organization"
                },
                {
                  "w": "fraud"
                }
              ]
            },
            {
              "pos": "vt",
              "tran": "计划；策划",
              "hwds": [
                {
                  "w": "design"
                },
                {
                  "w": "map"
                },
                {
                  "w": "propose"
                },
                {
                  "w": "project"
                },
                {
                  "w": "engineer"
                }
              ]
            }
          ],
          "desc": "同近"
        },
        "ukphone": "skiːm",
        "phrase": {
          "phrases": [
            {
              "pContent": "design scheme",
              "pCn": "设计方案"
            },
            {
              "pContent": "scheme design",
              "pCn": "[经]初步设计"
            },
            {
              "pContent": "color scheme",
              "pCn": "配色方案，色彩设计"
            },
            {
              "pContent": "coding scheme",
              "pCn": "编码方案"
            },
            {
              "pContent": "pilot scheme",
              "pCn": "[经]小规模试验计划"
            },
            {
              "pContent": "allocation scheme",
              "pCn": "分配方式"
            },
            {
              "pContent": "ponzi scheme",
              "pCn": "庞氏骗局（指骗人向虚设的企业投资，以后来投资者的钱作为快速盈利付给最初投资者以诱使更多人上当）"
            },
            {
              "pContent": "flow scheme",
              "pCn": "流程表，流程图"
            },
            {
              "pContent": "finite difference scheme",
              "pCn": "[计]有限差分格式"
            },
            {
              "pContent": "modulation scheme",
              "pCn": "[计]调制方案"
            },
            {
              "pContent": "pension scheme",
              "pCn": "退休金计划"
            },
            {
              "pContent": "pyramid scheme",
              "pCn": "金字塔骗局；非法传销"
            },
            {
              "pContent": "colour scheme",
              "pCn": "色调搭配；色系"
            },
            {
              "pContent": "implicit scheme",
              "pCn": "隐格式"
            },
            {
              "pContent": "working scheme",
              "pCn": "施工方案；施业规划；工作计划；加工方案"
            },
            {
              "pContent": "preliminary scheme",
              "pCn": "初步规划"
            },
            {
              "pContent": "scheme of control",
              "pCn": "管制计划"
            },
            {
              "pContent": "marking scheme",
              "pCn": "评分方案"
            },
            {
              "pContent": "housing scheme",
              "pCn": "住宅建筑方案"
            },
            {
              "pContent": "principle scheme",
              "pCn": "原理图"
            }
          ],
          "desc": "短语"
        },
        "phone": "ski:m",
        "speech": "scheme",
        "remMethod": {
          "val": " 根据图解(schema)来计划(scheme)行程",
          "desc": "记忆"
        },
        "relWord": {
          "rels": [
            {
              "pos": "adj",
              "words": [
                {
                  "hwd": "scheming",
                  "tran": " 惯耍阴谋的，诡计多端的"
                }
              ]
            },
            {
              "pos": "adv",
              "words": [
                {
                  "hwd": "schematically",
                  "tran": " 计划性地；按照图式"
                }
              ]
            },
            {
              "pos": "n",
              "words": [
                {
                  "hwd": "schemer",
                  "tran": " 阴谋家；谋士；计划者"
                }
              ]
            },
            {
              "pos": "v",
              "words": [
                {
                  "hwd": "scheming",
                  "tran": " 策划（scheme的ing形式）；制定计划"
                }
              ]
            },
            {
              "pos": "vt",
              "words": [
                {
                  "hwd": "schematize",
                  "tran": " 系统化；计划；扼要表示"
                }
              ]
            }
          ],
          "desc": "同根"
        },
        "trans": [
          {
            "tranCn": "安排；计划，阴谋",
            "descOther": "英释",
            "descCn": "中释",
            "pos": "n&v",
            "tranOther": "a clever plan, especially to do something that is bad or illegal – used in order to show disapproval"
          }
        ]
      }
    }
  },
  "bookId": "IELTSluan_2"
}