{
  "wordRank": 1437,
  "headWord": "rail",
  "content": {
    "word": {
      "wordHead": "rail",
      "wordId": "IELTSluan_2_1437",
      "content": {
        "sentence": {
          "sentences": [
            {
              "sContent": "Several passengers were leaning against the ship’s rail.",
              "sCn": "几名乘客斜靠在轮船的栏杆上。"
            }
          ],
          "desc": "例句"
        },
        "usphone": "rel",
        "syno": {
          "synos": [
            {
              "pos": "n",
              "tran": "[铁路]铁轨；[建]扶手；横杆；围栏",
              "hwds": [
                {
                  "w": "pen"
                },
                {
                  "w": "rider"
                }
              ]
            },
            {
              "pos": "vi",
              "tran": "抱怨；责骂",
              "hwds": [
                {
                  "w": "rate"
                },
                {
                  "w": "beef about"
                }
              ]
            }
          ],
          "desc": "同近"
        },
        "ukphone": "reɪl",
        "ukspeech": "rail&type=1",
        "star": 0,
        "phrase": {
          "phrases": [
            {
              "pContent": "rail transit",
              "pCn": "城市轨道交通；铁路直达运输"
            },
            {
              "pContent": "by rail",
              "pCn": "由铁路，乘火车"
            },
            {
              "pContent": "light rail",
              "pCn": "轻轨；轻轨电车"
            },
            {
              "pContent": "rail transport",
              "pCn": "铁路运输"
            },
            {
              "pContent": "on the rails",
              "pCn": "正常进行；在正常轨道上"
            },
            {
              "pContent": "guide rail",
              "pCn": "导轨；导杆"
            },
            {
              "pContent": "off the rails",
              "pCn": "出轨的；混乱的，神经错乱的"
            },
            {
              "pContent": "heavy rail",
              "pCn": "n. 重轨；重钢轨"
            },
            {
              "pContent": "steel rail",
              "pCn": "钢轨"
            },
            {
              "pContent": "on rail",
              "pCn": "铁路交货"
            },
            {
              "pContent": "slide rail",
              "pCn": "滑道，滑轨"
            },
            {
              "pContent": "rail steel",
              "pCn": "轨钢，钢轨钢"
            },
            {
              "pContent": "rail link",
              "pCn": "铁路联络线，轨节"
            },
            {
              "pContent": "go off the rails",
              "pCn": "◎行为越轨；(在实际问题上或道路上)走上错误的道路"
            },
            {
              "pContent": "rail track",
              "pCn": "轨道；铁路线路"
            },
            {
              "pContent": "rail surface",
              "pCn": "轨面"
            },
            {
              "pContent": "guard rail",
              "pCn": "防护轨"
            },
            {
              "pContent": "rail service",
              "pCn": "铁路运输"
            },
            {
              "pContent": "rail car",
              "pCn": "n. 机动轨道车；单节机动有轨车"
            },
            {
              "pContent": "side rail",
              "pCn": "纵梁，床侧板；护栏，舷梯扶手"
            }
          ],
          "desc": "短语"
        },
        "phone": "reil",
        "speech": "rail",
        "relWord": {
          "rels": [
            {
              "pos": "n",
              "words": [
                {
                  "hwd": "railing",
                  "tran": " 栏杆；扶手"
                }
              ]
            }
          ],
          "desc": "同根"
        },
        "usspeech": "rail&type=2",
        "trans": [
          {
            "tranCn": "栏杆；横杆",
            "descOther": "英释",
            "descCn": "中释",
            "pos": "n",
            "tranOther": "a bar that is fastened along or around something, especially to stop you from going somewhere or from falling"
          }
        ]
      }
    }
  },
  "bookId": "IELTSluan_2"
}