{
  "wordRank": 1438,
  "headWord": "ponderous",
  "content": {
    "word": {
      "wordHead": "ponderous",
      "wordId": "IELTSluan_2_1438",
      "content": {
        "sentence": {
          "sentences": [
            {
              "sContent": "He had a dense, ponderous style.",
              "sCn": "他的风格是词藻堆砌、冗长沉闷。"
            }
          ],
          "desc": "例句"
        },
        "usphone": "'pɑndərəs",
        "syno": {
          "synos": [
            {
              "pos": "adj",
              "tran": "笨重的；沉闷的；呆板的",
              "hwds": [
                {
                  "w": "mechanical"
                },
                {
                  "w": "wooden"
                },
                {
                  "w": "dead"
                },
                {
                  "w": "cumbersome"
                }
              ]
            }
          ],
          "desc": "同近"
        },
        "ukphone": "'pɒnd(ə)rəs",
        "ukspeech": "ponderous&type=1",
        "star": 0,
        "speech": "ponderous",
        "relWord": {
          "rels": [
            {
              "pos": "adj",
              "words": [
                {
                  "hwd": "ponderable",
                  "tran": " 有重量的；可称量的；有价值的"
                }
              ]
            },
            {
              "pos": "adv",
              "words": [
                {
                  "hwd": "ponderously",
                  "tran": " 笨重地；生硬地"
                }
              ]
            },
            {
              "pos": "n",
              "words": [
                {
                  "hwd": "ponderable",
                  "tran": " 值得考虑的事物"
                },
                {
                  "hwd": "ponderosity",
                  "tran": " 笨重，沉重"
                }
              ]
            },
            {
              "pos": "vi",
              "words": [
                {
                  "hwd": "ponder",
                  "tran": " 考虑；沉思"
                }
              ]
            },
            {
              "pos": "vt",
              "words": [
                {
                  "hwd": "ponder",
                  "tran": " 仔细考虑；衡量"
                }
              ]
            }
          ],
          "desc": "同根"
        },
        "usspeech": "ponderous&type=2",
        "trans": [
          {
            "tranCn": "沉重的，笨重的；(文章)冗长的",
            "descOther": "英释",
            "descCn": "中释",
            "pos": "adj",
            "tranOther": "Ponderous writing or speech is very serious, uses more words than necessary, and is dull"
          }
        ]
      }
    }
  },
  "bookId": "IELTSluan_2"
}