{
  "wordRank": 1439,
  "headWord": "degrade",
  "content": {
    "word": {
      "wordHead": "degrade",
      "wordId": "IELTSluan_2_1439",
      "content": {
        "sentence": {
          "sentences": [
            {
              "sContent": "a movie that degrades women",
              "sCn": "贬损女性的影片"
            }
          ],
          "desc": "例句"
        },
        "usphone": "dɪ'ɡred",
        "antos": {
          "anto": [
            {
              "hwd": "dignify"
            }
          ],
          "desc": "反义"
        },
        "ukspeech": "degrade&type=1",
        "star": 0,
        "usspeech": "degrade&type=2",
        "syno": {
          "synos": [
            {
              "pos": "vt",
              "tran": "贬低；使……丢脸；使……降级；使……降解",
              "hwds": [
                {
                  "w": "lower"
                },
                {
                  "w": "bemean"
                }
              ]
            },
            {
              "pos": "vi",
              "tran": "降级，降低；退化",
              "hwds": [
                {
                  "w": "sink in the scale"
                },
                {
                  "w": "lower down"
                }
              ]
            }
          ],
          "desc": "同近"
        },
        "ukphone": "dɪ'greɪd",
        "phone": "'di'ɡreid",
        "speech": "degrade",
        "remMethod": {
          "val": " de(向下) + grade(级别) → 降低级别 → 降级",
          "desc": "记忆"
        },
        "relWord": {
          "rels": [
            {
              "pos": "adj",
              "words": [
                {
                  "hwd": "degraded",
                  "tran": " 退化的；堕落的；被降级的"
                },
                {
                  "hwd": "degrading",
                  "tran": " 可耻的；丧失体面的；不名誉的"
                }
              ]
            },
            {
              "pos": "n",
              "words": [
                {
                  "hwd": "degradation",
                  "tran": " 退化；降格，降级；堕落"
                },
                {
                  "hwd": "degrader",
                  "tran": " 降能器"
                }
              ]
            },
            {
              "pos": "v",
              "words": [
                {
                  "hwd": "degraded",
                  "tran": " 分解（degrade的过去分词）；降低…的身份；削减"
                },
                {
                  "hwd": "degrading",
                  "tran": " 退化（degrade的ing形式）；减少；降低…的身份"
                }
              ]
            }
          ],
          "desc": "同根"
        },
        "trans": [
          {
            "tranCn": "降级，堕落，贬黜",
            "descCn": "中释",
            "pos": "v"
          }
        ]
      }
    }
  },
  "bookId": "IELTSluan_2"
}