{
  "wordRank": 144,
  "headWord": "rear",
  "content": {
    "word": {
      "wordHead": "rear",
      "wordId": "IELTSluan_2_144",
      "content": {
        "sentence": {
          "sentences": [
            {
              "sContent": "He settled back in the rear of the taxi.",
              "sCn": "他在出租车后座，往后靠着坐好了。"
            }
          ],
          "desc": "例句"
        },
        "usphone": "rɪr",
        "syno": {
          "synos": [
            {
              "pos": "vt",
              "tran": "培养；树立；栽种",
              "hwds": [
                {
                  "w": "cultivate"
                },
                {
                  "w": "foster"
                },
                {
                  "w": "plant"
                },
                {
                  "w": "set"
                },
                {
                  "w": "bed"
                }
              ]
            },
            {
              "pos": "vi",
              "tran": "暴跳；高耸",
              "hwds": [
                {
                  "w": "rise"
                },
                {
                  "w": "tower"
                }
              ]
            },
            {
              "pos": "adv",
              "tran": "向后；在后面",
              "hwds": [
                {
                  "w": "fro"
                },
                {
                  "w": "aback"
                }
              ]
            },
            {
              "pos": "adj",
              "tran": "[军]后方的；后面的；背面的",
              "hwds": [
                {
                  "w": "latter"
                },
                {
                  "w": "back"
                }
              ]
            },
            {
              "pos": "n",
              "tran": "后面；屁股；后方部队",
              "hwds": [
                {
                  "w": "back"
                },
                {
                  "w": "behind"
                },
                {
                  "w": "ass"
                }
              ]
            }
          ],
          "desc": "同近"
        },
        "ukphone": "rɪə",
        "ukspeech": "rear&type=1",
        "star": 0,
        "phrase": {
          "phrases": [
            {
              "pContent": "front and rear",
              "pCn": "在前后"
            },
            {
              "pContent": "rear axle",
              "pCn": "后桥；后轴"
            },
            {
              "pContent": "rear wheel",
              "pCn": "后轮；后车轮"
            },
            {
              "pContent": "rear end",
              "pCn": "n. 臀部；后部"
            },
            {
              "pContent": "rear area",
              "pCn": "大后方；后方地域"
            },
            {
              "pContent": "rear view",
              "pCn": "后视图"
            },
            {
              "pContent": "rear view mirror",
              "pCn": "后视镜"
            },
            {
              "pContent": "rear seat",
              "pCn": "后座；后座椅"
            },
            {
              "pContent": "rear suspension",
              "pCn": "后悬吊，后悬吊系统；后悬挂装置"
            },
            {
              "pContent": "rear door",
              "pCn": "后门；后门板；后车门"
            },
            {
              "pContent": "in the rear of",
              "pCn": "adj. 在...的后部（在...的背后）"
            },
            {
              "pContent": "rear bumper",
              "pCn": "后保险杠；后档"
            },
            {
              "pContent": "rear side",
              "pCn": "后侧；背部"
            },
            {
              "pContent": "rear spoiler",
              "pCn": "后扰流板"
            },
            {
              "pContent": "rear projection",
              "pCn": "背面投影；尾部投影"
            },
            {
              "pContent": "rear guard",
              "pCn": "后卫部队；殿后"
            },
            {
              "pContent": "rear brake",
              "pCn": "后煞车器；后轴制动器"
            },
            {
              "pContent": "rear admiral",
              "pCn": "海军少将"
            },
            {
              "pContent": "rear window",
              "pCn": "后窗，后窗玻璃；后挡风玻璃"
            },
            {
              "pContent": "rear axle housing",
              "pCn": "后桥壳；后轴套；后轴壳"
            }
          ],
          "desc": "短语"
        },
        "phone": "riə",
        "speech": "rear",
        "relWord": {
          "rels": [
            {
              "pos": "adj",
              "words": [
                {
                  "hwd": "rearward",
                  "tran": " 向后方的；在末尾的"
                },
                {
                  "hwd": "rearmost",
                  "tran": " 最后的"
                }
              ]
            },
            {
              "pos": "adv",
              "words": [
                {
                  "hwd": "rearward",
                  "tran": " 在后面；向后面"
                }
              ]
            },
            {
              "pos": "n",
              "words": [
                {
                  "hwd": "rearward",
                  "tran": " 背后；后部"
                }
              ]
            }
          ],
          "desc": "同根"
        },
        "usspeech": "rear&type=2",
        "trans": [
          {
            "tranCn": "后部，后面",
            "descOther": "英释",
            "descCn": "中释",
            "pos": "n",
            "tranOther": "the back part of an object, vehicle, or building, or a position at the back of an object or area"
          },
          {
            "tranCn": "培植，饲养",
            "descOther": "英释",
            "descCn": "中释",
            "pos": "vt&vi",
            "tranOther": "to look after a person or animal until they are fully grown"
          }
        ]
      }
    }
  },
  "bookId": "IELTSluan_2"
}