{
  "wordRank": 1440,
  "headWord": "confirm",
  "content": {
    "word": {
      "wordHead": "confirm",
      "wordId": "IELTSluan_2_1440",
      "content": {
        "sentence": {
          "sentences": [
            {
              "sContent": "X-rays have confirmed that he has not broken any bones.",
              "sCn": "X光片已经证实他没有骨折。"
            }
          ],
          "desc": "例句"
        },
        "usphone": "kən'fɝm",
        "antos": {
          "anto": [
            {
              "hwd": "disprove"
            }
          ],
          "desc": "反义"
        },
        "ukspeech": "confirm&type=1",
        "star": 0,
        "usspeech": "confirm&type=2",
        "syno": {
          "synos": [
            {
              "pos": "vt",
              "tran": "确认；确定；证实；批准；使巩固",
              "hwds": [
                {
                  "w": "identify"
                },
                {
                  "w": "favor"
                },
                {
                  "w": "sustain"
                },
                {
                  "w": "validate"
                }
              ]
            }
          ],
          "desc": "同近"
        },
        "ukphone": "kən'fɜːm",
        "phrase": {
          "phrases": [
            {
              "pContent": "confirm in",
              "pCn": "v. 使更坚定"
            }
          ],
          "desc": "短语"
        },
        "phone": "kən'fə:m",
        "speech": "confirm",
        "remMethod": {
          "val": " con(表加强) + firm(坚固的) → 使更加坚固 → 证实； 肯定",
          "desc": "记忆"
        },
        "relWord": {
          "rels": [
            {
              "pos": "adj",
              "words": [
                {
                  "hwd": "confirmed",
                  "tran": " 确认的；保兑的；坚定的；惯常的"
                },
                {
                  "hwd": "confirmatory",
                  "tran": " 证实的；确定的"
                },
                {
                  "hwd": "confirmable",
                  "tran": " 可证实的；可确定的"
                }
              ]
            },
            {
              "pos": "n",
              "words": [
                {
                  "hwd": "confirmation",
                  "tran": " 确认；证实；证明；批准"
                }
              ]
            },
            {
              "pos": "v",
              "words": [
                {
                  "hwd": "confirmed",
                  "tran": " 确证；使坚定（confirm的过去分词）；批准"
                }
              ]
            }
          ],
          "desc": "同根"
        },
        "trans": [
          {
            "tranCn": "(权力)使巩固；认可(任命)",
            "descCn": "中释",
            "pos": "v"
          }
        ]
      }
    }
  },
  "bookId": "IELTSluan_2"
}