{
  "wordRank": 1441,
  "headWord": "scalpel",
  "content": {
    "word": {
      "wordHead": "scalpel",
      "wordId": "IELTSluan_2_1441",
      "content": {
        "sentence": {
          "sentences": [
            {
              "sContent": "I pointed with my scalpel to the chest cavity, where nothing but a black lump of coal squatted in the lipstick-red center.",
              "sContent_eng": "I pointed with my <b>scalpel</b> to the chest cavity, where nothing but a black lump of coal squatted in the lipstick-red center.",
              "sSpeech": "I+pointed+with+my+scalpel+to+the+chest+cavity%2C+where+nothing+but+a+black+lump+of+coal+squatted+in+the+lipstick-red+center.&le=eng",
              "sCn": "我用解剖刀指着她的胸腔，那里只有一团黑乎乎的煤块，伏在唇膏般红色的胸腔中部。"
            }
          ],
          "desc": "例句"
        },
        "usphone": "skæl'pɛl",
        "syno": {
          "synos": [
            {
              "pos": "n",
              "tran": "[医]解剖刀；外科手术刀",
              "hwds": [
                {
                  "w": "dissecting knife"
                }
              ]
            }
          ],
          "desc": "同近"
        },
        "ukphone": "'skælp(ə)l",
        "ukspeech": "scalpel&type=1",
        "star": 0,
        "phone": "'skælpəl, skæl'pel",
        "speech": "scalpel",
        "usspeech": "scalpel&type=2",
        "trans": [
          {
            "tranCn": "解剖刀，(外科用)小刀",
            "descOther": "英释",
            "descCn": "中释",
            "pos": "n",
            "tranOther": "a small, very sharp knife that is used by doctors in operations"
          }
        ]
      }
    }
  },
  "bookId": "IELTSluan_2"
}