{
  "wordRank": 1442,
  "headWord": "complexion",
  "content": {
    "word": {
      "wordHead": "complexion",
      "wordId": "IELTSluan_2_1442",
      "content": {
        "sentence": {
          "sentences": [
            {
              "sContent": "Drinking water is good for the complexion.",
              "sCn": "喝水让气色变好。"
            }
          ],
          "desc": "例句"
        },
        "usphone": "kəm'plɛkʃən",
        "syno": {
          "synos": [
            {
              "pos": "n",
              "tran": "肤色；面色；情况；局面",
              "hwds": [
                {
                  "w": "situation"
                },
                {
                  "w": "circumstance"
                },
                {
                  "w": "thing"
                },
                {
                  "w": "color"
                },
                {
                  "w": "case"
                }
              ]
            }
          ],
          "desc": "同近"
        },
        "ukphone": "kəm'plekʃ(ə)n",
        "ukspeech": "complexion&type=1",
        "star": 0,
        "phrase": {
          "phrases": [
            {
              "pContent": "sallow complexion",
              "pCn": "面色萎黄"
            }
          ],
          "desc": "短语"
        },
        "phone": "kəm'plekʃən",
        "speech": "complexion",
        "usspeech": "complexion&type=2",
        "trans": [
          {
            "tranCn": "肤色；情况；局面；气质",
            "descOther": "英释",
            "descCn": "中释",
            "pos": "n",
            "tranOther": "the natural colour or appearance of the skin on your face"
          }
        ]
      }
    }
  },
  "bookId": "IELTSluan_2"
}