{
  "wordRank": 1443,
  "headWord": "outcast",
  "content": {
    "word": {
      "wordHead": "outcast",
      "wordId": "IELTSluan_2_1443",
      "content": {
        "sentence": {
          "sentences": [
            {
              "sContent": "Smokers often feel as though they are being treated as social outcasts.",
              "sCn": "吸烟者常常觉得自己遭到社会排斥。"
            }
          ],
          "desc": "例句"
        },
        "usphone": "'aʊtkæst",
        "syno": {
          "synos": [
            {
              "pos": "n",
              "tran": "流浪的人；被驱逐的人",
              "hwds": [
                {
                  "w": "transportee"
                }
              ]
            },
            {
              "pos": "adj",
              "tran": "被遗弃的；无家可归的；被逐出的",
              "hwds": [
                {
                  "w": "homeless"
                },
                {
                  "w": "forlorn"
                }
              ]
            }
          ],
          "desc": "同近"
        },
        "ukphone": "'aʊtkɑːst",
        "ukspeech": "outcast&type=1",
        "star": 0,
        "phone": "'autkɑ:st, -kæst, ,aut'kɑ:st, -'kæst",
        "speech": "outcast",
        "usspeech": "outcast&type=2",
        "trans": [
          {
            "tranCn": "被遗弃的；被遗弃者，被逐出者",
            "descOther": "英释",
            "descCn": "中释",
            "pos": "a&n",
            "tranOther": "someone who is not accepted by the people they live among, or who has been forced out of their home"
          }
        ]
      }
    }
  },
  "bookId": "IELTSluan_2"
}