{
  "wordRank": 1444,
  "headWord": "prior",
  "content": {
    "word": {
      "wordHead": "prior",
      "wordId": "IELTSluan_2_1444",
      "content": {
        "sentence": {
          "sentences": [
            {
              "sContent": "You do not need any prior knowledge of the subject.",
              "sCn": "你无需事先具备该方面的知识。"
            },
            {
              "sContent": "Changes may not be made without the prior approval of the council.",
              "sCn": "未经委员会事先同意，不得作出改变。"
            },
            {
              "sContent": "Vegetarian meals are provided by prior agreement.",
              "sCn": "经事先协商可提供素食。"
            },
            {
              "sContent": "Some prior experience with the software is needed.",
              "sCn": "要求事先熟悉这个软件。"
            }
          ],
          "desc": "例句"
        },
        "usphone": "'praɪɚ",
        "ukspeech": "prior&type=1",
        "star": 0,
        "usspeech": "prior&type=2",
        "syno": {
          "synos": [
            {
              "pos": "adj",
              "tran": "[数]优先的；在先的，在前的",
              "hwds": [
                {
                  "w": "preferred"
                },
                {
                  "w": "underlying"
                }
              ]
            },
            {
              "pos": "adv",
              "tran": "在前，居先",
              "hwds": [
                {
                  "w": "before"
                },
                {
                  "w": "antecedently"
                }
              ]
            }
          ],
          "desc": "同近"
        },
        "ukphone": "'praɪə",
        "phrase": {
          "phrases": [
            {
              "pContent": "prior notice",
              "pCn": "事先通知；预先通报"
            },
            {
              "pContent": "prior art",
              "pCn": "先前技术"
            },
            {
              "pContent": "prior approval",
              "pCn": "事先批准；预先审批；事前批准；事前许可；预先核准"
            },
            {
              "pContent": "prior probability",
              "pCn": "先验概率，事前机率"
            },
            {
              "pContent": "prior period",
              "pCn": "前期；上期"
            },
            {
              "pContent": "prior condition",
              "pCn": "先决条件"
            }
          ],
          "desc": "短语"
        },
        "phone": "'praiə",
        "speech": "prior",
        "remMethod": {
          "val": " pri(第一) + or → 排在第一的 → 在前的， 优先的",
          "desc": "记忆"
        },
        "relWord": {
          "rels": [
            {
              "pos": "n",
              "words": [
                {
                  "hwd": "priority",
                  "tran": " 优先；优先权；[数] 优先次序；优先考虑的事"
                }
              ]
            },
            {
              "pos": "vi",
              "words": [
                {
                  "hwd": "prioritize",
                  "tran": " 把事情按优先顺序排好"
                }
              ]
            },
            {
              "pos": "vt",
              "words": [
                {
                  "hwd": "prioritize",
                  "tran": " 把…区分优先次序"
                }
              ]
            }
          ],
          "desc": "同根"
        },
        "trans": [
          {
            "tranCn": "较早的；更重要的",
            "descOther": "英释",
            "descCn": "中释",
            "pos": "adj",
            "tranOther": "existing or arranged before something else or before the present situation"
          }
        ]
      }
    }
  },
  "bookId": "IELTSluan_2"
}