{
  "wordRank": 1445,
  "headWord": "pimple",
  "content": {
    "word": {
      "wordHead": "pimple",
      "wordId": "IELTSluan_2_1445",
      "content": {
        "sentence": {
          "sentences": [
            {
              "sContent": "Belushi imitates a giant pimple by squeezing his cheeks and spewing chewed food out of his mouth.",
              "sContent_eng": "Belushi imitates a giant <b>pimple</b> by squeezing his cheeks and spewing chewed food out of his mouth.",
              "sSpeech": "Belushi+imitates+a+giant+pimple+by+squeezing+his+cheeks+and+spewing+chewed+food+out+of+his+mouth.&le=eng",
              "sCn": "我们在等候某个毕业生领文凭的同时，可以欣赏像《动物屋》这样与学校有关的经典电影的片断：约翰-贝鲁西模仿一个脸上长满丘疹的巨人，双手挤着脸，从嘴里喷出嚼过的东西。"
            }
          ],
          "desc": "例句"
        },
        "usphone": "'pɪmpl",
        "syno": {
          "synos": [
            {
              "pos": "n",
              "tran": "疙瘩；[医]丘疹；面疱",
              "hwds": [
                {
                  "w": "papule"
                },
                {
                  "w": "knot"
                }
              ]
            }
          ],
          "desc": "同近"
        },
        "ukphone": "'pɪmp(ə)l",
        "ukspeech": "pimple&type=1",
        "star": 0,
        "phone": "'pimpl",
        "speech": "pimple",
        "relWord": {
          "rels": [
            {
              "pos": "adj",
              "words": [
                {
                  "hwd": "pimply",
                  "tran": " 肿泡的；有丘疹的；有疙瘩的"
                }
              ]
            }
          ],
          "desc": "同根"
        },
        "usspeech": "pimple&type=2",
        "trans": [
          {
            "tranCn": "丘疹，脓疱",
            "descOther": "英释",
            "descCn": "中释",
            "pos": "n",
            "tranOther": "a small raised red spot on your skin, especially on your face"
          }
        ]
      }
    }
  },
  "bookId": "IELTSluan_2"
}