{
  "wordRank": 1446,
  "headWord": "theft",
  "content": {
    "word": {
      "wordHead": "theft",
      "wordId": "IELTSluan_2_1446",
      "content": {
        "sentence": {
          "sentences": [
            {
              "sContent": "Car theft is on the increase.",
              "sCn": "汽车盗窃案在上升。"
            },
            {
              "sContent": "an arrest for petty theft",
              "sCn": "以小偷小摸罪名逮捕"
            },
            {
              "sContent": "Three men were charged with attempted theft .",
              "sCn": "三名男子被指控企图行窃。"
            }
          ],
          "desc": "例句"
        },
        "usphone": "θɛft",
        "syno": {
          "synos": [
            {
              "pos": "n",
              "tran": "[法]盗窃；偷；赃物",
              "hwds": [
                {
                  "w": "ripoff"
                },
                {
                  "w": "robbery"
                }
              ]
            }
          ],
          "desc": "同近"
        },
        "ukphone": "θeft",
        "ukspeech": "theft&type=1",
        "star": 0,
        "phrase": {
          "phrases": [
            {
              "pContent": "identity theft",
              "pCn": "身份盗窃，身份盗用"
            },
            {
              "pContent": "guard against theft",
              "pCn": "防盗"
            },
            {
              "pContent": "grand theft",
              "pCn": "重偷窃罪"
            },
            {
              "pContent": "auto theft",
              "pCn": "汽车偷窃"
            }
          ],
          "desc": "短语"
        },
        "phone": "θeft",
        "speech": "theft",
        "usspeech": "theft&type=2",
        "trans": [
          {
            "tranCn": "偷盗",
            "descOther": "英释",
            "descCn": "中释",
            "pos": "n",
            "tranOther": "the crime of stealing"
          }
        ]
      }
    }
  },
  "bookId": "IELTSluan_2"
}