{
  "wordRank": 1447,
  "headWord": "compose",
  "content": {
    "word": {
      "wordHead": "compose",
      "wordId": "IELTSluan_2_1447",
      "content": {
        "sentence": {
          "sentences": [
            {
              "sContent": "Barrington has composed the music for a new production of ‘A Midsummer Night’s Dream’.",
              "sCn": "巴林顿为新版的《仲夏夜之梦》谱了曲。"
            }
          ],
          "desc": "例句"
        },
        "usphone": "kəm'poz",
        "ukspeech": "compose&type=1",
        "star": 0,
        "usspeech": "compose&type=2",
        "syno": {
          "synos": [
            {
              "pos": "vt",
              "tran": "构成；写作；使平静；排…的版",
              "hwds": [
                {
                  "w": "constitute"
                },
                {
                  "w": "form"
                },
                {
                  "w": "structure"
                },
                {
                  "w": "calm"
                }
              ]
            },
            {
              "pos": "vi",
              "tran": "组成；作曲；排字",
              "hwds": [
                {
                  "w": "write"
                },
                {
                  "w": "consist"
                },
                {
                  "w": "make up"
                }
              ]
            }
          ],
          "desc": "同近"
        },
        "ukphone": "kəm'pəʊz",
        "phrase": {
          "phrases": [
            {
              "pContent": "compose oneself",
              "pCn": "镇静"
            },
            {
              "pContent": "compose of",
              "pCn": "由…组成"
            }
          ],
          "desc": "短语"
        },
        "phone": "kəm'pəuz",
        "speech": "compose",
        "remMethod": {
          "val": " com(共同) + pos(放) + e → 放到一起 → 组成， 构成",
          "desc": "记忆"
        },
        "relWord": {
          "rels": [
            {
              "pos": "adj",
              "words": [
                {
                  "hwd": "composite",
                  "tran": " 复合的；合成的；菊科的"
                },
                {
                  "hwd": "composed",
                  "tran": " 镇静的；沉着的"
                },
                {
                  "hwd": "composing",
                  "tran": " 起镇静作用的"
                },
                {
                  "hwd": "compositional",
                  "tran": " 组成的；创作的；作曲的"
                }
              ]
            },
            {
              "pos": "n",
              "words": [
                {
                  "hwd": "composition",
                  "tran": " 作文，作曲；[材] 构成；合成物"
                },
                {
                  "hwd": "composite",
                  "tran": " 复合材料；合成物；菊科"
                },
                {
                  "hwd": "composer",
                  "tran": " 作曲家；作家，著作者；设计者"
                },
                {
                  "hwd": "composure",
                  "tran": " 镇静；沉着"
                },
                {
                  "hwd": "composing",
                  "tran": " 组成；[印刷] 排字"
                },
                {
                  "hwd": "compositor",
                  "tran": " [印刷] 排字工人"
                }
              ]
            },
            {
              "pos": "v",
              "words": [
                {
                  "hwd": "composed",
                  "tran": " 组成；作曲（compose的过去分词）；著作"
                },
                {
                  "hwd": "composing",
                  "tran": " 组成；写作（compose的ing形式）"
                }
              ]
            },
            {
              "pos": "vt",
              "words": [
                {
                  "hwd": "composite",
                  "tran": " 使合成；使混合"
                }
              ]
            }
          ],
          "desc": "同根"
        },
        "trans": [
          {
            "tranCn": "组成，构成；创作；排字；使安静",
            "descOther": "英释",
            "descCn": "中释",
            "pos": "v",
            "tranOther": "to write a piece of music"
          }
        ]
      }
    }
  },
  "bookId": "IELTSluan_2"
}