{
  "wordRank": 1448,
  "headWord": "infect",
  "content": {
    "word": {
      "wordHead": "infect",
      "wordId": "IELTSluan_2_1448",
      "content": {
        "sentence": {
          "sentences": [
            {
              "sContent": "People with the virus may feel perfectly well, but they can still infect others.",
              "sCn": "带有这种病毒的人可能毫无症状，却仍可能传染他人。"
            }
          ],
          "desc": "例句"
        },
        "usphone": "ɪn'fɛkt",
        "syno": {
          "synos": [
            {
              "pos": "vt",
              "tran": "[医]感染，传染",
              "hwds": [
                {
                  "w": "affect"
                },
                {
                  "w": "contract"
                },
                {
                  "w": "catch"
                },
                {
                  "w": "disease"
                },
                {
                  "w": "communicate"
                }
              ]
            }
          ],
          "desc": "同近"
        },
        "ukphone": "ɪn'fekt",
        "ukspeech": "infect&type=1",
        "star": 0,
        "phone": "in'fekt",
        "speech": "infect",
        "relWord": {
          "rels": [
            {
              "pos": "adj",
              "words": [
                {
                  "hwd": "infectious",
                  "tran": " 传染的；传染性的；易传染的"
                },
                {
                  "hwd": "infected",
                  "tran": " 被感染的"
                },
                {
                  "hwd": "infective",
                  "tran": " 有传染性的，感染别人的"
                }
              ]
            },
            {
              "pos": "n",
              "words": [
                {
                  "hwd": "infection",
                  "tran": " 感染；传染；影响；传染病"
                }
              ]
            },
            {
              "pos": "v",
              "words": [
                {
                  "hwd": "infected",
                  "tran": " 传染（infect的过去分词）"
                }
              ]
            }
          ],
          "desc": "同根"
        },
        "usspeech": "infect&type=2",
        "trans": [
          {
            "tranCn": "传染，受影响，受感染",
            "descOther": "英释",
            "descCn": "中释",
            "pos": "v",
            "tranOther": "to give someone a disease"
          }
        ]
      }
    }
  },
  "bookId": "IELTSluan_2"
}